student_id,student_name,study_hours,attendance,sleep_hours,internet_usage,assignments_completed,previous_score
1,Aarav Pawar,1,68,7.8,1.3,3,82
2,Aditi Khan,8,81,5.8,2.7,2,89
3,Aditya Kale,7,87,5.1,5.2,5,63
4,Akash Gaikwad,5,70,6.2,3.9,3,69
5,Akshay Desai,5,91,5.6,5.5,7,88
6,Aman Dhumal,9,86,6.6,5.1,5,79
7,Amit Malik,1,66,8.9,6.5,10,93
8,Ananya Ingale,7,98,5.7,1.5,3,94
9,Aniket Singh,3,61,6.3,4.1,4,44
10,Anjali Shinde,1,86,7.9,7,8,53
11,Arjun Naik,6,78,7,3.5,8,79
12,Aryan Kadam,10,86,5.2,4.5,5,45
13,Ashish Lokhande,8,91,5.6,1.2,10,44
14,Ayush Roy,8,88,8.7,2.6,9,47
15,Bhavna Borkar,8,86,5.4,4.2,7,44
16,Chetan Gupta,8,94,7.5,3.8,8,77
17,Deepak Chavan,6,88,8.2,6,6,55
18,Deepika Thakur,2,93,6.1,5.3,6,92
19,Dhruv Gawande,9,76,7.9,7.2,6,45
20,Divya Salve,5,68,5.7,7,9,65
21,Gaurav Das,6,69,6.1,2.7,2,77
22,Isha Mane,4,85,6.2,1.1,2,60
23,Karan Joshi,2,81,9,7,6,80
24,Kavya More,10,63,5.9,3.3,7,87
25,Kiran Raut,8,68,5.5,3.4,3,75
26,Kunal Sawant,7,99,8.7,2.1,7,73
27,Manish Rathod,5,89,5.6,5.9,2,72
28,Meera Iyer,9,90,8.5,3,4,95
29,Mohit Pandey,6,68,7.6,2.2,6,83
30,Neha Verma,5,62,7.3,4.5,2,43
31,Nikhil Kulkarni,5,71,8,6.3,7,83
32,Nisha Agrawal,3,95,7.9,2.9,6,49
33,Pallavi Suryawanshi,1,80,5.4,6.1,7,88
34,Pankaj Chaudhary,6,92,9,4.2,6,58
35,Pooja Reddy,9,79,8.8,3.8,8,78
36,Prakash Dubey,1,80,8.6,3.5,7,81
37,Priya Patil,9,84,7.5,2,7,59
38,Rahul Deshmukh,9,99,7.1,3.3,3,93
39,Raj Mehta,3,77,7.1,7.2,8,69
40,Rakesh Wagh,7,84,5.1,1.7,3,63
41,Riya Yadav,2,97,7,7.7,2,67
42,Rohan Nair,8,75,7.5,1.8,10,57
43,Rohit Saxena,8,94,7.6,3.5,3,46
44,Sachin Sharma,4,81,6.3,5.2,3,94
45,Sakshi Jadhav,1,96,6.9,6.9,4,85
46,Sameer Mishra,10,79,7.5,2,10,85
47,Sana Bhosale,5,85,6.7,2,9,91
48,Sanjay Tiwari,9,73,8.8,5.4,8,74
49,Sanya Pande,7,86,7.8,3,3,95
50,Shivam Kapoor,8,73,5,5.5,7,95
51,Shraddha Pawar,8,84,5.1,6.7,9,53
52,Shreya Khan,2,92,7.8,1.5,5,64
53,Sneha Kale,4,77,6.7,6.9,4,45
54,Sonali Gaikwad,5,77,8.4,1.3,9,79
55,Sonal Desai,5,73,5.7,7.3,3,46
56,Sourabh Dhumal,1,89,5.1,7.8,10,82
57,Tanmay Malik,6,84,6.6,5.7,6,85
58,Tanya Ingale,2,81,7.9,7.9,8,63
59,Varun Singh,8,61,8.9,6.8,5,75
60,Vikas Shinde,7,64,8.5,1.3,8,93
61,Vijay Naik,10,60,6.9,1,10,82
62,Vishal Kadam,8,94,8.3,1.1,6,64
63,Yash Lokhande,4,94,5.3,4.2,3,90
64,Yogesh Roy,10,62,7.3,5.4,2,42
65,Zoya Borkar,5,61,8.7,4.4,10,52
66,Aarav Gupta,4,92,6.6,5.7,10,58
67,Aditi Chavan,10,81,8.8,4.1,7,60
68,Aditya Thakur,4,72,5.9,1.3,2,77
69,Akash Gawande,1,85,5.4,2.6,9,84
70,Akshay Salve,5,69,7.1,7.9,6,42
71,Aman Das,8,68,8.6,3.4,4,54
72,Amit Mane,2,75,6.2,3.3,5,85
73,Ananya Joshi,5,96,8.2,2.1,10,68
74,Aniket More,2,91,5.7,7.9,8,57
75,Anjali Raut,7,67,8,2.6,7,64
76,Arjun Sawant,5,83,7.2,5.5,8,73
77,Aryan Rathod,4,96,5.7,1.3,9,73
78,Ashish Iyer,3,99,7.9,1.5,7,86
79,Ayush Pandey,6,91,7.9,6,4,95
80,Bhavna Verma,7,65,7.1,5.4,2,85
81,Chetan Kulkarni,10,69,5.9,5.8,3,45
82,Deepak Agrawal,5,68,5.5,2.6,4,63
83,Deepika Suryawanshi,2,66,8.8,7.9,8,67
84,Dhruv Chaudhary,9,67,7.6,4.9,2,75
85,Divya Reddy,7,72,8.2,7.8,3,93
86,Gaurav Dubey,8,82,7.8,2.1,10,65
87,Isha Patil,1,76,8.3,3.8,5,59
88,Karan Deshmukh,4,77,5.6,3.3,3,90
89,Kavya Mehta,8,70,7,6.3,9,81
90,Kiran Wagh,9,66,7.7,6.2,10,65
91,Kunal Yadav,5,100,5.4,4.4,6,92
92,Manish Nair,9,84,5.6,1.1,3,56
93,Meera Saxena,9,69,7.5,2.2,7,53
94,Mohit Sharma,4,93,8.5,1.4,9,41
95,Neha Jadhav,9,94,7.6,6.9,10,44
96,Nikhil Mishra,3,99,5.1,3,7,88
97,Nisha Bhosale,3,66,8.9,1.8,10,44
98,Pallavi Tiwari,7,86,5.6,3.5,9,82
99,Pankaj Pande,7,100,5.9,1.5,3,44
100,Pooja Kapoor,2,93,8.9,7.9,7,52
101,Prakash Pawar,9,69,8.1,3.2,7,59
102,Priya Khan,2,96,8.7,7.5,8,52
103,Rahul Kale,9,77,8.2,5.8,6,47
104,Raj Gaikwad,1,80,7.6,5,8,95
105,Rakesh Desai,8,82,6.1,4.3,7,62
106,Riya Dhumal,8,91,6.3,5.8,4,63
107,Rohan Malik,8,64,8.8,5.8,6,82
108,Rohit Ingale,7,82,8.4,1.1,10,91
109,Sachin Singh,5,93,6.4,7.4,9,56
110,Sakshi Shinde,8,82,6.5,3.6,7,65
111,Sameer Naik,3,71,6.2,3.5,4,66
112,Sana Kadam,8,62,6.3,3.8,3,54
113,Sanjay Lokhande,6,82,8.4,5.8,4,47
114,Sanya Roy,5,88,5,3.6,4,91
115,Shivam Borkar,6,82,6.7,3.6,10,79
116,Shraddha Gupta,6,100,8.8,1.4,6,78
117,Shreya Chavan,1,84,7.2,3.9,5,57
118,Sneha Thakur,2,80,6.8,2,9,76
119,Sonali Gawande,3,62,6.2,7,5,47
120,Sonal Salve,2,82,5.3,3.3,9,46
121,Sourabh Das,5,66,5.9,7.7,7,93
122,Tanmay Mane,7,89,5.4,5.8,4,52
123,Tanya Joshi,7,66,5.5,6.3,10,83
124,Varun More,5,97,5.7,7.6,8,55
125,Vikas Raut,9,72,6.2,2.7,10,76
126,Vijay Sawant,6,77,5,5,2,74
127,Vishal Rathod,1,65,8.8,1.3,4,80
128,Yash Iyer,8,68,5.5,1.7,4,93
129,Yogesh Pandey,6,97,6.5,3.6,8,63
130,Zoya Verma,7,71,8.5,5.8,9,88
131,Aarav Kulkarni,6,81,5.4,6.8,3,56
132,Aditi Agrawal,6,100,6.9,2.8,3,93
133,Aditya Suryawanshi,1,85,8.4,6.2,8,67
134,Akash Chaudhary,6,61,7.2,2.6,5,87
135,Akshay Reddy,8,74,5.8,1,8,86
136,Aman Dubey,4,75,7.9,1.4,2,75
137,Amit Patil,7,71,7.7,5.1,6,93
138,Ananya Deshmukh,1,69,6.4,4.5,2,77
139,Aniket Mehta,4,80,5.2,2.9,10,73
140,Anjali Wagh,5,75,5,1,3,54
141,Arjun Yadav,10,72,8.3,5,3,61
142,Aryan Nair,3,76,6.3,6.7,2,40
143,Ashish Saxena,3,74,5.6,1.5,3,80
144,Ayush Sharma,5,69,7.1,6.2,6,73
145,Bhavna Jadhav,10,78,8.7,5.4,7,79
146,Chetan Mishra,9,98,5,4.4,10,75
147,Deepak Bhosale,1,80,5.2,1.3,9,53
148,Deepika Tiwari,3,84,6.7,7.5,2,95
149,Dhruv Pande,9,100,7.7,4.3,5,64
150,Divya Kapoor,1,85,6.9,3.8,9,79
151,Gaurav Pawar,9,69,8.6,7,3,47
152,Isha Khan,3,76,5.2,6.9,8,73
153,Karan Kale,10,80,6.4,6.1,5,62
154,Kavya Gaikwad,3,79,6.4,6.8,3,91
155,Kiran Desai,5,66,6.4,1.9,2,82
156,Kunal Dhumal,7,64,7,6.3,4,92
157,Manish Malik,2,74,8.2,3.3,2,57
158,Meera Ingale,6,97,6.3,7.1,3,76
159,Mohit Singh,6,89,8,3.6,6,75
160,Neha Shinde,8,94,5.6,1.4,9,54
161,Nikhil Naik,10,67,7.2,3.9,6,58
162,Nisha Kadam,7,76,6.5,6.3,8,77
163,Pallavi Lokhande,5,83,7.2,4.5,2,48
164,Pankaj Roy,5,77,5.4,6.3,4,62
165,Pooja Borkar,5,77,8.8,1.2,7,81
166,Prakash Gupta,9,74,8.6,2.2,2,87
167,Priya Chavan,4,62,8.3,4.9,7,73
168,Rahul Thakur,2,95,8.6,3.7,3,77
169,Raj Gawande,4,98,5.6,5.8,5,86
170,Rakesh Salve,1,63,7,7.7,7,52
171,Riya Das,2,76,6.3,5.6,10,78
172,Rohan Mane,1,81,8.5,3.9,2,81
173,Rohit Joshi,8,92,5.8,4.8,6,85
174,Sachin More,8,100,5.9,7.4,6,74
175,Sakshi Raut,7,77,7.7,5.7,2,48
176,Sameer Sawant,5,90,5.4,6.6,7,42
177,Sana Rathod,8,98,7.9,3.1,2,74
178,Sanjay Iyer,2,94,6.1,6.2,8,55
179,Sanya Pandey,10,71,7.6,2,3,60
180,Shivam Verma,6,93,8.5,6.2,3,65
181,Shraddha Kulkarni,10,76,7.4,7.2,2,81
182,Shreya Agrawal,2,60,5.9,7.3,6,59
183,Sneha Suryawanshi,5,91,5.2,1.8,4,72
184,Sonali Chaudhary,7,94,5.2,6.8,6,67
185,Sonal Reddy,5,74,5.4,1.8,10,43
186,Sourabh Dubey,5,78,7.3,4.3,9,78
187,Tanmay Patil,2,74,6.4,5.8,8,69
188,Tanya Deshmukh,4,64,6,4.4,6,52
189,Varun Mehta,3,100,5.9,3.4,3,81
190,Vikas Wagh,4,60,8.8,5.8,5,45
191,Vijay Yadav,7,82,5.5,5.6,2,54
192,Vishal Nair,7,60,6.2,5.1,3,53
193,Yash Saxena,7,88,6.9,4.7,4,76
194,Yogesh Sharma,4,96,5,5.9,8,95
195,Zoya Jadhav,10,86,8.7,3.8,9,87
196,Aarav Mishra,1,84,5.4,1.5,7,47
197,Aditi Bhosale,4,93,7.7,4.8,4,43
198,Aditya Tiwari,2,99,7.5,6.1,8,84
199,Akash Pande,4,95,8.2,3.1,10,72
200,Akshay Kapoor,10,69,7.6,2,7,60
201,Aman Pawar,4,83,8.1,7.4,8,89
202,Amit Khan,10,93,6.7,7,9,49
203,Ananya Kale,5,72,7,5.3,8,47
204,Aniket Gaikwad,7,87,7.8,6.5,9,67
205,Anjali Desai,5,60,7.3,7.8,4,55
206,Arjun Dhumal,3,95,7,5,4,53
207,Aryan Malik,8,85,5.8,2.7,3,75
208,Ashish Ingale,10,90,6,5.5,3,57
209,Ayush Singh,3,93,6.4,7.4,6,72
210,Bhavna Shinde,8,68,5,5.8,10,71
211,Chetan Naik,3,78,6.7,1.2,3,84
212,Deepak Kadam,8,95,5,7.4,8,94
213,Deepika Lokhande,8,66,7.3,6.3,2,75
214,Dhruv Roy,5,93,7.8,3.8,10,56
215,Divya Borkar,8,71,7.2,7.9,6,72
216,Gaurav Gupta,3,83,7.8,6.1,6,67
217,Isha Chavan,1,80,5,6.8,5,65
218,Karan Thakur,1,88,5.2,7.6,10,59
219,Kavya Gawande,5,94,7.8,1.3,5,44
220,Kiran Salve,10,74,8.2,6.4,3,53
221,Kunal Das,2,67,7.9,3.7,7,73
222,Manish Mane,5,77,7.7,7.1,7,43
223,Meera Joshi,8,85,7.8,7.2,8,48
224,Mohit More,3,90,8,6.8,6,71
225,Neha Raut,8,90,7.9,6.5,4,95
226,Nikhil Sawant,4,73,8,6.6,2,49
227,Nisha Rathod,9,98,5.3,3.1,10,44
228,Pallavi Iyer,6,63,5.3,3.8,3,59
229,Pankaj Pandey,6,64,6.4,1.8,5,44
230,Pooja Verma,2,61,7.1,6.8,3,90
231,Prakash Kulkarni,5,97,8.1,5.5,4,84
232,Priya Agrawal,9,67,6.3,5.3,2,46
233,Rahul Suryawanshi,1,84,6.1,2.7,5,45
234,Raj Chaudhary,8,93,8.1,5.3,10,70
235,Rakesh Reddy,5,91,6,4.2,4,62
236,Riya Dubey,8,98,8.3,8,10,78
237,Rohan Patil,7,62,5.7,7,7,91
238,Rohit Deshmukh,5,76,6.4,4.7,10,58
239,Sachin Mehta,4,80,6.6,6.7,7,84
240,Sakshi Wagh,7,88,6.2,2.2,10,58
241,Sameer Yadav,2,85,5,1.7,6,53
242,Sana Nair,6,82,5.9,5.4,9,94
243,Sanjay Saxena,1,72,6.4,6.1,2,54
244,Sanya Sharma,7,64,6.3,1.4,10,48
245,Shivam Jadhav,7,77,8.1,2.4,2,73
246,Shraddha Mishra,1,70,5.2,4.8,3,73
247,Shreya Bhosale,8,82,6.6,1.4,8,67
248,Sneha Tiwari,5,92,5.2,4,4,44
249,Sonali Pande,8,82,8.7,4.4,2,46
250,Sonal Kapoor,1,83,8.2,7.5,9,82
251,Sourabh Pawar,2,61,8.9,3.2,6,48
252,Tanmay Khan,5,86,8.6,2.2,6,55
253,Tanya Kale,2,78,6.3,1.1,4,84
254,Varun Gaikwad,4,65,7.8,1.9,8,58
255,Vikas Desai,7,68,6.2,6.3,4,59
256,Vijay Dhumal,2,92,8.6,4.1,7,91
257,Vishal Malik,7,97,6.6,2.4,3,84
258,Yash Ingale,2,80,6.5,7.5,4,79
259,Yogesh Singh,2,100,8.7,6.5,2,50
260,Zoya Shinde,6,67,8.3,1.8,4,55
261,Aarav Naik,8,72,8.9,2.9,5,73
262,Aditi Kadam,2,98,5.3,6.9,8,86
263,Aditya Lokhande,3,67,6,5.8,9,68
264,Akash Roy,10,87,6.2,7.6,6,81
265,Akshay Borkar,10,68,6.7,1.5,10,58
266,Aman Gupta,6,73,6.9,6.4,5,60
267,Amit Chavan,5,79,6.2,1.5,6,74
268,Ananya Thakur,4,74,8.2,3.4,7,71
269,Aniket Gawande,7,95,5.9,6.3,3,46
270,Anjali Salve,6,99,7.8,6,5,61
271,Arjun Das,3,80,8.4,1,10,87
272,Aryan Mane,1,81,7.4,2.4,6,69
273,Ashish Joshi,2,62,6.4,6.5,10,81
274,Ayush More,10,69,5.8,1.9,8,86
275,Bhavna Raut,5,61,5.5,3.3,3,56
276,Chetan Sawant,5,95,8,2.3,6,53
277,Deepak Rathod,5,69,6.9,1.8,5,72
278,Deepika Iyer,8,73,5.2,6.9,10,66
279,Dhruv Pandey,1,94,8.9,1.4,5,90
280,Divya Verma,1,89,7.7,4.8,6,50
281,Gaurav Kulkarni,3,85,8.4,5.8,8,63
282,Isha Agrawal,5,61,6.8,1.4,10,42
283,Karan Suryawanshi,7,83,8.8,5.4,6,60
284,Kavya Chaudhary,5,82,5.8,3.3,9,72
285,Kiran Reddy,5,73,5.7,6.8,3,84
286,Kunal Dubey,10,90,8.6,6.6,10,87
287,Manish Patil,2,98,8.6,6.6,3,40
288,Meera Deshmukh,6,70,7,3.8,8,88
289,Mohit Mehta,6,73,5.5,6.8,6,78
290,Neha Wagh,5,73,6.2,5.4,7,51
291,Nikhil Yadav,9,94,8,3.7,2,52
292,Nisha Nair,3,63,8.4,1.6,6,83
293,Pallavi Saxena,10,96,6.4,1.5,2,78
294,Pankaj Sharma,4,91,5.2,2.8,6,51
295,Pooja Jadhav,6,79,7.7,3.1,5,64
296,Prakash Mishra,6,83,8,7.5,3,88
297,Priya Bhosale,9,96,6.7,8,6,41
298,Rahul Tiwari,5,91,7.3,2,3,68
299,Raj Pande,3,71,8.9,7.6,2,88
300,Rakesh Kapoor,1,62,6,5.9,2,40
301,Riya Pawar,4,86,7.3,4.5,5,70
302,Rohan Khan,9,65,7.4,7.7,8,71
303,Rohit Kale,1,63,7.2,6,7,57
304,Sachin Gaikwad,9,100,8.5,5.2,3,70
305,Sakshi Desai,6,79,7.4,2.5,5,79
306,Sameer Dhumal,2,86,7,2.7,7,55
307,Sana Malik,4,68,5.5,7.4,4,67
308,Sanjay Ingale,6,64,7.8,2.5,3,70
309,Sanya Singh,4,62,5.5,1.2,4,41
310,Shivam Shinde,2,74,5.1,2.9,2,51
311,Shraddha Naik,7,60,7,4.4,4,76
312,Shreya Kadam,7,77,7.3,3.7,6,67
313,Sneha Lokhande,2,73,9,7.6,9,94
314,Sonali Roy,3,81,7.8,3.9,9,87
315,Sonal Borkar,3,84,8.4,7.2,8,52
316,Sourabh Gupta,7,72,6.4,5.2,5,95
317,Tanmay Chavan,8,78,7,4.7,10,88
318,Tanya Thakur,8,63,8.9,2.1,10,63
319,Varun Gawande,10,72,6.7,2.9,5,74
320,Vikas Salve,8,100,8.2,7.1,2,55
321,Vijay Das,4,100,7.1,6.5,5,44
322,Vishal Mane,2,79,5.9,4.1,6,53
323,Yash Joshi,7,98,7.3,7.4,8,80
324,Yogesh More,10,80,5.9,6.7,3,71
325,Zoya Raut,10,65,5,1.8,6,64
326,Aarav Sawant,3,95,5.9,5.2,4,66
327,Aditi Rathod,3,77,5.8,6.6,6,84
328,Aditya Iyer,1,85,6.5,6.7,2,78
329,Akash Pandey,2,86,8.6,1.6,6,75
330,Akshay Verma,6,72,6.6,2.6,2,68
331,Aman Kulkarni,6,90,8.4,3.9,9,40
332,Amit Agrawal,4,80,7.2,2.8,8,58
333,Ananya Suryawanshi,4,75,5,1.8,10,47
334,Aniket Chaudhary,9,72,5.8,5.4,7,83
335,Anjali Reddy,5,90,8.7,4.6,10,59
336,Arjun Dubey,9,70,7.4,2.1,3,53
337,Aryan Patil,10,65,8.7,5.1,2,66
338,Ashish Deshmukh,4,96,6.2,1.4,10,66
339,Ayush Mehta,3,73,7.9,3.7,7,92
340,Bhavna Wagh,10,86,8.1,6.5,8,50
341,Chetan Yadav,7,89,8.9,7.2,4,86
342,Deepak Nair,3,94,5.1,2.7,5,52
343,Deepika Saxena,7,85,8.8,7,8,84
344,Dhruv Sharma,6,89,6.6,7.2,5,70
345,Divya Jadhav,10,94,8.4,5.2,2,70
346,Gaurav Mishra,3,98,7.2,7.9,4,79
347,Isha Bhosale,10,61,7.3,2.7,5,45
348,Karan Tiwari,10,90,6.4,1.5,9,84
349,Kavya Pande,2,67,8.3,6.9,5,81
350,Kiran Kapoor,2,96,6.1,4.4,6,51
351,Kunal Pawar,6,61,7,3.4,7,44
352,Manish Khan,1,70,7.2,1.4,3,80
353,Meera Kale,3,67,8,1.5,7,45
354,Mohit Gaikwad,5,84,6.9,1.6,3,72
355,Neha Desai,10,60,7.7,2.3,9,54
356,Nikhil Dhumal,10,60,6.9,7.8,4,80
357,Nisha Malik,2,80,7.6,3,4,91
358,Pallavi Ingale,9,99,7.7,6.7,5,87
359,Pankaj Singh,1,81,7.8,1.1,5,81
360,Pooja Shinde,8,78,8.3,3.3,7,75
361,Prakash Naik,9,86,7.2,7.3,8,44
362,Priya Kadam,9,82,5.8,2.3,10,93
363,Rahul Lokhande,3,75,7.7,3,9,91
364,Raj Roy,9,84,5.3,6.8,4,43
365,Rakesh Borkar,2,60,5.9,1.8,7,83
366,Riya Gupta,6,70,8.2,1.4,4,45
367,Rohan Chavan,5,87,6.7,7.8,9,73
368,Rohit Thakur,4,74,7,3.8,2,53
369,Sachin Gawande,1,62,8.9,5.6,10,47
370,Sakshi Salve,8,65,5.9,1.9,5,52
371,Sameer Das,4,95,5.1,2.5,8,57
372,Sana Mane,7,73,5.4,4.2,8,59
373,Sanjay Joshi,5,60,6,5.7,5,56
374,Sanya More,4,89,7.9,3.1,10,65
375,Shivam Raut,9,81,8.1,7.2,4,75
376,Shraddha Sawant,1,78,7.3,6.5,8,65
377,Shreya Rathod,8,96,6,4.9,10,72
378,Sneha Iyer,8,72,7.1,4.2,3,61
379,Sonali Pandey,4,83,5.1,5.3,10,55
380,Sonal Verma,3,90,7.7,6.1,10,48
381,Sourabh Kulkarni,1,84,7.5,1.9,5,57
382,Tanmay Agrawal,10,68,5.1,7,9,50
383,Tanya Suryawanshi,10,87,8.3,4.4,2,69
384,Varun Chaudhary,3,90,8.1,7.5,3,76
385,Vikas Reddy,1,65,6.2,7.7,8,87
386,Vijay Dubey,2,66,7.5,1.2,10,56
387,Vishal Patil,1,87,7.4,3.7,3,47
388,Yash Deshmukh,9,64,5.6,4.7,8,85
389,Yogesh Mehta,9,96,5.8,4.8,2,80
390,Zoya Wagh,2,64,7.7,6.8,9,57
391,Aarav Yadav,8,99,8.7,2,10,95
392,Aditi Nair,2,87,7.3,5.4,6,75
393,Aditya Saxena,4,78,7.3,7.6,2,81
394,Akash Sharma,6,71,7.6,8,3,59
395,Akshay Jadhav,8,74,6.8,1.1,6,64
396,Aman Mishra,9,90,5.2,7.8,9,59
397,Amit Bhosale,1,90,6.6,1.9,6,80
398,Ananya Tiwari,2,68,8.6,4.8,6,85
399,Aniket Pande,3,82,8.2,2.7,7,88
400,Anjali Kapoor,4,100,8.7,5.2,10,58
401,Arjun Pawar,10,70,5.6,1.3,9,83
402,Aryan Khan,8,88,7,2.7,3,78
403,Ashish Kale,4,67,7.3,3.1,3,40
404,Ayush Gaikwad,10,94,5.8,7.4,5,84
405,Bhavna Desai,5,66,5.8,5.1,4,47
406,Chetan Dhumal,6,72,8.1,6,8,47
407,Deepak Malik,5,78,7.7,5.7,10,45
408,Deepika Ingale,2,75,7.6,3.7,7,70
409,Dhruv Singh,10,66,6.1,1.1,10,41
410,Divya Shinde,1,86,7,1.7,5,68
411,Gaurav Naik,2,60,5.1,4.2,8,80
412,Isha Kadam,3,100,5.5,7.6,8,69
413,Karan Lokhande,3,62,7.1,2.7,4,54
414,Kavya Roy,2,73,6.2,5.9,8,58
415,Kiran Borkar,1,98,8.9,6.8,6,80
416,Kunal Gupta,7,66,6.9,7.3,7,59
417,Manish Chavan,10,62,5.3,3.1,4,77
418,Meera Thakur,2,90,5.1,7.5,4,78
419,Mohit Gawande,3,63,7.9,5.3,9,69
420,Neha Salve,6,96,5.7,4.6,7,60
421,Nikhil Das,10,78,5.8,6.4,3,43
422,Nisha Mane,7,95,6.7,2.7,6,81
423,Pallavi Joshi,8,70,6.1,6.7,7,57
424,Pankaj More,6,65,7.5,5.5,9,65
425,Pooja Raut,5,99,6.9,6.6,9,41
426,Prakash Sawant,2,91,5.4,7,7,81
427,Priya Rathod,9,97,8.1,5.3,2,90
428,Rahul Iyer,9,73,6.7,1.3,6,89
429,Raj Pandey,1,76,7.4,3.1,3,57
430,Rakesh Verma,8,83,5,7.1,2,44
431,Riya Kulkarni,1,78,7.5,5.4,10,45
432,Rohan Agrawal,8,69,6.1,7.2,3,61
433,Rohit Suryawanshi,9,75,7,3.7,4,40
434,Sachin Chaudhary,2,84,6.2,4.5,5,50
435,Sakshi Reddy,5,61,9,7,6,74
436,Sameer Dubey,2,73,5.9,6.3,7,42
437,Sana Patil,6,72,8.7,3.6,4,74
438,Sanjay Deshmukh,10,62,8.7,1.2,9,88
439,Sanya Mehta,1,65,6.7,7.2,3,95
440,Shivam Wagh,4,80,6.2,6.5,10,94
441,Shraddha Yadav,10,64,6.5,4.1,9,56
442,Shreya Nair,4,74,9,4.8,7,76
443,Sneha Saxena,2,82,7.5,2.4,2,42
444,Sonali Sharma,5,95,7.2,3.9,8,53
445,Sonal Jadhav,6,64,5.1,2.1,8,83
446,Sourabh Mishra,7,77,8.4,2.5,7,51
447,Tanmay Bhosale,4,64,5.3,6.9,4,57
448,Tanya Tiwari,10,77,5.2,3.5,5,62
449,Varun Pande,6,79,6.1,6.7,5,58
450,Vikas Kapoor,3,92,6.9,4.3,7,81
451,Vijay Pawar,10,78,8.6,1.5,4,90
452,Vishal Khan,10,98,8.2,3.5,5,70
453,Yash Kale,5,65,5.8,2.1,10,72
454,Yogesh Gaikwad,1,62,6.5,5.9,6,80
455,Zoya Desai,6,60,8.1,7.4,7,62
456,Aarav Dhumal,6,74,7.1,6.3,10,65
457,Aditi Malik,2,67,5.7,6.4,10,93
458,Aditya Ingale,7,63,6.6,7,7,61
459,Akash Singh,9,69,7.5,6.4,4,54
460,Akshay Shinde,2,99,8.9,5,2,41
461,Aman Naik,8,92,7.6,6,9,41
462,Amit Kadam,2,60,5.1,3.9,6,83
463,Ananya Lokhande,8,97,7.8,1.5,7,52
464,Aniket Roy,5,68,6,5.9,10,81
465,Anjali Borkar,1,76,8.4,6.1,5,42
466,Arjun Gupta,10,73,6.5,2.6,2,84
467,Aryan Chavan,2,76,5.8,7.7,8,62
468,Ashish Thakur,6,91,6.9,1.4,10,85
469,Ayush Gawande,2,89,6,6.2,3,86
470,Bhavna Salve,10,84,5.9,7.8,10,71
471,Chetan Das,8,85,7.3,3.2,6,94
472,Deepak Mane,9,89,8.1,7.4,7,92
473,Deepika Joshi,5,67,8.3,6.8,10,79
474,Dhruv More,5,76,6.6,6.2,4,67
475,Divya Raut,7,64,5.3,7.7,8,91
476,Gaurav Sawant,8,88,6.9,5.6,2,94
477,Isha Rathod,9,77,6.7,4.5,8,62
478,Karan Iyer,1,86,5.8,5.7,2,58
479,Kavya Pandey,7,83,8.6,3.9,2,56
480,Kiran Verma,2,71,8.9,3.3,5,92
481,Kunal Kulkarni,3,65,5.2,1.6,5,48
482,Manish Agrawal,9,99,8.2,3.6,9,40
483,Meera Suryawanshi,3,72,7.6,6.6,10,68
484,Mohit Chaudhary,8,64,6,7.6,10,93
485,Neha Reddy,5,72,7.5,7.8,7,58
486,Nikhil Dubey,3,96,5.5,2.4,3,68
487,Nisha Patil,4,70,5.3,5,8,46
488,Pallavi Deshmukh,6,100,9,5,6,85
489,Pankaj Mehta,8,78,7.5,2.2,6,92
490,Pooja Wagh,7,95,6,5.1,6,75
491,Prakash Yadav,10,86,6.8,3.5,9,46
492,Priya Nair,9,61,8.8,7.6,5,45
493,Rahul Saxena,8,80,6.8,2.8,10,81
494,Raj Sharma,7,77,8.6,6.8,6,47
495,Rakesh Jadhav,3,68,8.5,7.3,8,43
496,Riya Mishra,5,82,6.4,6.2,10,89
497,Rohan Bhosale,2,64,7.8,2.5,9,69
498,Rohit Tiwari,4,88,7.6,2.8,5,73
499,Sachin Pande,10,93,8.1,7.8,3,77
500,Sakshi Kapoor,5,63,6.5,1.5,3,59
501,Sameer Pawar,2,79,5.2,1.8,5,53
502,Sana Khan,7,86,5.7,7.8,7,69
503,Sanjay Kale,10,62,7.5,6.4,9,44
504,Sanya Gaikwad,9,75,8.1,6.2,2,56
505,Shivam Desai,3,70,8,2.1,6,73
506,Shraddha Dhumal,5,61,7.3,4.4,10,92
507,Shreya Malik,6,92,5.3,6.9,9,73
508,Sneha Ingale,3,78,5.1,3.3,10,82
509,Sonali Singh,3,90,8.1,2.3,10,57
510,Sonal Shinde,3,84,7.2,1.1,2,43
511,Sourabh Naik,10,95,8.1,5.4,8,61
512,Tanmay Kadam,8,100,5.7,3.1,6,78
513,Tanya Lokhande,9,84,6.6,7,6,42
514,Varun Roy,9,74,8.7,3,9,88
515,Vikas Borkar,10,77,5.7,2.1,10,56
516,Vijay Gupta,2,93,5.2,7.7,6,78
517,Vishal Chavan,9,77,7.6,7.8,7,89
518,Yash Thakur,1,81,7.4,5.8,6,74
519,Yogesh Gawande,5,67,8.8,7.5,7,49
520,Zoya Salve,6,100,8.6,2.1,10,54
521,Aarav Das,4,86,8,4.2,9,66
522,Aditi Mane,2,73,5.1,2.4,4,94
523,Aditya Joshi,2,83,6.9,4.4,9,77
524,Akash More,9,76,8.6,6.5,6,74
525,Akshay Raut,4,66,6.7,6.9,7,84
526,Aman Sawant,4,95,8.8,1,3,47
527,Amit Rathod,10,96,7.6,3.7,6,44
528,Ananya Iyer,2,94,5.4,8,4,72
529,Aniket Pandey,10,75,7,5.1,2,73
530,Anjali Verma,10,70,7.8,3.1,9,54
531,Arjun Kulkarni,6,62,5.3,3.7,3,75
532,Aryan Agrawal,2,89,6.4,3.3,8,48
533,Ashish Suryawanshi,2,73,7.9,4.1,8,51
534,Ayush Chaudhary,3,96,5.6,4.1,7,90
535,Bhavna Reddy,6,95,6.4,4.5,9,41
536,Chetan Dubey,2,65,7.8,4.3,3,71
537,Deepak Patil,5,97,8.1,4.6,2,87
538,Deepika Deshmukh,2,65,7.1,1.2,9,79
539,Dhruv Mehta,6,80,8.8,1.4,3,64
540,Divya Wagh,1,79,8.7,3.6,4,57
541,Gaurav Yadav,8,99,6.9,7.2,8,43
542,Isha Nair,1,86,5.6,6.5,6,46
543,Karan Saxena,2,95,8.1,1.8,3,72
544,Kavya Sharma,2,84,6,4.5,4,69
545,Kiran Jadhav,9,93,8.4,5.2,9,61
546,Kunal Mishra,1,94,7.3,4.4,6,56
547,Manish Bhosale,5,95,6.6,5.9,10,44
548,Meera Tiwari,6,76,7.2,8,7,46
549,Mohit Pande,6,75,7.1,1.7,7,56
550,Neha Kapoor,7,100,8.7,4.6,5,91
551,Nikhil Pawar,9,91,5.9,4.6,2,58
552,Nisha Khan,4,97,8.7,4.9,6,46
553,Pallavi Kale,9,83,5.1,2.2,8,72
554,Pankaj Gaikwad,4,98,8.1,5.5,5,47
555,Pooja Desai,10,89,8.7,1.3,9,62
556,Prakash Dhumal,6,90,6.6,6.2,8,80
557,Priya Malik,8,67,5.3,5.6,6,45
558,Rahul Ingale,9,83,8.2,3.3,6,91
559,Raj Singh,8,89,8.4,7.9,4,75
560,Rakesh Shinde,9,91,6.3,6.8,9,91
561,Riya Naik,6,99,7.1,4.8,2,80
562,Rohan Kadam,1,73,8.2,7.9,2,94
563,Rohit Lokhande,5,72,5.8,6.8,9,68
564,Sachin Roy,2,99,7.5,2,2,40
565,Sakshi Borkar,9,100,6.7,5.1,6,43
566,Sameer Gupta,3,67,5.7,5.1,3,50
567,Sana Chavan,3,75,8.3,5.6,8,45
568,Sanjay Thakur,3,98,6.3,7.6,3,85
569,Sanya Gawande,7,68,8.7,4.4,4,92
570,Shivam Salve,6,92,7.3,1.5,6,74
571,Shraddha Das,10,64,7.1,4.4,5,50
572,Shreya Mane,5,67,6.7,6.5,3,94
573,Sneha Joshi,3,92,6.6,3.5,2,57
574,Sonali More,1,84,8.3,1.2,2,89
575,Sonal Raut,1,82,7.7,3.1,3,78
576,Sourabh Sawant,4,95,8.1,5.8,4,64
577,Tanmay Rathod,10,72,6.7,1.6,3,84
578,Tanya Iyer,6,80,6,3.6,6,77
579,Varun Pandey,9,84,5.3,1.9,9,91
580,Vikas Verma,2,90,8.1,4.3,8,74
581,Vijay Kulkarni,1,73,6.7,2,4,62
582,Vishal Agrawal,9,85,7,1.8,5,45
583,Yash Suryawanshi,2,78,6.9,5.9,8,95
584,Yogesh Chaudhary,1,82,6.7,2.1,10,83
585,Zoya Reddy,5,95,7.7,2.1,6,45
586,Aarav Dubey,10,76,7.4,5.1,3,73
587,Aditi Patil,7,87,8.9,1.3,9,86
588,Aditya Deshmukh,1,98,5.6,1.2,6,79
589,Akash Mehta,9,91,7.3,4,2,55
590,Akshay Wagh,9,100,5.3,3.6,4,47
591,Aman Yadav,9,83,8.2,4.8,6,92
592,Amit Nair,10,71,7.5,8,9,60
593,Ananya Saxena,3,100,6.7,4,9,88
594,Aniket Sharma,10,86,8.2,5,3,66
595,Anjali Jadhav,4,69,6.8,7.4,8,82
596,Arjun Mishra,9,73,5.9,4.4,10,53
597,Aryan Bhosale,6,70,6.9,6.5,9,73
598,Ashish Tiwari,8,94,5.3,4.8,8,71
599,Ayush Pande,7,63,8.6,5.5,9,52
600,Bhavna Kapoor,7,90,7.9,7.5,7,78
601,Chetan Pawar,7,82,8,1,7,65
602,Deepak Khan,8,63,8.5,7.3,6,76
603,Deepika Kale,8,85,8.2,4.5,10,41
604,Dhruv Gaikwad,2,90,6.7,5.2,5,46
605,Divya Desai,9,89,5.5,4.2,8,79
606,Gaurav Dhumal,6,81,6.5,2.8,2,95
607,Isha Malik,4,73,8.7,1.5,5,46
608,Karan Ingale,6,66,8.8,7.6,10,41
609,Kavya Singh,10,60,8.1,5.4,4,54
610,Kiran Shinde,9,74,5.8,7.1,9,42
611,Kunal Naik,9,85,5.8,3,6,53
612,Manish Kadam,5,61,8.5,2.9,3,78
613,Meera Lokhande,8,100,5.6,3.4,2,84
614,Mohit Roy,4,84,7.3,2.6,3,75
615,Neha Borkar,7,72,6.5,4.5,6,62
616,Nikhil Gupta,7,99,6.2,7.6,4,48
617,Nisha Chavan,3,67,7.7,7.1,10,69
618,Pallavi Thakur,3,99,8.8,4.5,8,94
619,Pankaj Gawande,1,71,8.1,3.4,3,51
620,Pooja Salve,2,75,6.9,5.3,6,70
621,Prakash Das,5,77,6.8,5.3,8,58
622,Priya Mane,5,100,8.6,5.8,7,60
623,Rahul Joshi,2,70,7.3,4.7,2,68
624,Raj More,5,99,7,1.2,2,49
625,Rakesh Raut,7,74,7.7,1.5,7,50
626,Riya Sawant,3,71,5.9,7.8,10,42
627,Rohan Rathod,4,86,5.3,6.2,2,78
628,Rohit Iyer,4,88,8.4,7.6,3,90
629,Sachin Pandey,6,74,7.4,3.4,3,65
630,Sakshi Verma,4,65,5.7,4.7,4,74
631,Sameer Kulkarni,8,76,6.2,3.3,10,95
632,Sana Agrawal,4,82,9,7.4,10,82
633,Sanjay Suryawanshi,5,61,7.5,3,4,53
634,Sanya Chaudhary,4,63,7.5,5.9,8,83
635,Shivam Reddy,2,97,5.3,2.2,2,62
636,Shraddha Dubey,7,61,8.9,1.7,6,93
637,Shreya Patil,3,76,8.6,2.1,7,91
638,Sneha Deshmukh,3,91,7.2,4.7,9,42
639,Sonali Mehta,8,73,6.2,6.9,9,89
640,Sonal Wagh,10,80,7.8,8,2,53
641,Sourabh Yadav,7,63,8.3,5.4,5,67
642,Tanmay Nair,10,92,8.1,4.7,2,81
643,Tanya Saxena,9,86,8.9,6.5,2,46
644,Varun Sharma,5,94,7.5,1.4,3,40
645,Vikas Jadhav,8,95,6.3,6.7,10,62
646,Vijay Mishra,4,74,7,6.3,4,72
647,Vishal Bhosale,5,61,8.3,4.7,8,72
648,Yash Tiwari,6,74,6.1,1.2,8,93
649,Yogesh Pande,10,65,5.9,2.4,9,54
650,Zoya Kapoor,9,81,7.9,3.6,6,79
651,Aarav Pawar,5,66,6.8,7.6,10,50
652,Aditi Khan,7,97,8.3,5.5,5,65
653,Aditya Kale,3,84,5.6,4.6,9,69
654,Akash Gaikwad,9,70,6.3,4.4,9,64
655,Akshay Desai,6,97,6.1,6.5,6,49
656,Aman Dhumal,6,91,7.8,3.3,4,50
657,Amit Malik,8,77,8,1.7,3,88
658,Ananya Ingale,7,66,6.8,5.7,2,93
659,Aniket Singh,1,74,6.9,3.3,6,44
660,Anjali Shinde,3,83,5.5,3.3,5,53
661,Arjun Naik,2,91,7.8,4.2,3,95
662,Aryan Kadam,8,70,9,2.7,8,46
663,Ashish Lokhande,1,90,8.1,7.5,3,70
664,Ayush Roy,3,71,5.9,6.9,6,56
665,Bhavna Borkar,6,70,7.5,7.9,5,95
666,Chetan Gupta,7,78,6.2,7.8,10,81
667,Deepak Chavan,6,66,5.1,3.2,2,82
668,Deepika Thakur,9,76,5.7,3.7,9,43
669,Dhruv Gawande,10,74,5.4,5.9,8,48
670,Divya Salve,2,71,5.8,1.1,9,84
671,Gaurav Das,10,91,8.2,8,9,52
672,Isha Mane,7,73,6.2,1.1,8,64
673,Karan Joshi,7,88,8,4.7,5,45
674,Kavya More,1,89,8.8,5.7,7,41
675,Kiran Raut,7,87,7.3,7.4,5,80
676,Kunal Sawant,8,71,6.9,5.5,10,49
677,Manish Rathod,6,94,8,5.2,4,49
678,Meera Iyer,1,69,5.4,3.1,7,87
679,Mohit Pandey,6,71,6.7,5.1,3,80
680,Neha Verma,10,95,7,6.2,5,51
681,Nikhil Kulkarni,8,73,8.3,4.6,10,88
682,Nisha Agrawal,2,88,8.3,6.5,3,94
683,Pallavi Suryawanshi,10,61,8.4,1.5,9,63
684,Pankaj Chaudhary,10,85,7.8,3.3,9,65
685,Pooja Reddy,2,95,7.1,7.7,5,77
686,Prakash Dubey,9,89,8.3,3.3,5,48
687,Priya Patil,5,83,8.5,5.4,2,90
688,Rahul Deshmukh,6,94,6.9,4.6,9,47
689,Raj Mehta,5,72,8.9,7.6,7,82
690,Rakesh Wagh,8,75,8.5,2.1,10,72
691,Riya Yadav,10,62,7,3.1,4,47
692,Rohan Nair,8,88,5.3,7,5,64
693,Rohit Saxena,10,89,5.9,5.7,8,56
694,Sachin Sharma,10,90,8.1,4.8,5,92
695,Sakshi Jadhav,1,90,5.4,3.8,4,69
696,Sameer Mishra,3,65,6.9,3.9,3,60
697,Sana Bhosale,8,87,7.4,7.5,10,54
698,Sanjay Tiwari,6,91,8.5,5.7,6,47
699,Sanya Pande,1,68,8.4,7.5,8,68
700,Shivam Kapoor,1,79,8.1,7.8,7,68
701,Shraddha Pawar,6,97,6.6,4.8,7,93
702,Shreya Khan,7,77,5.6,5.3,4,76
703,Sneha Kale,2,90,7.7,5.6,4,65
704,Sonali Gaikwad,2,81,5.7,6.9,6,60
705,Sonal Desai,2,86,7.2,5.6,3,54
706,Sourabh Dhumal,6,85,8.9,1.8,6,76
707,Tanmay Malik,1,86,7.2,7.6,2,48
708,Tanya Ingale,6,91,7.6,5.6,4,40
709,Varun Singh,5,97,7.7,7.1,7,90
710,Vikas Shinde,5,72,8.3,4,2,41
711,Vijay Naik,7,98,6.7,4.3,2,52
712,Vishal Kadam,6,85,7,5.8,3,71
713,Yash Lokhande,8,84,5.7,6.4,8,50
714,Yogesh Roy,8,73,7.5,1.5,9,77
715,Zoya Borkar,10,77,6.2,3.9,2,70
716,Aarav Gupta,8,86,7,6.4,4,44
717,Aditi Chavan,6,74,8.1,7.9,2,65
718,Aditya Thakur,5,71,5.1,1.1,2,86
719,Akash Gawande,3,93,7.3,2.9,10,61
720,Akshay Salve,6,77,5.7,4.3,5,77
721,Aman Das,2,86,6.1,2.6,9,72
722,Amit Mane,10,61,5.1,1.2,8,65
723,Ananya Joshi,9,63,5.7,4.8,6,71
724,Aniket More,2,94,8.9,5.5,8,67
725,Anjali Raut,8,65,9,3.9,4,43
726,Arjun Sawant,2,92,7.9,3.6,5,64
727,Aryan Rathod,8,96,7.4,7.9,5,63
728,Ashish Iyer,1,79,8.1,4.3,7,83
729,Ayush Pandey,5,96,8.6,6.6,3,80
730,Bhavna Verma,7,77,7.1,3,8,72
731,Chetan Kulkarni,8,99,5.1,6.8,9,61
732,Deepak Agrawal,5,69,7.8,6.8,10,75
733,Deepika Suryawanshi,10,77,8.9,2.9,10,95
734,Dhruv Chaudhary,8,75,6,5.6,7,86
735,Divya Reddy,3,92,6.9,5.8,9,53
736,Gaurav Dubey,7,61,6.4,4.1,8,55
737,Isha Patil,8,93,6.6,6.4,10,67
738,Karan Deshmukh,4,60,7.9,3.1,2,76
739,Kavya Mehta,8,72,6.5,4.4,3,77
740,Kiran Wagh,9,84,8.8,7.9,5,83
741,Kunal Yadav,9,65,8.2,2.3,7,70
742,Manish Nair,8,80,5.1,2,10,86
743,Meera Saxena,7,100,8.3,2,2,42
744,Mohit Sharma,3,93,8.1,8,3,52
745,Neha Jadhav,8,61,7.1,2.1,9,68
746,Nikhil Mishra,4,84,7,2.3,4,69
747,Nisha Bhosale,6,84,8.3,5.9,2,94
748,Pallavi Tiwari,4,62,6.7,6.3,8,76
749,Pankaj Pande,4,86,5.6,4.7,9,62
750,Pooja Kapoor,2,81,6.3,7.9,10,72
751,Prakash Pawar,10,87,6.1,1.3,9,46
752,Priya Khan,2,72,7.7,5.3,2,61
753,Rahul Kale,1,70,5.7,5.2,3,41
754,Raj Gaikwad,10,90,7.6,3.2,9,48
755,Rakesh Desai,6,89,6.9,7.3,8,63
756,Riya Dhumal,5,66,8.4,4.9,3,40
757,Rohan Malik,8,68,6.9,2.7,5,50
758,Rohit Ingale,4,84,8.7,1.6,9,90
759,Sachin Singh,2,93,8.6,1.7,10,86
760,Sakshi Shinde,8,68,5.7,7.3,10,71
761,Sameer Naik,2,68,7.7,2.8,6,93
762,Sana Kadam,6,93,5.9,7.3,8,41
763,Sanjay Lokhande,10,88,8.3,1.8,2,92
764,Sanya Roy,10,96,7.5,7.9,10,67
765,Shivam Borkar,4,92,6.2,6.8,3,60
766,Shraddha Gupta,8,99,6,1.8,10,84
767,Shreya Chavan,7,67,6.7,1.6,2,65
768,Sneha Thakur,5,71,8.2,6.6,10,73
769,Sonali Gawande,2,69,8.2,1.5,6,57
770,Sonal Salve,4,62,5.1,2.8,6,69
771,Sourabh Das,7,91,6.2,6.6,8,47
772,Tanmay Mane,10,87,6.7,7.4,6,52
773,Tanya Joshi,1,63,7.3,6.4,10,71
774,Varun More,8,68,5.6,7.2,2,92
775,Vikas Raut,9,67,6.3,4.9,7,50
776,Vijay Sawant,10,76,8.5,6.5,3,72
777,Vishal Rathod,5,78,6.9,3.4,2,43
778,Yash Iyer,2,71,8,6.5,7,68
779,Yogesh Pandey,3,98,6.9,5.8,8,87
780,Zoya Verma,9,68,6.9,5,3,59
781,Aarav Kulkarni,9,83,7.5,7.9,8,84
782,Aditi Agrawal,7,77,6,4.3,10,62
783,Aditya Suryawanshi,2,75,6,5.3,8,91
784,Akash Chaudhary,2,93,9,4.6,4,75
785,Akshay Reddy,5,100,8.5,2.8,2,58
786,Aman Dubey,6,60,8,3.3,2,54
787,Amit Patil,1,79,5.5,7.9,7,88
788,Ananya Deshmukh,7,64,5.1,3.7,4,66
789,Aniket Mehta,6,77,5.7,5.8,5,62
790,Anjali Wagh,1,85,8.8,5,2,72
791,Arjun Yadav,1,76,8.3,7.2,5,44
792,Aryan Nair,5,72,7.1,6.3,3,50
793,Ashish Saxena,8,72,8.9,1.6,5,65
794,Ayush Sharma,9,72,5.6,3.5,7,56
795,Bhavna Jadhav,5,73,7.2,6,10,71
796,Chetan Mishra,3,75,5.7,2.1,4,59
797,Deepak Bhosale,10,88,6.2,4.5,4,64
798,Deepika Tiwari,5,63,8.8,3.2,9,83
799,Dhruv Pande,4,61,8.5,1.5,10,83
800,Divya Kapoor,5,81,5.4,8,5,56
801,Gaurav Pawar,1,87,6,7.5,5,59
802,Isha Khan,4,70,7.4,6.2,8,75
803,Karan Kale,6,68,5.2,2.4,8,91
804,Kavya Gaikwad,10,85,7.2,7.9,8,70
805,Kiran Desai,8,75,7.3,5.4,7,44
806,Kunal Dhumal,8,90,6.2,7.8,3,73
807,Manish Malik,6,66,6.2,1.3,4,80
808,Meera Ingale,2,64,5.9,2.2,2,92
809,Mohit Singh,4,82,8.7,5.7,5,92
810,Neha Shinde,10,76,6.6,7.4,9,78
811,Nikhil Naik,1,89,7.3,2.2,4,70
812,Nisha Kadam,9,80,6.2,3.2,8,49
813,Pallavi Lokhande,7,74,7.8,5.1,5,89
814,Pankaj Roy,3,66,5.4,8,3,66
815,Pooja Borkar,8,66,5.3,6.6,4,78
816,Prakash Gupta,9,90,8,7.5,8,81
817,Priya Chavan,1,69,7.9,5.7,9,40
818,Rahul Thakur,2,80,6.1,7.1,4,60
819,Raj Gawande,7,93,6.4,4.5,10,77
820,Rakesh Salve,10,96,8.8,1.9,2,66
821,Riya Das,1,70,5.4,6,7,76
822,Rohan Mane,7,64,5.7,5.2,4,71
823,Rohit Joshi,2,91,6.7,4.4,10,40
824,Sachin More,7,88,6.1,2.9,8,57
825,Sakshi Raut,7,73,7.6,6.5,2,62
826,Sameer Sawant,1,84,7.8,6.7,5,61
827,Sana Rathod,7,67,7.1,3.5,8,42
828,Sanjay Iyer,9,88,7.4,7.5,6,41
829,Sanya Pandey,9,89,6.7,3.6,6,56
830,Shivam Verma,1,72,8,1.8,3,87
831,Shraddha Kulkarni,3,79,5.2,2.2,7,95
832,Shreya Agrawal,3,73,6.3,4.5,2,86
833,Sneha Suryawanshi,5,61,7.7,1.6,4,92
834,Sonali Chaudhary,2,65,6.3,6,4,91
835,Sonal Reddy,9,99,5.3,6.6,7,78
836,Sourabh Dubey,8,78,6.4,4.8,6,46
837,Tanmay Patil,9,66,7.8,7.3,5,60
838,Tanya Deshmukh,2,61,5.5,7.7,9,81
839,Varun Mehta,1,74,7.9,4.1,5,62
840,Vikas Wagh,10,100,8.1,1.6,8,55
841,Vijay Yadav,3,75,7.5,2.6,9,42
842,Vishal Nair,7,100,6,5.6,3,58
843,Yash Saxena,10,80,8.2,3.8,8,58
844,Yogesh Sharma,1,91,5.9,5.8,2,85
845,Zoya Jadhav,1,92,8.6,5.7,7,83
846,Aarav Mishra,1,61,7.8,5.2,4,46
847,Aditi Bhosale,2,60,5.2,2.1,4,69
848,Aditya Tiwari,1,97,8.2,3,9,90
849,Akash Pande,9,98,7,3.6,3,66
850,Akshay Kapoor,7,65,6.8,6.8,6,93
851,Aman Pawar,10,86,6.7,5.8,9,45
852,Amit Khan,9,97,7.4,5.5,9,58
853,Ananya Kale,10,98,7.9,5.7,3,91
854,Aniket Gaikwad,3,72,8.6,4.5,5,80
855,Anjali Desai,3,93,6.1,1.3,7,55
856,Arjun Dhumal,9,86,7.5,2.4,7,89
857,Aryan Malik,3,98,7.7,2,3,61
858,Ashish Ingale,1,66,7.7,1.4,7,84
859,Ayush Singh,7,84,7,3.2,2,58
860,Bhavna Shinde,9,61,6.6,6.5,7,58
861,Chetan Naik,10,74,8,1.8,8,58
862,Deepak Kadam,10,60,6.2,1.8,6,60
863,Deepika Lokhande,2,78,5.8,1.9,4,73
864,Dhruv Roy,8,93,7.2,2.9,4,85
865,Divya Borkar,9,86,6.1,2.4,8,75
866,Gaurav Gupta,7,72,5.1,1.1,5,41
867,Isha Chavan,9,77,5.2,2.9,10,73
868,Karan Thakur,9,75,7.8,8,10,64
869,Kavya Gawande,5,89,8.9,3.4,5,43
870,Kiran Salve,1,70,6.8,2.5,4,58
871,Kunal Das,5,63,5.6,4.5,9,94
872,Manish Mane,3,80,8.3,2.6,8,59
873,Meera Joshi,2,94,6,4.9,3,79
874,Mohit More,2,79,9,3.8,10,51
875,Neha Raut,7,68,7.3,7.3,3,89
876,Nikhil Sawant,6,61,5.9,7.5,7,85
877,Nisha Rathod,6,98,7,6,3,48
878,Pallavi Iyer,8,91,6.3,2.5,6,78
879,Pankaj Pandey,6,66,8.1,4.3,7,92
880,Pooja Verma,7,63,5.4,3.1,3,90
881,Prakash Kulkarni,1,65,8.4,6.6,4,80
882,Priya Agrawal,9,75,8.1,1.2,8,80
883,Rahul Suryawanshi,5,93,8.4,5.6,10,68
884,Raj Chaudhary,2,66,8.6,3.3,10,48
885,Rakesh Reddy,9,93,5.9,4.4,8,41
886,Riya Dubey,8,60,7.1,3.3,10,56
887,Rohan Patil,1,90,8.4,3.6,3,54
888,Rohit Deshmukh,2,71,6.5,5.7,3,91
889,Sachin Mehta,1,99,5.2,5.2,5,86
890,Sakshi Wagh,3,79,6.2,2.7,10,58
891,Sameer Yadav,1,71,6,1.3,9,61
892,Sana Nair,8,69,8.5,7,5,81
893,Sanjay Saxena,6,93,6.9,4.4,2,77
894,Sanya Sharma,10,76,7.7,5.3,7,89
895,Shivam Jadhav,8,74,8.8,4.4,4,80
896,Shraddha Mishra,7,90,6.2,5.3,4,78
897,Shreya Bhosale,6,82,8,5.4,3,83
898,Sneha Tiwari,1,87,5.1,1.1,4,90
899,Sonali Pande,1,78,5.4,4.7,4,61
900,Sonal Kapoor,7,62,5.6,4.5,7,54
901,Sourabh Pawar,1,60,6.2,1.7,3,90
902,Tanmay Khan,1,61,6.6,6.2,6,49
903,Tanya Kale,3,83,6.9,2.7,10,56
904,Varun Gaikwad,9,81,6,1.4,10,47
905,Vikas Desai,5,90,5.3,6.6,9,86
906,Vijay Dhumal,8,96,7.7,7.1,4,91
907,Vishal Malik,5,67,5.1,2.7,3,63
908,Yash Ingale,2,99,8.2,5.8,9,45
909,Yogesh Singh,4,98,8.7,1,5,53
910,Zoya Shinde,1,85,7.8,6,6,72
911,Aarav Naik,8,81,7.4,4.3,5,59
912,Aditi Kadam,2,67,7.6,6.5,3,82
913,Aditya Lokhande,4,67,7.6,3.8,8,84
914,Akash Roy,10,60,8.7,3.5,4,64
915,Akshay Borkar,6,86,8.9,6.9,4,74
916,Aman Gupta,5,77,6.7,1.3,8,43
917,Amit Chavan,6,67,7.5,2.3,8,47
918,Ananya Thakur,8,65,8.2,3.9,9,58
919,Aniket Gawande,3,62,5,5.2,8,46
920,Anjali Salve,7,86,7.1,1,2,40
921,Arjun Das,9,88,7.6,5,5,78
922,Aryan Mane,6,85,7.9,3.6,5,41
923,Ashish Joshi,5,64,6.5,5.4,4,53
924,Ayush More,2,61,6.2,7.3,6,80
925,Bhavna Raut,3,64,5.7,4.1,6,51
926,Chetan Sawant,10,90,7.2,4.9,7,52
927,Deepak Rathod,6,90,8.7,4.2,10,81
928,Deepika Iyer,4,72,8.6,1.8,7,41
929,Dhruv Pandey,5,62,6.4,6.6,10,58
930,Divya Verma,6,73,6,7.2,9,70
931,Gaurav Kulkarni,6,93,8.2,6.7,8,43
932,Isha Agrawal,7,65,7.9,7.6,4,76
933,Karan Suryawanshi,3,92,7,4.3,7,63
934,Kavya Chaudhary,7,78,6.6,5.6,3,57
935,Kiran Reddy,5,65,5.5,2.2,10,71
936,Kunal Dubey,10,98,8.1,7.8,3,42
937,Manish Patil,2,81,7.5,5.1,4,73
938,Meera Deshmukh,2,87,6.5,2.8,10,65
939,Mohit Mehta,5,63,8.7,6.6,3,43
940,Neha Wagh,6,75,7.6,5.1,6,83
941,Nikhil Yadav,7,85,8.7,7.6,7,65
942,Nisha Nair,5,86,6.9,6.4,3,43
943,Pallavi Saxena,10,62,6.8,7.1,5,60
944,Pankaj Sharma,5,84,8.7,4.8,9,81
945,Pooja Jadhav,2,98,8.8,4.6,8,65
946,Prakash Mishra,2,92,8.8,6.3,7,61
947,Priya Bhosale,10,68,8.3,1.7,6,42
948,Rahul Tiwari,2,97,6.8,1.4,5,43
949,Raj Pande,10,87,5.8,7.9,7,56
950,Rakesh Kapoor,3,62,6.5,7.4,2,55
951,Riya Pawar,1,65,8.8,7.7,2,76
952,Rohan Khan,4,97,6.5,1.4,9,66
953,Rohit Kale,7,68,8,2.9,3,47
954,Sachin Gaikwad,5,63,8.7,7.3,8,76
955,Sakshi Desai,8,78,8.9,1.6,2,93
956,Sameer Dhumal,7,81,8.8,4.2,4,88
957,Sana Malik,5,83,7.2,3.4,10,95
958,Sanjay Ingale,7,87,7,7.2,4,66
959,Sanya Singh,10,100,9,4.6,10,60
960,Shivam Shinde,5,91,5.9,3,4,43
961,Shraddha Naik,2,61,5.8,4.7,7,78
962,Shreya Kadam,5,63,8.9,1.8,8,64
963,Sneha Lokhande,9,60,7.8,6.1,7,75
964,Sonali Roy,3,76,7.1,5.3,4,56
965,Sonal Borkar,10,74,5.5,5.2,8,49
966,Sourabh Gupta,6,98,7.1,4.1,4,78
967,Tanmay Chavan,7,75,8.8,3.1,9,61
968,Tanya Thakur,4,61,7.4,1.5,5,69
969,Varun Gawande,10,96,6.6,7.6,9,94
970,Vikas Salve,1,70,7.2,3.9,10,55
971,Vijay Das,3,97,8.5,4.5,8,47
972,Vishal Mane,5,91,8.7,3.6,6,79
973,Yash Joshi,5,96,6.6,7.9,5,72
974,Yogesh More,5,93,7.4,6.6,5,62
975,Zoya Raut,2,65,6.1,1.7,5,73
976,Aarav Sawant,3,85,6.8,5.3,6,91
977,Aditi Rathod,1,76,5.9,4.4,6,49
978,Aditya Iyer,6,85,7.1,6.6,8,84
979,Akash Pandey,4,90,7.3,8,10,69
980,Akshay Verma,6,80,6.4,6.2,9,85
981,Aman Kulkarni,6,72,6.1,7.1,7,91
982,Amit Agrawal,8,97,5.6,4.5,10,48
983,Ananya Suryawanshi,6,87,5.6,3.6,10,46
984,Aniket Chaudhary,7,96,7.8,5.5,6,40
985,Anjali Reddy,6,69,5.9,6.2,5,50
986,Arjun Dubey,7,94,5.5,2.6,6,59
987,Aryan Patil,7,73,9,4.5,2,54
988,Ashish Deshmukh,4,78,6,1.8,4,86
989,Ayush Mehta,3,95,8.6,2.5,5,82
990,Bhavna Wagh,8,74,7.4,7.2,9,59
991,Chetan Yadav,4,70,7.9,2,4,72
992,Deepak Nair,6,97,7.2,6.7,7,57
993,Deepika Saxena,2,99,5.7,3.6,4,68
994,Dhruv Sharma,5,72,8.4,5.6,5,56
995,Divya Jadhav,6,72,8.3,7.4,2,84
996,Gaurav Mishra,7,69,6.4,6.5,6,52
997,Isha Bhosale,6,60,8.1,6.8,2,94
998,Karan Tiwari,4,82,7.2,2.8,3,92
999,Kavya Pande,10,70,8.6,3.5,6,50
1000,Kiran Kapoor,6,94,8.2,6.1,8,71
1001,Kunal Pawar,9,67,5.2,6.4,5,85
1002,Manish Khan,8,86,8.5,6.5,4,87
1003,Meera Kale,6,80,8.9,6.2,10,60
1004,Mohit Gaikwad,9,85,8,2.6,5,70
1005,Neha Desai,2,64,5.5,3,4,48
1006,Nikhil Dhumal,10,79,8.2,7.6,2,54
1007,Nisha Malik,9,85,7.6,4.9,5,54
1008,Pallavi Ingale,6,73,6.4,6.3,3,55
1009,Pankaj Singh,8,95,8.5,5.2,5,62
1010,Pooja Shinde,6,81,7.3,7.5,3,78
1011,Prakash Naik,3,74,8.4,7.1,3,90
1012,Priya Kadam,8,61,7.7,2.8,8,72
1013,Rahul Lokhande,3,66,6.2,7.2,6,66
1014,Raj Roy,4,79,8.9,3.1,8,79
1015,Rakesh Borkar,6,76,7.3,4.1,7,74
1016,Riya Gupta,9,95,7.1,7,6,65
1017,Rohan Chavan,4,92,6.6,3.3,6,41
1018,Rohit Thakur,5,66,5.5,3,5,70
1019,Sachin Gawande,1,84,7.7,5.7,4,43
1020,Sakshi Salve,2,78,6.7,8,10,74
1021,Sameer Das,1,64,8.7,1.9,5,92
1022,Sana Mane,1,87,8.9,5.9,9,84
1023,Sanjay Joshi,9,82,8.1,4.7,8,86
1024,Sanya More,9,63,6,3.9,7,65
1025,Shivam Raut,9,79,7.9,6.2,9,67
1026,Shraddha Sawant,1,89,5.1,4.9,7,69
1027,Shreya Rathod,1,73,8.3,6.6,9,51
1028,Sneha Iyer,3,74,7,6.2,9,94
1029,Sonali Pandey,6,64,8.7,7.9,7,42
1030,Sonal Verma,4,68,6.5,6.7,8,95
1031,Sourabh Kulkarni,5,100,6.1,1.5,9,94
1032,Tanmay Agrawal,2,85,9,6.5,4,92
1033,Tanya Suryawanshi,8,67,7.1,5.5,9,40
1034,Varun Chaudhary,4,79,8.5,1.6,6,93
1035,Vikas Reddy,1,67,8.6,5.2,3,53
1036,Vijay Dubey,8,78,7.1,6.3,3,54
1037,Vishal Patil,10,65,6.8,2.4,8,78
1038,Yash Deshmukh,1,85,7.2,4,9,62
1039,Yogesh Mehta,5,83,8.4,4.8,7,92
1040,Zoya Wagh,9,85,8.9,3.9,7,67
1041,Aarav Yadav,8,78,6.3,7.1,9,46
1042,Aditi Nair,9,71,8,2.2,10,53
1043,Aditya Saxena,5,70,6.1,6.4,9,83
1044,Akash Sharma,4,68,7.4,6.4,3,72
1045,Akshay Jadhav,8,77,8.2,4.1,9,58
1046,Aman Mishra,2,78,8.5,4.8,6,52
1047,Amit Bhosale,3,87,6.8,2.1,9,78
1048,Ananya Tiwari,7,62,6.5,2.4,8,54
1049,Aniket Pande,7,71,6,4.7,8,45
1050,Anjali Kapoor,2,94,5.5,2.6,9,71
1051,Arjun Pawar,6,97,6.5,6.6,3,88
1052,Aryan Khan,4,98,8.5,5.3,9,57
1053,Ashish Kale,6,72,6.7,1.4,5,79
1054,Ayush Gaikwad,10,65,6.3,3.5,3,65
1055,Bhavna Desai,1,68,8,7,8,93
1056,Chetan Dhumal,10,65,5.9,2.9,10,74
1057,Deepak Malik,5,99,6,6,2,68
1058,Deepika Ingale,8,96,8.7,1.7,10,52
1059,Dhruv Singh,5,93,5.3,7.5,5,89
1060,Divya Shinde,4,89,6.7,4.1,10,42
1061,Gaurav Naik,8,74,7.3,4.4,2,70
1062,Isha Kadam,7,79,5.9,5,7,54
1063,Karan Lokhande,2,94,6.1,3.5,6,68
1064,Kavya Roy,8,93,5.9,6.1,9,95
1065,Kiran Borkar,8,81,6.4,1.1,6,45
1066,Kunal Gupta,4,94,8.6,2.1,2,42
1067,Manish Chavan,10,74,6.7,2.3,3,85
1068,Meera Thakur,7,76,6.7,5.4,4,79
1069,Mohit Gawande,4,94,6.5,7.2,9,63
1070,Neha Salve,1,75,8.9,1.4,2,52
1071,Nikhil Das,7,90,5.5,7,9,73
1072,Nisha Mane,3,78,8.5,6.7,6,54
1073,Pallavi Joshi,8,72,6.3,1.5,7,76
1074,Pankaj More,6,68,8.8,2,10,62
1075,Pooja Raut,5,84,6.3,3.5,8,83
1076,Prakash Sawant,2,79,5.3,1.8,7,76
1077,Priya Rathod,8,75,7.1,6.3,9,72
1078,Rahul Iyer,2,90,5.9,4.5,6,45
1079,Raj Pandey,5,60,8,3.9,10,74
1080,Rakesh Verma,9,63,7.6,6.1,9,79
1081,Riya Kulkarni,10,99,7.7,3.1,10,69
1082,Rohan Agrawal,10,87,5.8,7.1,6,73
1083,Rohit Suryawanshi,10,82,7.8,5.6,7,74
1084,Sachin Chaudhary,6,60,6.2,3.4,6,53
1085,Sakshi Reddy,3,84,9,4.8,10,64
1086,Sameer Dubey,9,77,7.9,2.8,7,47
1087,Sana Patil,9,84,7.4,7.9,3,83
1088,Sanjay Deshmukh,10,61,8.5,4,6,48
1089,Sanya Mehta,7,82,7.4,7.3,3,85
1090,Shivam Wagh,2,83,7.2,7.8,7,75
1091,Shraddha Yadav,6,71,5.9,4.8,8,68
1092,Shreya Nair,5,62,7.7,6.1,9,68
1093,Sneha Saxena,9,99,6.5,5,3,48
1094,Sonali Sharma,4,89,5.2,1.6,6,76
1095,Sonal Jadhav,4,85,8.3,7.7,5,60
1096,Sourabh Mishra,1,91,5.2,4.2,5,83
1097,Tanmay Bhosale,9,87,7.7,7.3,10,87
1098,Tanya Tiwari,8,65,5.6,5.6,7,91
1099,Varun Pande,1,78,6.7,1.7,5,91
1100,Vikas Kapoor,5,96,8.4,3.9,10,82
1101,Vijay Pawar,5,71,5.4,2.4,6,54
1102,Vishal Khan,5,99,7.7,2.2,5,55
1103,Yash Kale,10,62,7.5,6,6,92
1104,Yogesh Gaikwad,2,73,8.5,1.2,9,93
1105,Zoya Desai,4,74,5.7,7.8,6,55
1106,Aarav Dhumal,2,85,8.2,4.1,7,76
1107,Aditi Malik,3,67,6.8,4.4,3,91
1108,Aditya Ingale,10,69,6.7,3.1,2,87
1109,Akash Singh,10,87,6.4,1.6,2,92
1110,Akshay Shinde,1,71,6.5,5.1,6,59
1111,Aman Naik,7,96,7.1,3.4,8,68
1112,Amit Kadam,3,95,5.4,5.4,3,73
1113,Ananya Lokhande,2,72,6.7,4.9,10,93
1114,Aniket Roy,3,82,7.6,2.5,3,95
1115,Anjali Borkar,2,73,7,4.2,8,70
1116,Arjun Gupta,5,74,5.7,3.2,4,87
1117,Aryan Chavan,10,87,6.5,2.7,2,61
1118,Ashish Thakur,6,72,6.8,6.4,8,73
1119,Ayush Gawande,8,66,7.7,1.1,6,85
1120,Bhavna Salve,5,70,8.6,2.9,7,89
1121,Chetan Das,1,98,7.2,4.7,10,46
1122,Deepak Mane,1,70,7.7,4.3,6,44
1123,Deepika Joshi,3,74,5.3,7.6,9,52
1124,Dhruv More,3,85,8.8,6.9,6,45
1125,Divya Raut,9,64,6.3,6.3,5,51
1126,Gaurav Sawant,9,71,6.4,4.6,5,93
1127,Isha Rathod,9,67,5.9,4,5,74
1128,Karan Iyer,7,97,5.3,1.3,9,45
1129,Kavya Pandey,6,98,8.2,6.8,6,79
1130,Kiran Verma,7,90,6,4,10,92
1131,Kunal Kulkarni,5,70,6.1,3.2,4,86
1132,Manish Agrawal,7,85,5.7,5.2,8,87
1133,Meera Suryawanshi,8,87,8.9,6.3,3,90
1134,Mohit Chaudhary,8,95,8.1,4.7,4,82
1135,Neha Reddy,7,66,8.7,2,2,89
1136,Nikhil Dubey,1,90,8.4,7.5,10,84
1137,Nisha Patil,8,67,8.6,1.8,4,78
1138,Pallavi Deshmukh,4,83,6.9,7.8,9,51
1139,Pankaj Mehta,8,96,5.7,4.1,5,91
1140,Pooja Wagh,6,62,6.3,7.6,3,45
1141,Prakash Yadav,9,66,6.2,7.4,5,55
1142,Priya Nair,4,93,7.9,3.8,5,80
1143,Rahul Saxena,10,60,5.1,6.6,6,80
1144,Raj Sharma,9,88,5.6,1.6,4,89
1145,Rakesh Jadhav,4,80,7.7,1.6,8,44
1146,Riya Mishra,5,74,5.5,3.5,8,84
1147,Rohan Bhosale,6,95,5.2,5.3,3,47
1148,Rohit Tiwari,8,94,5.4,1.1,6,74
1149,Sachin Pande,7,73,7.8,4.6,7,52
1150,Sakshi Kapoor,9,60,5.6,7.8,4,71
1151,Sameer Pawar,4,65,5.6,7,8,45
1152,Sana Khan,6,64,5.9,2.6,4,41
1153,Sanjay Kale,5,100,8,4.7,9,94
1154,Sanya Gaikwad,10,84,5.8,2.2,6,68
1155,Shivam Desai,4,87,5.1,2.8,5,66
1156,Shraddha Dhumal,6,69,8.6,7.5,7,61
1157,Shreya Malik,2,94,8.5,8,7,90
1158,Sneha Ingale,9,89,5.7,2.7,6,83
1159,Sonali Singh,4,90,6.1,2.5,8,66
1160,Sonal Shinde,4,79,5.8,3.7,4,46
1161,Sourabh Naik,6,88,7.9,4.1,9,79
1162,Tanmay Kadam,5,82,6,1.6,7,51
1163,Tanya Lokhande,9,75,8.7,2,3,58
1164,Varun Roy,6,84,8.3,4,10,77
1165,Vikas Borkar,6,73,7.4,2.6,9,93
1166,Vijay Gupta,2,99,5,6.9,3,52
1167,Vishal Chavan,1,89,8.5,6.3,9,41
1168,Yash Thakur,4,90,7.9,4.8,6,63
1169,Yogesh Gawande,10,89,8.2,4,8,79
1170,Zoya Salve,10,78,5.3,6.8,5,76
1171,Aarav Das,7,98,7.8,2.2,4,93
1172,Aditi Mane,7,68,8.2,7.2,3,51
1173,Aditya Joshi,4,83,8.8,1.3,2,84
1174,Akash More,2,62,7.3,7.5,9,83
1175,Akshay Raut,1,72,7,2,4,86
1176,Aman Sawant,4,83,6.7,6.7,10,90
1177,Amit Rathod,4,80,7.8,1.1,4,56
1178,Ananya Iyer,2,98,8.7,6.7,5,57
1179,Aniket Pandey,3,85,7.4,5.1,9,65
1180,Anjali Verma,1,76,5.9,1.1,5,59
1181,Arjun Kulkarni,7,77,5.1,6.4,8,47
1182,Aryan Agrawal,10,85,7.5,1.7,2,58
1183,Ashish Suryawanshi,7,92,8.5,4.8,10,61
1184,Ayush Chaudhary,5,71,5.3,3.3,7,82
1185,Bhavna Reddy,5,83,6.6,6.3,8,40
1186,Chetan Dubey,4,83,8.8,7,2,82
1187,Deepak Patil,2,60,7,4.2,10,83
1188,Deepika Deshmukh,6,97,5.9,6.3,6,47
1189,Dhruv Mehta,6,83,6.4,7.4,3,93
1190,Divya Wagh,1,69,6.6,5.8,3,80
1191,Gaurav Yadav,5,85,5.5,3.3,2,79
1192,Isha Nair,3,87,7.6,4.2,8,82
1193,Karan Saxena,2,97,7.4,2.6,3,85
1194,Kavya Sharma,8,61,7.6,4.2,10,62
1195,Kiran Jadhav,6,76,7.4,2.7,4,68
1196,Kunal Mishra,7,67,5.1,6.7,2,74
1197,Manish Bhosale,8,83,5.7,5.3,9,50
1198,Meera Tiwari,10,80,5.7,5.4,8,43
1199,Mohit Pande,9,79,5.4,1.8,6,80
1200,Neha Kapoor,7,100,7.9,1,9,53
1201,Nikhil Pawar,9,81,5.5,6.5,8,56
1202,Nisha Khan,5,76,7.7,4.8,3,45
1203,Pallavi Kale,10,62,5.7,7.5,5,65
1204,Pankaj Gaikwad,8,71,5.5,4.8,10,71
1205,Pooja Desai,7,96,5.7,2.5,8,90
1206,Prakash Dhumal,10,78,7,5.9,7,67
1207,Priya Malik,6,97,7.6,5.9,3,60
1208,Rahul Ingale,8,81,8.2,1.5,6,84
1209,Raj Singh,3,82,5.5,5.9,3,56
1210,Rakesh Shinde,10,77,7.5,2.5,8,40
1211,Riya Naik,7,82,8.1,2.8,3,41
1212,Rohan Kadam,8,62,6.2,1.2,4,87
1213,Rohit Lokhande,5,62,5.3,5.4,7,79
1214,Sachin Roy,9,79,5.6,6.1,2,50
1215,Sakshi Borkar,1,84,5.4,2.6,8,52
1216,Sameer Gupta,2,82,8.5,6.5,5,86
1217,Sana Chavan,6,77,6.5,6.3,6,75
1218,Sanjay Thakur,8,72,7.1,3.9,8,66
1219,Sanya Gawande,9,89,8.1,1.5,8,60
1220,Shivam Salve,5,84,6.5,3,10,61
1221,Shraddha Das,7,61,7.6,2.2,3,84
1222,Shreya Mane,6,78,5.3,7.7,5,51
1223,Sneha Joshi,10,89,6.9,6.7,2,89
1224,Sonali More,7,92,5.4,1.5,4,53
1225,Sonal Raut,5,71,6,4.6,6,53
1226,Sourabh Sawant,10,97,6.2,2.9,3,61
1227,Tanmay Rathod,2,86,7.9,1.2,6,84
1228,Tanya Iyer,10,77,7.7,3.3,10,40
1229,Varun Pandey,2,85,8,1.9,2,48
1230,Vikas Verma,3,95,5.2,2.6,4,61
1231,Vijay Kulkarni,9,69,9,3.3,4,47
1232,Vishal Agrawal,8,66,5.2,3.9,10,61
1233,Yash Suryawanshi,10,78,8.3,4.3,8,63
1234,Yogesh Chaudhary,8,63,8,4.6,3,74
1235,Zoya Reddy,7,94,7.4,3.6,8,58
1236,Aarav Dubey,4,99,6.8,4.5,2,70
1237,Aditi Patil,1,84,8,3.9,9,95
1238,Aditya Deshmukh,2,100,8,7.8,4,65
1239,Akash Mehta,3,62,5.5,1.5,8,85
1240,Akshay Wagh,1,85,8.2,5.1,6,55
1241,Aman Yadav,6,78,5.3,2.4,8,89
1242,Amit Nair,8,71,7,3.6,5,71
1243,Ananya Saxena,10,72,7.6,4.8,6,47
1244,Aniket Sharma,5,82,8.3,6.3,10,90
1245,Anjali Jadhav,9,86,6.9,7.8,9,79
1246,Arjun Mishra,10,66,5.9,4.5,6,59
1247,Aryan Bhosale,9,85,7,2.8,10,73
1248,Ashish Tiwari,5,97,6,6.5,3,93
1249,Ayush Pande,4,60,7.1,2.6,8,45
1250,Bhavna Kapoor,10,96,6.9,4.6,7,42
1251,Chetan Pawar,3,84,8.1,6.9,4,84
1252,Deepak Khan,5,74,6,3.8,5,56
1253,Deepika Kale,1,90,5.8,4.9,5,87
1254,Dhruv Gaikwad,8,85,6.9,1.8,8,83
1255,Divya Desai,7,91,5.2,1.4,7,91
1256,Gaurav Dhumal,1,63,5.9,7.9,9,82
1257,Isha Malik,3,62,6.4,2.3,7,92
1258,Karan Ingale,6,86,7,3.3,10,74
1259,Kavya Singh,6,72,6.1,4.5,9,46
1260,Kiran Shinde,9,69,7.2,3.6,7,51
1261,Kunal Naik,3,77,8.5,1.7,2,89
1262,Manish Kadam,10,89,7.2,2.4,5,56
1263,Meera Lokhande,5,67,6.1,4.5,3,92
1264,Mohit Roy,9,99,5.2,4.1,5,88
1265,Neha Borkar,3,77,5.5,6.6,10,78
1266,Nikhil Gupta,1,66,7.2,3.2,5,47
1267,Nisha Chavan,1,62,7.7,7.6,9,50
1268,Pallavi Thakur,4,95,5.2,3,6,81
1269,Pankaj Gawande,10,64,5.7,3.3,7,62
1270,Pooja Salve,1,77,6.3,7.6,2,62
1271,Prakash Das,4,87,6.3,6.9,8,45
1272,Priya Mane,2,81,8.8,3.2,4,65
1273,Rahul Joshi,10,70,5.8,3.8,6,40
1274,Raj More,7,64,5.3,6.9,10,47
1275,Rakesh Raut,8,89,6.4,1.6,4,91
1276,Riya Sawant,8,80,5.5,3.1,10,82
1277,Rohan Rathod,7,61,5.5,4.7,9,94
1278,Rohit Iyer,8,67,6.6,6.8,2,91
1279,Sachin Pandey,1,83,6.2,5,5,91
1280,Sakshi Verma,9,66,5.4,4.4,10,62
1281,Sameer Kulkarni,8,76,7.4,7.7,6,54
1282,Sana Agrawal,8,65,7,1.8,9,78
1283,Sanjay Suryawanshi,4,92,5.3,6.5,10,74
1284,Sanya Chaudhary,9,85,8.5,1.9,2,64
1285,Shivam Reddy,4,92,6.1,6.1,8,67
1286,Shraddha Dubey,1,62,8.8,4.8,10,51
1287,Shreya Patil,10,75,8.7,2.9,7,67
1288,Sneha Deshmukh,3,70,6.7,4.8,10,94
1289,Sonali Mehta,2,85,5.9,7.2,8,63
1290,Sonal Wagh,7,93,8.3,4.3,7,68
1291,Sourabh Yadav,3,69,6.4,1,3,92
1292,Tanmay Nair,9,91,5.7,1.4,9,87
1293,Tanya Saxena,5,83,7.2,5.4,9,84
1294,Varun Sharma,1,93,7,5.7,4,40
1295,Vikas Jadhav,10,63,8.4,3.8,3,87
1296,Vijay Mishra,6,100,7.9,2.7,7,44
1297,Vishal Bhosale,3,77,8.5,6,10,41
1298,Yash Tiwari,7,71,7.9,3.1,8,59
1299,Yogesh Pande,6,67,7.6,1.5,9,63
1300,Zoya Kapoor,1,100,7,3.9,7,46
1301,Aarav Pawar,8,96,9,4.8,5,73
1302,Aditi Khan,5,65,8.8,7.8,4,91
1303,Aditya Kale,7,78,8.4,5.1,9,76
1304,Akash Gaikwad,9,90,8.1,2.5,7,93
1305,Akshay Desai,7,84,7.3,6.8,8,90
1306,Aman Dhumal,7,67,6,3,9,85
1307,Amit Malik,3,74,8.5,7.7,10,49
1308,Ananya Ingale,3,75,5,3.3,9,75
1309,Aniket Singh,5,71,5.9,7.4,6,45
1310,Anjali Shinde,9,99,6.6,7.2,3,83
1311,Arjun Naik,6,68,7.3,7,7,90
1312,Aryan Kadam,4,88,7.2,1.3,6,46
1313,Ashish Lokhande,8,97,5.7,6.9,10,68
1314,Ayush Roy,9,92,5.4,6,2,47
1315,Bhavna Borkar,10,92,5.9,3.3,9,70
1316,Chetan Gupta,3,66,6.4,4.4,7,65
1317,Deepak Chavan,8,65,5.1,5.5,2,89
1318,Deepika Thakur,6,92,7.8,7.6,4,55
1319,Dhruv Gawande,5,90,6,6.5,2,81
1320,Divya Salve,4,90,6.4,4,10,76
1321,Gaurav Das,2,77,6.3,5.5,7,80
1322,Isha Mane,3,81,7,2.3,7,93
1323,Karan Joshi,6,60,8.4,4,6,50
1324,Kavya More,9,71,5.6,6.5,5,40
1325,Kiran Raut,9,81,6.4,5.2,3,74
1326,Kunal Sawant,2,65,7.8,6.5,8,46
1327,Manish Rathod,7,65,5.2,4.6,3,65
1328,Meera Iyer,1,61,8.3,3.7,3,69
1329,Mohit Pandey,7,68,8.8,6.2,10,74
1330,Neha Verma,4,100,7.4,1.7,2,40
1331,Nikhil Kulkarni,5,88,8.8,7.9,10,72
1332,Nisha Agrawal,8,98,6.7,7.6,2,83
1333,Pallavi Suryawanshi,5,70,6.7,7.2,6,41
1334,Pankaj Chaudhary,9,84,5.4,7.2,7,62
1335,Pooja Reddy,6,96,5.1,4.6,3,59
1336,Prakash Dubey,10,74,6,4.5,9,59
1337,Priya Patil,7,86,6.9,6.7,10,65
1338,Rahul Deshmukh,3,88,7,3,4,47
1339,Raj Mehta,8,94,5.9,6.9,3,68
1340,Rakesh Wagh,5,99,7.5,2.4,8,44
1341,Riya Yadav,6,85,5.7,7.2,5,45
1342,Rohan Nair,2,83,6.3,4.8,2,70
1343,Rohit Saxena,2,95,5.8,6.9,8,90
1344,Sachin Sharma,6,88,7.8,4.5,5,79
1345,Sakshi Jadhav,2,74,7.1,5.3,5,58
1346,Sameer Mishra,10,85,7.9,7.5,7,59
1347,Sana Bhosale,9,82,5.2,3.9,7,67
1348,Sanjay Tiwari,8,69,6.7,2.5,9,41
1349,Sanya Pande,8,81,8.9,1.6,9,77
1350,Shivam Kapoor,6,85,5.2,5.1,10,47
1351,Shraddha Pawar,1,97,6.7,5.3,10,80
1352,Shreya Khan,4,83,5.2,5.3,7,60
1353,Sneha Kale,5,66,5.6,1.3,7,61
1354,Sonali Gaikwad,10,100,6.9,1.2,6,64
1355,Sonal Desai,3,83,5.6,7.3,7,47
1356,Sourabh Dhumal,5,71,7.1,5.9,2,53
1357,Tanmay Malik,4,90,8.7,1.8,5,51
1358,Tanya Ingale,2,75,5.8,1.5,4,87
1359,Varun Singh,2,75,5.4,2.1,7,49
1360,Vikas Shinde,4,94,8.3,6.6,10,47
1361,Vijay Naik,1,95,6.8,6.1,6,53
1362,Vishal Kadam,1,81,8.5,5.5,7,63
1363,Yash Lokhande,4,75,6.2,5.5,5,73
1364,Yogesh Roy,3,95,7.5,7,5,63
1365,Zoya Borkar,6,67,8.7,3.3,8,70
1366,Aarav Gupta,1,90,5.7,3.3,4,68
1367,Aditi Chavan,4,83,8.2,4,9,49
1368,Aditya Thakur,5,95,7.5,7.9,3,40
1369,Akash Gawande,10,77,8.3,4.9,4,78
1370,Akshay Salve,7,94,5.7,4.8,8,92
1371,Aman Das,9,60,6.7,6.7,2,43
1372,Amit Mane,4,91,5.5,2.2,5,91
1373,Ananya Joshi,5,62,8.8,3.8,5,90
1374,Aniket More,5,86,5.3,5.5,10,84
1375,Anjali Raut,9,68,5.3,7.9,3,71
1376,Arjun Sawant,10,99,8.6,2.1,6,59
1377,Aryan Rathod,10,91,6.2,4.2,6,73
1378,Ashish Iyer,8,64,7.4,7.3,9,40
1379,Ayush Pandey,6,96,6.1,6.1,6,56
1380,Bhavna Verma,6,70,7.6,5.3,3,62
1381,Chetan Kulkarni,10,82,5.8,2.8,9,68
1382,Deepak Agrawal,3,63,6.8,2.3,3,55
1383,Deepika Suryawanshi,4,64,7.1,3.6,8,63
1384,Dhruv Chaudhary,9,69,6.3,2.8,4,80
1385,Divya Reddy,4,81,6,6.7,3,93
1386,Gaurav Dubey,3,82,5.6,6,3,86
1387,Isha Patil,6,95,7.8,6.8,10,44
1388,Karan Deshmukh,4,66,5.7,2.2,10,73
1389,Kavya Mehta,9,90,6.2,3.2,7,65
1390,Kiran Wagh,10,60,6.3,6.4,9,69
1391,Kunal Yadav,4,71,6.8,2.1,10,84
1392,Manish Nair,6,67,7.8,2,5,58
1393,Meera Saxena,10,65,6.7,3.7,8,70
1394,Mohit Sharma,8,83,8.5,2.3,6,89
1395,Neha Jadhav,3,96,7.7,1.6,3,71
1396,Nikhil Mishra,6,87,8.4,3.2,6,71
1397,Nisha Bhosale,7,95,7.9,7.1,2,91
1398,Pallavi Tiwari,7,84,5.6,1.4,7,41
1399,Pankaj Pande,1,62,8.9,5,4,61
1400,Pooja Kapoor,3,74,8.1,4.9,2,67
1401,Prakash Pawar,9,93,7.3,4.7,8,40
1402,Priya Khan,3,61,5.7,4.5,5,66
1403,Rahul Kale,3,63,5.7,1.1,6,91
1404,Raj Gaikwad,4,94,7.5,1.3,2,84
1405,Rakesh Desai,2,62,6.7,4.6,2,41
1406,Riya Dhumal,2,99,7.7,7.8,10,89
1407,Rohan Malik,4,91,6.5,3.9,7,84
1408,Rohit Ingale,9,87,7.1,4.3,5,89
1409,Sachin Singh,1,81,5.8,7.9,7,47
1410,Sakshi Shinde,3,63,5.6,6.5,8,90
1411,Sameer Naik,1,76,5.3,6.4,3,41
1412,Sana Kadam,6,93,8.3,4.5,10,41
1413,Sanjay Lokhande,3,97,7.2,7.3,7,59
1414,Sanya Roy,8,78,8.8,5.1,4,85
1415,Shivam Borkar,6,94,8,5.6,4,88
1416,Shraddha Gupta,8,91,8.1,6.5,2,75
1417,Shreya Chavan,7,62,7,3.8,4,42
1418,Sneha Thakur,5,85,8.3,7.7,5,88
1419,Sonali Gawande,9,85,8.8,7.9,3,54
1420,Sonal Salve,5,82,7.9,5.1,8,81
1421,Sourabh Das,10,91,5.4,2.6,4,55
1422,Tanmay Mane,10,96,7.6,6.4,6,71
1423,Tanya Joshi,6,82,5.5,3.3,7,45
1424,Varun More,7,73,5.3,5,2,95
1425,Vikas Raut,3,100,7.8,1.6,3,45
1426,Vijay Sawant,9,99,8.3,6.7,2,93
1427,Vishal Rathod,7,88,5.6,7.7,8,90
1428,Yash Iyer,10,86,5.3,1.7,8,48
1429,Yogesh Pandey,3,64,8.5,6.1,3,78
1430,Zoya Verma,8,76,5.5,7,8,59
1431,Aarav Kulkarni,5,68,5.1,1.8,9,57
1432,Aditi Agrawal,2,81,7.9,2.7,2,58
1433,Aditya Suryawanshi,2,93,8.4,3.7,3,53
1434,Akash Chaudhary,6,69,7.1,6.9,9,93
1435,Akshay Reddy,4,100,7.2,4.5,4,42
1436,Aman Dubey,2,65,6.3,2,5,59
1437,Amit Patil,5,64,6,2.8,7,60
1438,Ananya Deshmukh,7,99,8,4.3,2,63
1439,Aniket Mehta,4,64,8.4,1.3,5,56
1440,Anjali Wagh,10,90,6.3,5.4,5,77
1441,Arjun Yadav,8,91,6.1,1.2,9,91
1442,Aryan Nair,6,73,6.1,6.5,8,77
1443,Ashish Saxena,10,62,5.2,6.1,4,52
1444,Ayush Sharma,5,72,6.1,7.1,7,95
1445,Bhavna Jadhav,2,62,5.1,2.1,5,62
1446,Chetan Mishra,1,87,8.2,5.2,6,57
1447,Deepak Bhosale,10,96,6,6.5,8,78
1448,Deepika Tiwari,10,100,7.8,4.6,4,94
1449,Dhruv Pande,8,92,7.2,1.9,7,57
1450,Divya Kapoor,2,91,8.3,1.7,5,51
1451,Gaurav Pawar,3,96,8.8,5.2,7,83
1452,Isha Khan,1,91,6.5,4.5,5,66
1453,Karan Kale,1,86,5.4,7.5,10,80
1454,Kavya Gaikwad,3,100,8,6.8,5,65
1455,Kiran Desai,6,73,5.1,6.1,2,41
1456,Kunal Dhumal,1,76,5.9,7.9,6,60
1457,Manish Malik,10,97,5.2,5.9,4,87
1458,Meera Ingale,5,72,8.6,1.6,6,92
1459,Mohit Singh,3,72,5,1.5,10,60
1460,Neha Shinde,6,66,7,6.7,2,78
1461,Nikhil Naik,8,71,6.7,3.5,2,45
1462,Nisha Kadam,4,84,7.6,7.5,4,52
1463,Pallavi Lokhande,1,96,6.2,1.8,5,79
1464,Pankaj Roy,1,65,8.5,2.4,3,42
1465,Pooja Borkar,9,87,7.9,6.4,8,81
1466,Prakash Gupta,2,91,6.7,6.9,7,93
1467,Priya Chavan,7,96,6.4,7.1,8,43
1468,Rahul Thakur,4,90,8.3,1.7,5,72
1469,Raj Gawande,8,66,8,3.7,10,59
1470,Rakesh Salve,1,80,6.6,5.5,8,76
1471,Riya Das,9,99,6.4,7.4,10,90
1472,Rohan Mane,7,97,5.2,2.7,2,44
1473,Rohit Joshi,5,85,5.3,5.2,8,77
1474,Sachin More,3,99,5.2,2,5,50
1475,Sakshi Raut,10,87,5.1,6.2,3,69
1476,Sameer Sawant,4,62,5.6,1.9,3,64
1477,Sana Rathod,5,97,8.4,8,3,68
1478,Sanjay Iyer,4,66,8.2,1.6,2,82
1479,Sanya Pandey,3,75,8.4,5.8,6,74
1480,Shivam Verma,5,69,7.5,6.4,8,59
1481,Shraddha Kulkarni,2,89,7.5,2.8,6,76
1482,Shreya Agrawal,1,61,5.5,2.8,3,73
1483,Sneha Suryawanshi,3,86,7.8,5.2,8,43
1484,Sonali Chaudhary,2,95,6.1,5.4,3,74
1485,Sonal Reddy,5,92,7.1,6,9,58
1486,Sourabh Dubey,9,72,8.8,5.1,5,48
1487,Tanmay Patil,2,96,8.5,2.2,2,69
1488,Tanya Deshmukh,1,74,5.9,7.5,4,68
1489,Varun Mehta,2,87,7.9,2.2,9,80
1490,Vikas Wagh,6,80,5.4,5,10,64
1491,Vijay Yadav,3,62,5.1,7.4,5,81
1492,Vishal Nair,5,60,5.1,7.4,10,55
1493,Yash Saxena,1,67,5.7,2.2,4,73
1494,Yogesh Sharma,4,98,7.8,2.7,5,93
1495,Zoya Jadhav,5,99,6.5,5.2,6,72
1496,Aarav Mishra,5,76,5.1,3.4,3,78
1497,Aditi Bhosale,6,99,9,6.1,5,60
1498,Aditya Tiwari,8,62,7.1,4.7,6,77
1499,Akash Pande,5,99,6.6,2.9,8,86
1500,Akshay Kapoor,9,69,7.1,3.9,6,88
1501,Aman Pawar,6,61,7.1,5.8,2,91
1502,Amit Khan,3,91,6.9,6.5,6,57
1503,Ananya Kale,3,75,7.5,3.6,9,87
1504,Aniket Gaikwad,4,71,8.5,1.7,2,59
1505,Anjali Desai,6,91,6.2,3.5,10,88
1506,Arjun Dhumal,3,73,6.9,5.4,3,40
1507,Aryan Malik,10,90,5,6.3,2,90
1508,Ashish Ingale,5,68,8.4,7.2,3,52
1509,Ayush Singh,9,63,6.2,7.7,4,51
1510,Bhavna Shinde,7,73,6.1,4.7,5,71
1511,Chetan Naik,4,84,9,7.2,9,68
1512,Deepak Kadam,3,69,7.3,2.8,7,48
1513,Deepika Lokhande,8,65,5.5,4.9,7,69
1514,Dhruv Roy,4,90,6.1,4.8,9,84
1515,Divya Borkar,3,80,6.4,6.4,3,67
1516,Gaurav Gupta,10,77,8.9,6.4,4,72
1517,Isha Chavan,5,69,6.7,3,10,87
1518,Karan Thakur,1,60,5.9,7.2,8,50
1519,Kavya Gawande,5,62,7.3,7.2,2,58
1520,Kiran Salve,5,87,6.6,7.6,4,90
1521,Kunal Das,9,63,5.2,4.2,5,49
1522,Manish Mane,8,70,8.4,7.9,2,54
1523,Meera Joshi,2,97,5.1,6.5,7,55
1524,Mohit More,2,74,8.6,5.6,7,86
1525,Neha Raut,7,90,8.2,4,5,48
1526,Nikhil Sawant,1,74,5.3,6.9,3,60
1527,Nisha Rathod,4,98,7.9,6.3,5,62
1528,Pallavi Iyer,2,93,8.1,5.1,10,44
1529,Pankaj Pandey,1,79,7.4,8,8,46
1530,Pooja Verma,10,88,7.3,2.7,10,61
1531,Prakash Kulkarni,1,76,5.2,5.5,6,44
1532,Priya Agrawal,1,98,5.2,3.2,2,94
1533,Rahul Suryawanshi,10,74,7.9,4.2,2,65
1534,Raj Chaudhary,2,94,5.4,3.4,3,40
1535,Rakesh Reddy,9,85,6,3.3,6,73
1536,Riya Dubey,1,86,7,3.6,3,82
1537,Rohan Patil,2,74,5.7,1.4,4,74
1538,Rohit Deshmukh,2,94,8.2,1.3,10,71
1539,Sachin Mehta,8,90,8.2,6.1,2,45
1540,Sakshi Wagh,7,93,8.4,3.2,2,80
1541,Sameer Yadav,5,92,5.2,1.1,5,94
1542,Sana Nair,3,66,6.7,1.6,8,60
1543,Sanjay Saxena,1,95,8.4,2.4,9,46
1544,Sanya Sharma,6,94,6.5,1.3,4,51
1545,Shivam Jadhav,3,69,7.8,7.6,4,76
1546,Shraddha Mishra,6,100,7.4,5,7,75
1547,Shreya Bhosale,7,81,6.4,3.8,9,89
1548,Sneha Tiwari,9,73,6.1,4.7,3,62
1549,Sonali Pande,5,69,7.6,1.8,10,89
1550,Sonal Kapoor,1,74,5.5,5.9,9,55
1551,Sourabh Pawar,3,61,8.4,7.8,4,68
1552,Tanmay Khan,9,88,7.3,1.9,8,76
1553,Tanya Kale,6,89,5.4,2.1,7,55
1554,Varun Gaikwad,7,87,7.8,5.4,2,60
1555,Vikas Desai,5,82,6.7,2.1,5,86
1556,Vijay Dhumal,2,74,5.8,1.9,4,72
1557,Vishal Malik,9,89,8.8,5.7,2,74
1558,Yash Ingale,8,95,7.9,5.3,6,74
1559,Yogesh Singh,10,63,7.4,2.5,8,84
1560,Zoya Shinde,9,75,8.4,6.8,6,94
1561,Aarav Naik,3,100,7.2,1.7,2,62
1562,Aditi Kadam,3,95,6.8,3.3,9,59
1563,Aditya Lokhande,3,100,5.8,6.2,2,91
1564,Akash Roy,10,67,5.6,5.3,5,66
1565,Akshay Borkar,6,79,6.7,5.2,7,92
1566,Aman Gupta,5,65,6.8,5.8,10,89
1567,Amit Chavan,10,95,7.9,5.5,8,81
1568,Ananya Thakur,7,81,6.8,7.1,3,80
1569,Aniket Gawande,10,69,7.4,5,5,92
1570,Anjali Salve,10,63,8.3,3.8,9,55
1571,Arjun Das,1,90,9,6.4,4,65
1572,Aryan Mane,4,93,6.3,2.8,10,70
1573,Ashish Joshi,8,96,8.6,6.3,6,50
1574,Ayush More,9,99,8.2,3,7,68
1575,Bhavna Raut,2,93,5.3,4.4,7,76
1576,Chetan Sawant,4,92,6.3,6.2,10,68
1577,Deepak Rathod,6,93,5.9,5.4,8,76
1578,Deepika Iyer,8,100,7.7,1.6,5,45
1579,Dhruv Pandey,2,78,7.2,4.1,7,67
1580,Divya Verma,7,91,7,6.7,8,92
1581,Gaurav Kulkarni,3,93,8.1,8,7,54
1582,Isha Agrawal,3,64,6.3,4.3,2,65
1583,Karan Suryawanshi,6,88,6.5,1.6,10,74
1584,Kavya Chaudhary,5,73,8.5,3.6,4,75
1585,Kiran Reddy,7,65,8.9,4.4,7,50
1586,Kunal Dubey,4,66,8.1,1.5,7,46
1587,Manish Patil,9,64,5.9,7,3,82
1588,Meera Deshmukh,1,96,5.5,4.8,9,69
1589,Mohit Mehta,9,91,5.8,3.9,2,90
1590,Neha Wagh,1,64,6.7,3.8,10,95
1591,Nikhil Yadav,8,85,5.9,1.2,10,49
1592,Nisha Nair,4,87,8.6,4.6,7,60
1593,Pallavi Saxena,4,81,7.7,4.3,10,85
1594,Pankaj Sharma,1,84,6.7,3.4,9,56
1595,Pooja Jadhav,8,97,6.1,5.6,10,51
1596,Prakash Mishra,2,81,6.5,3.9,9,48
1597,Priya Bhosale,7,87,6.9,5,10,68
1598,Rahul Tiwari,8,83,7.9,7.2,8,61
1599,Raj Pande,9,76,5.4,3.5,9,92
1600,Rakesh Kapoor,8,96,8.4,3.8,3,94
1601,Riya Pawar,4,76,5.5,7.1,5,44
1602,Rohan Khan,8,92,6,3.5,6,90
1603,Rohit Kale,9,84,9,4.1,10,45
1604,Sachin Gaikwad,4,88,5.8,6.6,6,80
1605,Sakshi Desai,2,91,5.4,5.1,5,93
1606,Sameer Dhumal,9,90,7.6,7.5,9,59
1607,Sana Malik,2,83,6.6,4.3,7,48
1608,Sanjay Ingale,6,85,5.4,4.4,7,43
1609,Sanya Singh,3,80,5,1.3,10,59
1610,Shivam Shinde,2,73,5.3,2.4,9,93
1611,Shraddha Naik,8,89,7.1,4.8,8,65
1612,Shreya Kadam,2,96,5.9,2.3,10,63
1613,Sneha Lokhande,7,88,8.1,4.2,2,40
1614,Sonali Roy,7,91,8.4,3,6,77
1615,Sonal Borkar,1,94,5.6,1.1,2,50
1616,Sourabh Gupta,2,75,6.3,4.3,9,78
1617,Tanmay Chavan,8,62,5.6,5.5,3,86
1618,Tanya Thakur,6,73,6.1,3.4,7,83
1619,Varun Gawande,2,90,6,6.4,9,69
1620,Vikas Salve,10,93,8.1,2,7,76
1621,Vijay Das,3,81,6.4,1.6,2,62
1622,Vishal Mane,1,91,7,7.5,6,79
1623,Yash Joshi,10,63,7.7,7.5,9,78
1624,Yogesh More,1,86,8.3,3.8,10,50
1625,Zoya Raut,6,87,6.2,3.9,10,58
1626,Aarav Sawant,10,80,5.8,7,9,83
1627,Aditi Rathod,6,89,8.9,4.7,4,64
1628,Aditya Iyer,6,80,6.3,1.8,8,53
1629,Akash Pandey,4,81,7.7,1.8,3,95
1630,Akshay Verma,2,84,7.7,1.9,4,88
1631,Aman Kulkarni,6,92,7.1,6.5,4,83
1632,Amit Agrawal,9,70,5.9,5.2,6,63
1633,Ananya Suryawanshi,1,72,5.6,3.1,9,71
1634,Aniket Chaudhary,9,77,6.9,2.1,9,92
1635,Anjali Reddy,5,68,7,1.9,10,69
1636,Arjun Dubey,6,73,8.1,6.2,10,86
1637,Aryan Patil,2,74,7.8,7.2,2,87
1638,Ashish Deshmukh,7,72,8.6,4.7,10,85
1639,Ayush Mehta,2,76,8.9,6.4,9,73
1640,Bhavna Wagh,3,80,7.9,3,8,59
1641,Chetan Yadav,8,88,5.3,5.1,2,58
1642,Deepak Nair,1,72,6.6,4.1,8,85
1643,Deepika Saxena,5,94,7.4,1.6,8,63
1644,Dhruv Sharma,6,79,7.4,4.4,2,53
1645,Divya Jadhav,2,89,5.7,6.9,3,50
1646,Gaurav Mishra,3,64,7.3,1.4,8,74
1647,Isha Bhosale,4,67,6.4,4.3,3,93
1648,Karan Tiwari,7,78,6.4,7.1,5,61
1649,Kavya Pande,10,75,8.3,6.5,7,76
1650,Kiran Kapoor,9,80,6.7,4.5,9,57
1651,Kunal Pawar,2,66,7.1,2.2,4,62
1652,Manish Khan,1,79,7.3,6.9,2,62
1653,Meera Kale,1,88,7.3,2.1,9,60
1654,Mohit Gaikwad,6,89,5.9,2.9,10,87
1655,Neha Desai,2,70,7.4,1.9,9,90
1656,Nikhil Dhumal,3,74,6.3,4.2,6,55
1657,Nisha Malik,9,81,7.6,5.4,8,60
1658,Pallavi Ingale,9,81,5.6,6.8,3,41
1659,Pankaj Singh,9,92,9,4.2,7,82
1660,Pooja Shinde,3,76,8.1,7.8,7,79
1661,Prakash Naik,7,87,6.7,5.2,7,86
1662,Priya Kadam,7,96,6.2,5.2,8,71
1663,Rahul Lokhande,2,72,6.6,2.2,10,90
1664,Raj Roy,6,93,7.9,2.3,9,47
1665,Rakesh Borkar,6,73,7.6,5,2,60
1666,Riya Gupta,4,73,7.8,6,8,65
1667,Rohan Chavan,8,86,8.6,2.4,8,82
1668,Rohit Thakur,7,85,6.8,4.4,6,52
1669,Sachin Gawande,6,82,7.7,3.5,7,58
1670,Sakshi Salve,8,69,6.8,4.1,2,45
1671,Sameer Das,8,63,7.6,2.6,4,92
1672,Sana Mane,6,97,6.9,2,9,65
1673,Sanjay Joshi,3,95,8.1,3.2,2,40
1674,Sanya More,8,96,5,7.1,10,53
1675,Shivam Raut,8,81,5.9,6.6,4,71
1676,Shraddha Sawant,10,96,6.2,1.7,9,67
1677,Shreya Rathod,2,79,8.8,1.6,3,68
1678,Sneha Iyer,5,63,7,4.5,2,43
1679,Sonali Pandey,10,68,6.5,2.9,7,89
1680,Sonal Verma,6,71,6.6,6.8,8,86
1681,Sourabh Kulkarni,10,75,6.8,4.4,2,52
1682,Tanmay Agrawal,1,98,8.5,7,4,60
1683,Tanya Suryawanshi,1,73,8.8,1.8,4,44
1684,Varun Chaudhary,8,85,8.4,7.8,10,47
1685,Vikas Reddy,4,71,8.4,6.4,4,87
1686,Vijay Dubey,6,86,5.8,6.1,2,46
1687,Vishal Patil,5,83,6.1,7.6,10,59
1688,Yash Deshmukh,5,66,7.4,4.3,2,95
1689,Yogesh Mehta,10,78,7.6,2,6,58
1690,Zoya Wagh,1,64,5.8,4.5,3,78
1691,Aarav Yadav,8,96,8,6.7,4,45
1692,Aditi Nair,9,88,5.8,7,8,88
1693,Aditya Saxena,7,98,6.1,4.4,3,91
1694,Akash Sharma,4,95,6.2,6.1,7,91
1695,Akshay Jadhav,2,68,8.4,2.7,7,75
1696,Aman Mishra,7,88,7.9,2.6,8,94
1697,Amit Bhosale,5,64,7.1,5.1,3,78
1698,Ananya Tiwari,2,99,8.3,4,5,61
1699,Aniket Pande,4,92,8.3,2.1,2,90
1700,Anjali Kapoor,10,87,6.6,6.3,9,55
1701,Arjun Pawar,3,100,8.1,4.7,10,87
1702,Aryan Khan,2,94,5.8,4.6,6,92
1703,Ashish Kale,7,95,7,2.3,6,65
1704,Ayush Gaikwad,2,64,5.5,2.7,3,53
1705,Bhavna Desai,10,60,6.7,5.8,9,48
1706,Chetan Dhumal,9,99,7.1,7,8,70
1707,Deepak Malik,10,70,5.3,2.2,3,77
1708,Deepika Ingale,10,77,6.9,6.7,6,73
1709,Dhruv Singh,3,61,7.6,6.5,3,76
1710,Divya Shinde,3,85,7.5,6.7,7,41
1711,Gaurav Naik,4,93,5.2,5.1,7,42
1712,Isha Kadam,5,94,5.4,3.5,5,54
1713,Karan Lokhande,9,83,6.4,6.4,5,90
1714,Kavya Roy,8,87,8.4,4.4,8,68
1715,Kiran Borkar,7,81,8.5,2.6,3,58
1716,Kunal Gupta,9,78,6.2,3.8,2,77
1717,Manish Chavan,7,82,7.9,4.2,5,64
1718,Meera Thakur,4,98,7.3,4.5,6,48
1719,Mohit Gawande,5,70,8.9,7.3,4,68
1720,Neha Salve,6,79,5.4,3.9,5,79
1721,Nikhil Das,1,84,7.2,3,2,91
1722,Nisha Mane,8,83,7.4,7.7,8,60
1723,Pallavi Joshi,7,61,6.2,2.7,8,49
1724,Pankaj More,8,71,5.2,1.1,4,88
1725,Pooja Raut,6,86,5.2,6.9,7,60
1726,Prakash Sawant,8,88,6.8,7.7,4,48
1727,Priya Rathod,10,90,7.8,5.8,5,68
1728,Rahul Iyer,6,100,7.8,3.9,4,43
1729,Raj Pandey,5,87,5.7,4.8,10,95
1730,Rakesh Verma,2,83,8.4,6.8,6,83
1731,Riya Kulkarni,8,73,6.5,7.2,7,64
1732,Rohan Agrawal,10,75,8.9,1.7,3,70
1733,Rohit Suryawanshi,7,93,5.5,7.1,10,62
1734,Sachin Chaudhary,9,79,8.3,5.3,8,66
1735,Sakshi Reddy,9,89,8.6,1.2,2,92
1736,Sameer Dubey,8,65,8.3,1.8,4,80
1737,Sana Patil,6,65,8.2,1.3,6,77
1738,Sanjay Deshmukh,1,68,6.4,7.6,5,94
1739,Sanya Mehta,1,68,7.9,4,9,49
1740,Shivam Wagh,3,84,7.3,6,7,90
1741,Shraddha Yadav,5,86,6.7,1,7,49
1742,Shreya Nair,8,82,9,6.6,5,54
1743,Sneha Saxena,5,71,6.2,4.4,9,76
1744,Sonali Sharma,1,83,6.7,7.5,8,47
1745,Sonal Jadhav,3,64,8.6,4.6,8,66
1746,Sourabh Mishra,10,79,6.2,6.5,7,58
1747,Tanmay Bhosale,10,66,5.6,5.4,7,40
1748,Tanya Tiwari,4,63,6.2,4.6,8,50
1749,Varun Pande,9,66,8,7.6,4,65
1750,Vikas Kapoor,8,64,8.4,4.5,6,44
1751,Vijay Pawar,10,79,5.5,7.2,3,92
1752,Vishal Khan,9,82,7.5,1.3,5,64
1753,Yash Kale,7,84,7.3,5.6,4,81
1754,Yogesh Gaikwad,4,78,7.7,7.4,3,51
1755,Zoya Desai,7,67,7.7,7.3,6,71
1756,Aarav Dhumal,4,60,8.8,4.4,5,46
1757,Aditi Malik,4,89,6.4,4.3,6,50
1758,Aditya Ingale,7,100,6.2,6.7,9,78
1759,Akash Singh,6,71,7.3,3.3,5,58
1760,Akshay Shinde,6,68,6.7,7.6,3,95
1761,Aman Naik,4,72,6.9,2.8,9,95
1762,Amit Kadam,5,68,5.3,1.5,3,47
1763,Ananya Lokhande,1,69,5.6,6.4,10,76
1764,Aniket Roy,7,80,8.7,3.8,7,83
1765,Anjali Borkar,6,92,5.3,3.5,4,55
1766,Arjun Gupta,10,89,7.4,3.2,7,87
1767,Aryan Chavan,6,99,8,7.9,10,81
1768,Ashish Thakur,5,74,5,5,10,58
1769,Ayush Gawande,1,80,5.9,7.9,5,45
1770,Bhavna Salve,2,75,6.5,3.4,2,64
1771,Chetan Das,4,61,7,3.9,2,60
1772,Deepak Mane,4,75,6.4,2.5,9,69
1773,Deepika Joshi,4,70,7.6,4,7,52
1774,Dhruv More,4,79,5.9,1.4,8,57
1775,Divya Raut,8,66,5.1,1,8,90
1776,Gaurav Sawant,2,90,5,4.2,8,87
1777,Isha Rathod,4,94,6.4,6.2,6,81
1778,Karan Iyer,2,99,6.4,4.1,5,59
1779,Kavya Pandey,4,63,8.8,4.6,4,67
1780,Kiran Verma,7,64,5.2,4.1,4,56
1781,Kunal Kulkarni,1,99,7.1,4.7,8,62
1782,Manish Agrawal,4,94,7.3,6.4,2,68
1783,Meera Suryawanshi,1,84,7.8,6.6,3,88
1784,Mohit Chaudhary,10,73,7.6,6.9,9,84
1785,Neha Reddy,8,81,5,2.5,7,50
1786,Nikhil Dubey,3,81,7.5,4.2,3,92
1787,Nisha Patil,2,94,6.3,6.8,2,44
1788,Pallavi Deshmukh,1,81,8.1,7.6,4,42
1789,Pankaj Mehta,5,61,5.8,4.8,3,87
1790,Pooja Wagh,8,88,7.9,4.5,4,55
1791,Prakash Yadav,6,91,7.5,6.4,9,87
1792,Priya Nair,9,72,7.6,7.9,9,43
1793,Rahul Saxena,4,64,5.7,4,4,53
1794,Raj Sharma,3,65,7.7,2.2,4,86
1795,Rakesh Jadhav,5,94,7.9,6.8,9,50
1796,Riya Mishra,3,78,7,6,5,69
1797,Rohan Bhosale,10,81,6.4,2,3,80
1798,Rohit Tiwari,2,99,5.7,3.3,8,59
1799,Sachin Pande,5,62,6.2,4.9,6,48
1800,Sakshi Kapoor,6,68,8.1,6.1,10,86
1801,Sameer Pawar,1,94,6.6,6.5,9,74
1802,Sana Khan,5,82,7.8,2.1,9,91
1803,Sanjay Kale,5,61,8,2.5,10,79
1804,Sanya Gaikwad,3,88,7.7,6.2,6,81
1805,Shivam Desai,2,65,7.7,1.8,6,74
1806,Shraddha Dhumal,1,92,7.4,4.5,2,77
1807,Shreya Malik,1,92,7.1,4.8,3,63
1808,Sneha Ingale,5,93,5.8,3.4,3,91
1809,Sonali Singh,1,79,8.4,6.6,10,85
1810,Sonal Shinde,10,70,8.9,1.4,4,53
1811,Sourabh Naik,3,96,6.9,6.4,7,92
1812,Tanmay Kadam,7,82,8.7,5.5,5,53
1813,Tanya Lokhande,7,86,9,4.6,8,79
1814,Varun Roy,5,65,6.9,7.1,5,91
1815,Vikas Borkar,9,85,7.9,2.4,10,63
1816,Vijay Gupta,2,83,7.6,6.6,6,50
1817,Vishal Chavan,3,71,5.9,2.3,4,95
1818,Yash Thakur,3,91,5.2,7.9,5,84
1819,Yogesh Gawande,2,65,6.8,1.2,5,65
1820,Zoya Salve,3,89,8.1,4.9,8,95
1821,Aarav Das,4,99,6.3,2.2,4,46
1822,Aditi Mane,8,83,8.1,3.9,2,69
1823,Aditya Joshi,4,64,7.6,2,9,50
1824,Akash More,9,82,7.8,2.4,10,50
1825,Akshay Raut,8,81,6.1,1.4,4,59
1826,Aman Sawant,10,82,6.9,1.1,9,72
1827,Amit Rathod,2,71,5.7,6,2,49
1828,Ananya Iyer,10,85,6,4.2,5,69
1829,Aniket Pandey,7,70,5.4,1.3,2,83
1830,Anjali Verma,10,82,5.5,7.6,5,48
1831,Arjun Kulkarni,4,84,5.8,5.7,7,40
1832,Aryan Agrawal,10,86,7.3,2.8,10,81
1833,Ashish Suryawanshi,6,92,6.8,4.1,9,62
1834,Ayush Chaudhary,1,96,6.1,4.4,10,50
1835,Bhavna Reddy,5,91,8.4,5,7,89
1836,Chetan Dubey,2,92,7.1,7,5,63
1837,Deepak Patil,10,95,8.7,5.1,10,46
1838,Deepika Deshmukh,4,69,7.5,7.9,2,57
1839,Dhruv Mehta,3,72,5.1,6.1,9,72
1840,Divya Wagh,6,81,8.7,7.9,10,56
1841,Gaurav Yadav,5,79,8.4,4.9,2,92
1842,Isha Nair,1,88,7.5,5.7,7,75
1843,Karan Saxena,9,60,7.1,6.2,9,44
1844,Kavya Sharma,9,65,6.8,6.3,8,59
1845,Kiran Jadhav,8,90,6.9,1.2,10,59
1846,Kunal Mishra,7,93,8.1,1.9,4,48
1847,Manish Bhosale,5,72,7.1,2.6,7,42
1848,Meera Tiwari,6,72,5.7,2.9,9,46
1849,Mohit Pande,6,83,5.2,7.3,2,78
1850,Neha Kapoor,2,79,5.5,6.1,7,53
1851,Nikhil Pawar,1,66,6,2,10,63
1852,Nisha Khan,3,80,6.5,4,6,47
1853,Pallavi Kale,5,93,8.6,2.7,9,93
1854,Pankaj Gaikwad,2,89,6,6.8,8,95
1855,Pooja Desai,2,93,6.3,7.4,4,78
1856,Prakash Dhumal,9,86,5.9,2.2,5,58
1857,Priya Malik,4,95,7.2,3.9,6,73
1858,Rahul Ingale,6,70,7.5,7.7,5,61
1859,Raj Singh,6,61,7.1,5.6,7,90
1860,Rakesh Shinde,8,64,8.8,7.1,7,73
1861,Riya Naik,8,100,9,3.5,5,47
1862,Rohan Kadam,3,86,8.3,2.5,7,45
1863,Rohit Lokhande,9,70,8.2,5.8,7,83
1864,Sachin Roy,4,95,6.5,2,10,80
1865,Sakshi Borkar,9,72,7.3,6.9,9,80
1866,Sameer Gupta,5,84,6.4,6.3,7,58
1867,Sana Chavan,2,70,8.1,3.1,3,77
1868,Sanjay Thakur,8,63,5.7,4.5,4,55
1869,Sanya Gawande,1,70,5.9,6.6,4,75
1870,Shivam Salve,8,69,5.2,7.5,4,58
1871,Shraddha Das,1,82,7.4,3.5,10,46
1872,Shreya Mane,3,60,7.8,6.5,6,86
1873,Sneha Joshi,7,69,5,2.4,10,85
1874,Sonali More,10,83,7,7.3,3,83
1875,Sonal Raut,5,76,6.5,5.8,8,75
1876,Sourabh Sawant,2,86,8.2,2.1,7,75
1877,Tanmay Rathod,3,86,5.2,6.2,8,83
1878,Tanya Iyer,9,99,5.2,6.1,5,71
1879,Varun Pandey,8,94,7.5,6.2,6,89
1880,Vikas Verma,2,69,7.4,3.4,5,82
1881,Vijay Kulkarni,4,88,8.3,6.2,8,70
1882,Vishal Agrawal,3,85,7.4,6.8,3,72
1883,Yash Suryawanshi,2,84,8.8,3.4,7,93
1884,Yogesh Chaudhary,9,92,6.3,2.5,6,68
1885,Zoya Reddy,7,66,6.6,7.2,9,46
1886,Aarav Dubey,2,75,8.9,5.3,2,87
1887,Aditi Patil,7,93,5.4,4.2,3,40
1888,Aditya Deshmukh,5,96,8.2,7.2,7,53
1889,Akash Mehta,1,61,5,2,5,58
1890,Akshay Wagh,5,79,6.9,6.7,4,41
1891,Aman Yadav,2,70,5.6,4.4,10,52
1892,Amit Nair,3,66,7.4,1.3,10,49
1893,Ananya Saxena,9,62,8.2,7.8,2,71
1894,Aniket Sharma,8,82,5.1,6.4,6,89
1895,Anjali Jadhav,2,87,5.7,2.5,8,55
1896,Arjun Mishra,9,81,6.4,7.5,9,61
1897,Aryan Bhosale,6,75,6,7.5,3,78
1898,Ashish Tiwari,9,91,6.5,6.6,9,77
1899,Ayush Pande,8,86,8.8,1.9,7,92
1900,Bhavna Kapoor,4,97,5.4,2.3,9,69
1901,Chetan Pawar,6,74,6.7,6.3,8,83
1902,Deepak Khan,6,69,6.8,7.4,9,87
1903,Deepika Kale,8,78,6.1,2.5,2,63
1904,Dhruv Gaikwad,3,80,6.1,4.2,4,86
1905,Divya Desai,4,78,7.9,2.1,6,95
1906,Gaurav Dhumal,3,94,7.5,4.3,4,46
1907,Isha Malik,3,61,8.3,5.5,3,83
1908,Karan Ingale,2,81,6.6,1.1,8,74
1909,Kavya Singh,1,77,7.4,5.5,10,85
1910,Kiran Shinde,10,68,8.6,5.5,6,70
1911,Kunal Naik,1,86,8.4,4.2,7,51
1912,Manish Kadam,9,92,8.7,7.3,7,64
1913,Meera Lokhande,1,82,6.1,1.9,5,78
1914,Mohit Roy,8,63,8.9,1.4,8,90
1915,Neha Borkar,4,63,8.3,4.5,9,43
1916,Nikhil Gupta,6,77,8.2,4.7,3,50
1917,Nisha Chavan,3,87,7.7,2.9,4,53
1918,Pallavi Thakur,5,72,8.9,7.7,3,73
1919,Pankaj Gawande,5,72,6.8,2.8,9,40
1920,Pooja Salve,6,95,8,2.9,7,93
1921,Prakash Das,4,60,7.8,6.7,8,79
1922,Priya Mane,6,63,7.9,7.5,7,90
1923,Rahul Joshi,9,66,8,4.8,6,41
1924,Raj More,5,100,5.8,1.1,9,55
1925,Rakesh Raut,4,80,6.4,3.5,3,65
1926,Riya Sawant,2,66,6.6,2.6,8,83
1927,Rohan Rathod,4,72,8,4.6,9,76
1928,Rohit Iyer,2,99,7.9,5.8,3,63
1929,Sachin Pandey,2,88,8.3,3.7,8,57
1930,Sakshi Verma,10,69,8.2,4.8,2,58
1931,Sameer Kulkarni,1,69,7.4,6.3,3,60
1932,Sana Agrawal,5,63,5.6,2.7,5,78
1933,Sanjay Suryawanshi,9,91,7.5,2.4,10,88
1934,Sanya Chaudhary,10,65,8.5,6.6,5,66
1935,Shivam Reddy,2,71,7.6,1.3,5,90
1936,Shraddha Dubey,2,74,8.6,2.1,8,56
1937,Shreya Patil,4,85,9,1.1,9,88
1938,Sneha Deshmukh,6,84,6.4,4.9,8,40
1939,Sonali Mehta,10,92,7.9,5.2,2,81
1940,Sonal Wagh,3,72,7.2,4.7,9,93
1941,Sourabh Yadav,2,75,6.8,3.9,4,55
1942,Tanmay Nair,3,75,6,4.7,6,78
1943,Tanya Saxena,9,61,6,2.4,8,44
1944,Varun Sharma,1,90,5.7,6.8,4,87
1945,Vikas Jadhav,4,81,7.5,7.9,8,67
1946,Vijay Mishra,2,79,5.6,4.8,6,63
1947,Vishal Bhosale,2,100,6.7,3.6,3,91
1948,Yash Tiwari,10,67,7.1,6.5,3,91
1949,Yogesh Pande,1,99,6.8,2.4,8,52
1950,Zoya Kapoor,4,87,8.4,3.2,2,93
1951,Aarav Pawar,10,69,6.8,7.6,5,51
1952,Aditi Khan,7,87,5.3,2.3,6,85
1953,Aditya Kale,1,90,9,1.8,5,83
1954,Akash Gaikwad,5,74,8.4,4.8,5,68
1955,Akshay Desai,10,74,7.6,5.1,10,73
1956,Aman Dhumal,5,94,8,5.2,2,62
1957,Amit Malik,6,66,5.5,2.2,10,62
1958,Ananya Ingale,6,60,8.1,6,8,68
1959,Aniket Singh,7,87,5.8,2.7,10,88
1960,Anjali Shinde,2,97,7,7.6,7,67
1961,Arjun Naik,9,80,5.7,2.6,10,72
1962,Aryan Kadam,10,65,8,1.1,2,79
1963,Ashish Lokhande,2,82,6,5,8,91
1964,Ayush Roy,9,70,6,2.4,8,88
1965,Bhavna Borkar,9,93,5.4,5.4,10,60
1966,Chetan Gupta,8,85,7.9,2.6,2,88
1967,Deepak Chavan,4,73,6.2,4,6,64
1968,Deepika Thakur,5,85,7.1,2.3,6,45
1969,Dhruv Gawande,9,87,6.3,4,2,44
1970,Divya Salve,2,87,8.1,2,7,51
1971,Gaurav Das,9,75,5.9,3.4,6,60
1972,Isha Mane,10,83,8.8,2.4,6,62
1973,Karan Joshi,7,61,6.3,6.7,8,50
1974,Kavya More,4,76,5.4,6.1,8,49
1975,Kiran Raut,6,75,6,2.2,7,41
1976,Kunal Sawant,1,81,5.3,1.6,5,91
1977,Manish Rathod,10,98,6.9,1.2,10,54
1978,Meera Iyer,4,99,6,2.6,3,76
1979,Mohit Pandey,1,79,8.5,4.4,5,67
1980,Neha Verma,8,86,7.1,3.8,6,60
1981,Nikhil Kulkarni,7,64,5.9,7.8,4,53
1982,Nisha Agrawal,7,79,6.8,6.5,5,43
1983,Pallavi Suryawanshi,1,88,5.8,1.5,10,46
1984,Pankaj Chaudhary,8,87,5.7,2.1,3,77
1985,Pooja Reddy,7,99,6.2,1.2,6,65
1986,Prakash Dubey,8,79,5.4,2,6,94
1987,Priya Patil,9,97,5.8,4.7,2,48
1988,Rahul Deshmukh,3,100,8.8,1.5,3,92
1989,Raj Mehta,3,83,7.7,1.4,4,44
1990,Rakesh Wagh,10,63,8.7,1.8,6,81
1991,Riya Yadav,6,75,6,5.7,5,93
1992,Rohan Nair,5,91,8.4,1.1,7,48
1993,Rohit Saxena,3,83,6.4,7.8,5,66
1994,Sachin Sharma,7,98,5.6,3.7,9,91
1995,Sakshi Jadhav,8,93,8.2,3.4,5,84
1996,Sameer Mishra,1,62,5.2,4.3,9,52
1997,Sana Bhosale,6,95,6.6,4.6,10,49
1998,Sanjay Tiwari,10,74,8.3,3.9,8,58
1999,Sanya Pande,3,93,7.5,4.4,2,65
2000,Shivam Kapoor,3,80,7.1,3.4,10,56
2001,Shraddha Pawar,9,78,6.4,3.3,9,45
2002,Shreya Khan,1,62,5.3,1.2,7,67
2003,Sneha Kale,4,64,9,5.7,5,63
2004,Sonali Gaikwad,5,84,5.7,5.3,8,57
2005,Sonal Desai,8,83,6,5.7,7,86
2006,Sourabh Dhumal,2,82,5.9,7.6,8,56
2007,Tanmay Malik,5,66,8.6,4.3,7,89
2008,Tanya Ingale,2,80,8.1,7.2,9,40
2009,Varun Singh,8,62,6.8,4.1,10,69
2010,Vikas Shinde,7,65,8.8,4.3,8,93
2011,Vijay Naik,5,80,5.2,5.4,4,56
2012,Vishal Kadam,4,85,8.6,2.5,10,76
2013,Yash Lokhande,2,86,5.2,2.5,9,81
2014,Yogesh Roy,10,100,6.6,4.6,6,59
2015,Zoya Borkar,7,95,5.2,1.5,2,75
2016,Aarav Gupta,4,75,9,2.7,10,76
2017,Aditi Chavan,5,92,8.7,6.6,6,66
2018,Aditya Thakur,8,63,7.3,4.2,5,61
2019,Akash Gawande,8,95,5.9,1.2,7,66
2020,Akshay Salve,5,75,6.1,1.4,2,48
2021,Aman Das,4,91,6.8,7.4,9,67
2022,Amit Mane,7,99,6.3,7.7,3,58
2023,Ananya Joshi,7,88,5.1,5.5,4,58
2024,Aniket More,6,97,7.6,2.3,7,53
2025,Anjali Raut,1,60,7.5,3.6,7,69
2026,Arjun Sawant,5,66,8.6,3.1,2,40
2027,Aryan Rathod,7,85,6.9,6.5,7,43
2028,Ashish Iyer,10,82,6.4,4.8,3,51
2029,Ayush Pandey,6,64,7,6.5,10,71
2030,Bhavna Verma,4,89,5.8,3.5,5,54
2031,Chetan Kulkarni,6,62,7.5,7.1,6,67
2032,Deepak Agrawal,2,100,8.1,4,7,48
2033,Deepika Suryawanshi,1,66,5.6,3.9,3,63
2034,Dhruv Chaudhary,7,78,6.3,4.4,3,65
2035,Divya Reddy,10,93,8.5,5.1,10,58
2036,Gaurav Dubey,9,81,7,7.3,7,42
2037,Isha Patil,6,90,7.1,4.2,4,74
2038,Karan Deshmukh,1,88,7.9,7.5,7,51
2039,Kavya Mehta,10,98,7.3,3.8,10,67
2040,Kiran Wagh,5,79,5.3,3.3,8,79
2041,Kunal Yadav,3,100,8.2,3.1,5,45
2042,Manish Nair,9,81,8.7,1.1,7,78
2043,Meera Saxena,8,96,5.2,6.9,10,60
2044,Mohit Sharma,8,90,5.5,1.6,4,68
2045,Neha Jadhav,3,65,7.8,3.3,9,44
2046,Nikhil Mishra,10,86,7.4,2.8,10,67
2047,Nisha Bhosale,5,96,6.5,6.2,5,61
2048,Pallavi Tiwari,6,65,7.2,7.5,9,49
2049,Pankaj Pande,8,94,7.8,6.7,2,69
2050,Pooja Kapoor,7,64,7,3.2,5,76
2051,Prakash Pawar,2,95,5.6,4.2,4,61
2052,Priya Khan,4,92,5.4,2.7,2,75
2053,Rahul Kale,4,66,6.8,7.5,7,59
2054,Raj Gaikwad,10,89,8.7,1.8,6,86
2055,Rakesh Desai,8,64,7.2,7.7,5,55
2056,Riya Dhumal,4,83,6.4,6.7,9,84
2057,Rohan Malik,8,97,8.6,6,4,61
2058,Rohit Ingale,8,68,6.6,6.4,9,71
2059,Sachin Singh,4,67,7,3.4,7,43
2060,Sakshi Shinde,5,77,5.5,3.1,10,44
2061,Sameer Naik,9,75,7.9,3.7,2,95
2062,Sana Kadam,6,61,7.8,2.3,10,40
2063,Sanjay Lokhande,2,78,8.2,6.2,2,71
2064,Sanya Roy,8,70,6.3,4.3,8,65
2065,Shivam Borkar,6,65,6.7,7.2,8,75
2066,Shraddha Gupta,6,71,5.7,7.1,3,40
2067,Shreya Chavan,8,60,8.9,2.1,2,50
2068,Sneha Thakur,10,97,5.3,2.5,2,58
2069,Sonali Gawande,4,100,7.6,3.9,3,91
2070,Sonal Salve,5,75,7.8,1.8,3,59
2071,Sourabh Das,2,95,5.6,5.8,10,71
2072,Tanmay Mane,7,78,6.5,6.2,3,72
2073,Tanya Joshi,5,97,5.2,6,9,63
2074,Varun More,4,67,7.2,4.3,2,86
2075,Vikas Raut,7,71,9,6.9,7,79
2076,Vijay Sawant,5,90,6.7,5.2,6,64
2077,Vishal Rathod,5,69,9,8,6,57
2078,Yash Iyer,5,93,5.5,6.7,9,55
2079,Yogesh Pandey,3,77,6.6,6.1,3,92
2080,Zoya Verma,2,76,8.6,1.9,2,47
2081,Aarav Kulkarni,9,78,8.5,6.8,3,49
2082,Aditi Agrawal,1,92,6.3,3.1,9,54
2083,Aditya Suryawanshi,4,60,7.7,3.9,7,86
2084,Akash Chaudhary,7,90,8.5,4.2,10,78
2085,Akshay Reddy,2,91,8.1,3.3,9,94
2086,Aman Dubey,7,93,7.5,1.8,3,80
2087,Amit Patil,8,100,5.6,2.4,2,67
2088,Ananya Deshmukh,7,92,5.3,6.6,2,42
2089,Aniket Mehta,4,81,7.5,5.6,3,89
2090,Anjali Wagh,1,79,7,7.6,6,77
2091,Arjun Yadav,9,75,6,6.7,2,44
2092,Aryan Nair,4,93,6.2,3.8,9,94
2093,Ashish Saxena,9,76,6.6,6.5,6,74
2094,Ayush Sharma,2,83,7,5,8,74
2095,Bhavna Jadhav,2,63,6.6,3,9,59
2096,Chetan Mishra,8,73,6.5,7.8,2,58
2097,Deepak Bhosale,10,70,5.5,7.5,5,60
2098,Deepika Tiwari,9,77,8.5,1.8,8,42
2099,Dhruv Pande,8,80,7.4,6.9,10,65
2100,Divya Kapoor,3,89,5.6,1.5,9,43
2101,Gaurav Pawar,10,77,6.7,7.5,3,73
2102,Isha Khan,7,66,6.7,5.4,4,51
2103,Karan Kale,2,82,7.4,2.2,9,74
2104,Kavya Gaikwad,2,62,7.4,6.7,7,60
2105,Kiran Desai,9,94,7.6,4.6,4,55
2106,Kunal Dhumal,3,91,7.8,1.4,6,48
2107,Manish Malik,8,69,5.4,6.6,10,61
2108,Meera Ingale,2,70,6.2,6.5,3,43
2109,Mohit Singh,3,61,5.1,4.4,4,53
2110,Neha Shinde,3,74,6.8,6.1,10,65
2111,Nikhil Naik,3,61,6.7,1.3,8,75
2112,Nisha Kadam,7,98,7.9,3.2,4,65
2113,Pallavi Lokhande,10,65,5.7,5.7,4,45
2114,Pankaj Roy,10,87,7.5,2.6,9,80
2115,Pooja Borkar,8,83,6.2,4.2,4,63
2116,Prakash Gupta,3,69,6.5,7.5,8,75
2117,Priya Chavan,10,93,7.9,6.8,6,94
2118,Rahul Thakur,6,64,5.3,4.9,3,42
2119,Raj Gawande,6,96,6.4,5,5,95
2120,Rakesh Salve,8,90,6.6,7.2,8,93
2121,Riya Das,8,86,7.9,7,9,69
2122,Rohan Mane,10,96,5.8,1.6,2,41
2123,Rohit Joshi,6,76,8.8,4.3,10,53
2124,Sachin More,7,71,9,2.3,4,52
2125,Sakshi Raut,8,66,8.3,1.6,7,72
2126,Sameer Sawant,3,97,6.2,3,4,78
2127,Sana Rathod,4,76,7.7,5.3,4,67
2128,Sanjay Iyer,7,94,5.3,6.6,10,59
2129,Sanya Pandey,1,73,8.5,7.4,8,42
2130,Shivam Verma,4,99,7.1,4,10,92
2131,Shraddha Kulkarni,8,95,5.7,4,2,95
2132,Shreya Agrawal,10,72,6.3,2.1,4,41
2133,Sneha Suryawanshi,6,79,8.2,2.4,2,58
2134,Sonali Chaudhary,4,92,8.5,1.7,6,95
2135,Sonal Reddy,5,69,7.1,7.8,6,62
2136,Sourabh Dubey,7,60,6.9,1.9,10,74
2137,Tanmay Patil,6,71,8,6.3,4,68
2138,Tanya Deshmukh,1,84,8.3,3.2,7,75
2139,Varun Mehta,6,65,8.1,4.8,10,89
2140,Vikas Wagh,5,73,6.5,7.1,2,61
2141,Vijay Yadav,8,97,7.6,7.6,6,84
2142,Vishal Nair,9,63,8.4,2.7,5,65
2143,Yash Saxena,10,62,5.6,7.4,2,51
2144,Yogesh Sharma,7,77,6.6,2.8,5,44
2145,Zoya Jadhav,4,60,5.2,6.6,4,80
2146,Aarav Mishra,5,61,6.6,1.1,4,73
2147,Aditi Bhosale,2,67,8.1,4.7,3,88
2148,Aditya Tiwari,10,64,5.8,6.1,6,53
2149,Akash Pande,9,93,7.2,6.9,5,79
2150,Akshay Kapoor,9,65,5.1,6.9,8,41
2151,Aman Pawar,4,81,8.6,3.1,5,47
2152,Amit Khan,4,88,8.3,7,8,73
2153,Ananya Kale,9,85,7.1,3.3,6,70
2154,Aniket Gaikwad,6,86,7.8,2.6,5,73
2155,Anjali Desai,8,74,5.4,1,9,86
2156,Arjun Dhumal,5,96,8.4,2.7,8,86
2157,Aryan Malik,5,62,7.9,1.8,6,50
2158,Ashish Ingale,7,64,5.5,5.7,6,51
2159,Ayush Singh,9,95,8.9,2,8,70
2160,Bhavna Shinde,4,62,5.1,5.1,8,93
2161,Chetan Naik,9,67,7.5,1.9,8,77
2162,Deepak Kadam,3,67,5.7,5.9,3,48
2163,Deepika Lokhande,5,61,7.9,3,4,75
2164,Dhruv Roy,10,64,5.3,3.2,5,58
2165,Divya Borkar,10,83,5.3,5.5,7,45
2166,Gaurav Gupta,10,87,6.9,7.6,5,79
2167,Isha Chavan,4,63,9,7.9,9,55
2168,Karan Thakur,9,98,6.1,3.5,5,83
2169,Kavya Gawande,10,63,7.5,7.6,6,70
2170,Kiran Salve,10,88,7.1,5.3,8,65
2171,Kunal Das,1,92,8.4,7.3,5,51
2172,Manish Mane,8,81,6.2,1.2,7,56
2173,Meera Joshi,10,80,7.2,1.2,8,58
2174,Mohit More,8,64,8.8,1.5,5,78
2175,Neha Raut,3,69,6.3,6.6,10,63
2176,Nikhil Sawant,8,94,6.8,2,6,41
2177,Nisha Rathod,2,74,8.6,2.2,9,40
2178,Pallavi Iyer,5,61,6.3,5.1,8,55
2179,Pankaj Pandey,7,89,6.5,7.7,9,68
2180,Pooja Verma,5,88,6.2,5,8,58
2181,Prakash Kulkarni,7,62,8.2,6.1,6,95
2182,Priya Agrawal,3,62,8.7,2.3,8,52
2183,Rahul Suryawanshi,7,64,7.5,7.4,6,62
2184,Raj Chaudhary,7,62,7.5,1.4,9,62
2185,Rakesh Reddy,7,85,6.6,3,6,55
2186,Riya Dubey,3,65,5,4.2,8,89
2187,Rohan Patil,4,84,5.7,2.6,3,54
2188,Rohit Deshmukh,3,67,5.6,5.6,3,40
2189,Sachin Mehta,5,99,5.5,5.8,7,68
2190,Sakshi Wagh,6,89,7.6,2.5,9,75
2191,Sameer Yadav,4,75,5.5,1.1,8,65
2192,Sana Nair,5,77,5.3,1.5,4,63
2193,Sanjay Saxena,3,62,6.5,1,9,88
2194,Sanya Sharma,3,62,6,7.3,7,60
2195,Shivam Jadhav,7,82,5.6,5.4,7,75
2196,Shraddha Mishra,9,60,5.6,2,10,86
2197,Shreya Bhosale,3,86,6,1.6,9,62
2198,Sneha Tiwari,9,75,7.1,6.7,4,70
2199,Sonali Pande,6,65,8,6.7,2,61
2200,Sonal Kapoor,2,81,8.4,7.5,4,74
2201,Sourabh Pawar,4,82,8,2.1,3,70
2202,Tanmay Khan,1,90,7.5,4.7,3,87
2203,Tanya Kale,1,68,8.6,1.9,6,54
2204,Varun Gaikwad,4,82,7.1,6.6,10,49
2205,Vikas Desai,5,94,7.5,3.9,7,63
2206,Vijay Dhumal,8,71,6.6,5.9,5,74
2207,Vishal Malik,2,94,6.3,1.2,4,55
2208,Yash Ingale,9,89,6.3,6.4,9,95
2209,Yogesh Singh,3,77,5.6,2.6,6,68
2210,Zoya Shinde,2,96,8.2,6.9,2,85
2211,Aarav Naik,7,99,5.2,2.3,6,70
2212,Aditi Kadam,8,69,7.7,6.5,3,62
2213,Aditya Lokhande,7,100,8.5,1.9,6,87
2214,Akash Roy,2,60,7,5.6,2,48
2215,Akshay Borkar,2,65,5.3,6.5,3,54
2216,Aman Gupta,4,61,6.7,3.7,9,82
2217,Amit Chavan,5,75,6.4,2.7,3,90
2218,Ananya Thakur,10,98,8.9,3.4,2,56
2219,Aniket Gawande,3,84,7.8,3.1,3,69
2220,Anjali Salve,2,85,7.9,5.4,10,67
2221,Arjun Das,10,63,7.1,1.3,10,80
2222,Aryan Mane,2,81,7.8,1.3,7,67
2223,Ashish Joshi,1,75,7.9,3,9,74
2224,Ayush More,5,79,5.3,2.9,10,77
2225,Bhavna Raut,5,70,5.9,2.2,4,86
2226,Chetan Sawant,7,68,5.1,6,5,47
2227,Deepak Rathod,9,99,7,1.2,2,77
2228,Deepika Iyer,10,82,8.5,7.5,6,50
2229,Dhruv Pandey,3,76,7.4,6.3,10,40
2230,Divya Verma,10,63,7,3.8,2,80
2231,Gaurav Kulkarni,7,91,8.7,7,8,61
2232,Isha Agrawal,1,79,5.7,5.3,6,80
2233,Karan Suryawanshi,10,75,5.3,5,10,92
2234,Kavya Chaudhary,2,87,8.7,3.2,7,47
2235,Kiran Reddy,6,65,8.6,5.6,5,65
2236,Kunal Dubey,8,81,7.7,2,2,45
2237,Manish Patil,3,95,6,4.7,7,86
2238,Meera Deshmukh,3,79,8.9,1.8,10,95
2239,Mohit Mehta,5,60,8.1,4.1,2,88
2240,Neha Wagh,9,69,7.7,5.3,2,95
2241,Nikhil Yadav,3,62,5.9,2.1,10,58
2242,Nisha Nair,7,80,7.1,2.6,4,55
2243,Pallavi Saxena,5,74,8.3,6.7,7,88
2244,Pankaj Sharma,2,65,8.4,2.8,7,76
2245,Pooja Jadhav,8,88,7.2,1.7,6,61
2246,Prakash Mishra,9,67,7.1,3.3,6,51
2247,Priya Bhosale,6,74,7.8,7.5,8,41
2248,Rahul Tiwari,2,100,7.1,5.9,4,42
2249,Raj Pande,2,62,6.7,5,3,78
2250,Rakesh Kapoor,5,70,5.3,6.9,10,54
2251,Riya Pawar,6,73,5.5,5.6,2,85
2252,Rohan Khan,6,80,8,6.7,3,87
2253,Rohit Kale,3,70,5.1,5.6,8,65
2254,Sachin Gaikwad,6,99,5.2,7,7,56
2255,Sakshi Desai,3,60,8.6,5.4,4,49
2256,Sameer Dhumal,7,98,7.8,2.9,3,54
2257,Sana Malik,8,81,5,1.3,5,74
2258,Sanjay Ingale,7,61,6.2,1.7,2,82
2259,Sanya Singh,1,64,8.1,4.6,6,81
2260,Shivam Shinde,10,64,6.7,7.8,6,93
2261,Shraddha Naik,1,71,6.9,6.3,10,76
2262,Shreya Kadam,10,73,6.8,6.4,9,68
2263,Sneha Lokhande,1,86,5.8,5.6,6,59
2264,Sonali Roy,6,72,7.9,7.3,6,58
2265,Sonal Borkar,2,89,5.4,6.1,8,60
2266,Sourabh Gupta,1,72,7,2.8,4,89
2267,Tanmay Chavan,7,70,5.7,4.5,7,70
2268,Tanya Thakur,8,71,5.2,3.8,2,52
2269,Varun Gawande,2,73,5.6,2.2,10,50
2270,Vikas Salve,10,94,8.5,2.6,10,41
2271,Vijay Das,4,70,5.7,3,10,87
2272,Vishal Mane,4,71,6.1,2.2,3,52
2273,Yash Joshi,3,99,5.6,2.5,9,45
2274,Yogesh More,5,86,7.9,7.4,7,56
2275,Zoya Raut,2,67,6.8,3.4,10,67
2276,Aarav Sawant,5,95,8.8,6.8,2,93
2277,Aditi Rathod,3,67,7.7,1.5,5,88
2278,Aditya Iyer,1,66,7.1,7.9,2,49
2279,Akash Pandey,4,78,7.6,6.4,10,69
2280,Akshay Verma,7,88,5.2,7.3,3,86
2281,Aman Kulkarni,8,67,8.8,4.7,2,82
2282,Amit Agrawal,4,90,8.8,5.4,3,66
2283,Ananya Suryawanshi,4,66,6.1,3.5,10,53
2284,Aniket Chaudhary,8,92,7.5,4,6,83
2285,Anjali Reddy,7,63,5.8,6.3,2,64
2286,Arjun Dubey,9,79,7.2,1.3,5,53
2287,Aryan Patil,10,86,8.1,1.3,5,79
2288,Ashish Deshmukh,9,70,8.8,7.1,9,89
2289,Ayush Mehta,10,85,6.4,1.8,3,89
2290,Bhavna Wagh,5,88,7.8,6,3,92
2291,Chetan Yadav,4,86,7.9,2.4,8,76
2292,Deepak Nair,4,76,5.9,3.6,5,83
2293,Deepika Saxena,3,91,7.5,3.1,3,53
2294,Dhruv Sharma,8,89,7.6,4.4,5,58
2295,Divya Jadhav,8,73,8.1,6.8,5,48
2296,Gaurav Mishra,9,90,9,7.1,4,44
2297,Isha Bhosale,2,97,5.2,2.6,3,87
2298,Karan Tiwari,5,93,5.8,3.4,2,65
2299,Kavya Pande,3,90,5.6,6.9,9,71
2300,Kiran Kapoor,9,91,5.6,1.6,2,44
2301,Kunal Pawar,3,92,6.8,1.8,6,50
2302,Manish Khan,2,71,8.5,4.4,2,44
2303,Meera Kale,6,89,6.8,6.5,9,67
2304,Mohit Gaikwad,9,68,7.7,3.4,5,72
2305,Neha Desai,10,74,6.5,1.5,10,47
2306,Nikhil Dhumal,1,98,6.3,7.8,2,79
2307,Nisha Malik,4,71,8.3,7.6,4,45
2308,Pallavi Ingale,2,94,7.6,5.6,5,86
2309,Pankaj Singh,4,77,6.4,5.8,2,91
2310,Pooja Shinde,6,68,8.7,7.5,5,75
2311,Prakash Naik,3,63,7,5.5,6,70
2312,Priya Kadam,1,82,5.8,6.5,6,80
2313,Rahul Lokhande,6,78,6.9,4.2,6,53
2314,Raj Roy,1,80,7.7,2.6,3,91
2315,Rakesh Borkar,3,61,6.5,6.8,4,89
2316,Riya Gupta,1,70,8.4,5.8,6,78
2317,Rohan Chavan,1,60,7.1,3,7,95
2318,Rohit Thakur,5,72,6.9,5.4,5,56
2319,Sachin Gawande,9,98,8.4,6.7,6,89
2320,Sakshi Salve,8,66,6.9,2.9,10,41
2321,Sameer Das,1,88,6.7,6.4,7,81
2322,Sana Mane,1,60,5.4,1.5,2,56
2323,Sanjay Joshi,4,83,6.4,5.4,5,93
2324,Sanya More,7,97,6.6,8,2,71
2325,Shivam Raut,8,73,5.7,7.1,9,51
2326,Shraddha Sawant,9,68,7.4,7.1,9,57
2327,Shreya Rathod,4,83,5.6,5.8,6,89
2328,Sneha Iyer,2,71,5.9,4.2,4,85
2329,Sonali Pandey,1,96,7.2,5.7,8,60
2330,Sonal Verma,2,94,6.1,3.2,3,54
2331,Sourabh Kulkarni,1,86,7.6,4.9,8,41
2332,Tanmay Agrawal,9,86,7.8,4.8,9,46
2333,Tanya Suryawanshi,3,84,6.2,4.8,3,41
2334,Varun Chaudhary,9,90,5.3,3.9,6,58
2335,Vikas Reddy,6,78,7,3.5,3,50
2336,Vijay Dubey,6,99,5.4,3.3,7,41
2337,Vishal Patil,5,74,7.1,2.6,8,83
2338,Yash Deshmukh,9,60,7.9,4.1,2,89
2339,Yogesh Mehta,1,88,7.5,1.8,10,90
2340,Zoya Wagh,1,87,6.8,7.3,4,86
2341,Aarav Yadav,5,100,8.8,1.5,6,47
2342,Aditi Nair,4,76,5.4,6.9,4,49
2343,Aditya Saxena,6,77,8.5,2.7,10,87
2344,Akash Sharma,8,83,8.2,7,8,40
2345,Akshay Jadhav,6,76,6.7,6,10,82
2346,Aman Mishra,3,92,5.6,7.4,5,47
2347,Amit Bhosale,4,77,5.6,7.1,7,42
2348,Ananya Tiwari,8,92,8.7,5.9,7,83
2349,Aniket Pande,3,77,5.9,2.1,4,80
2350,Anjali Kapoor,6,69,8.5,4.8,10,44
2351,Arjun Pawar,6,100,7,3.4,9,42
2352,Aryan Khan,8,81,6.8,7.2,10,89
2353,Ashish Kale,8,88,7.5,7.1,6,54
2354,Ayush Gaikwad,5,84,5.9,3.2,3,94
2355,Bhavna Desai,4,74,6.7,5.7,3,69
2356,Chetan Dhumal,4,99,8.8,3.4,7,94
2357,Deepak Malik,5,75,6,5.7,9,90
2358,Deepika Ingale,3,100,8.7,5.3,8,74
2359,Dhruv Singh,7,77,9,4.6,8,45
2360,Divya Shinde,3,60,5.2,7.1,9,90
2361,Gaurav Naik,7,61,7.1,2.7,9,59
2362,Isha Kadam,8,99,5.7,6.6,10,54
2363,Karan Lokhande,10,81,7.5,5.8,5,72
2364,Kavya Roy,2,75,9,3,8,60
2365,Kiran Borkar,8,93,8.6,4,4,81
2366,Kunal Gupta,1,85,8.7,1.5,8,54
2367,Manish Chavan,4,87,5.9,5.2,2,91
2368,Meera Thakur,2,88,7.2,7.2,2,45
2369,Mohit Gawande,2,68,5.9,1.8,3,66
2370,Neha Salve,2,63,8.6,1.9,6,93
2371,Nikhil Das,1,89,5.8,4.3,10,87
2372,Nisha Mane,9,60,5.6,3,7,85
2373,Pallavi Joshi,1,89,5,2.9,7,74
2374,Pankaj More,4,65,5.7,5.5,8,71
2375,Pooja Raut,7,70,5.8,3.9,9,51
2376,Prakash Sawant,10,89,5.3,6.9,7,56
2377,Priya Rathod,9,85,8.5,4,8,72
2378,Rahul Iyer,2,92,8.1,5.3,5,57
2379,Raj Pandey,10,85,6,3.8,10,57
2380,Rakesh Verma,7,61,8.1,2.8,6,78
2381,Riya Kulkarni,2,94,6.7,4.3,10,79
2382,Rohan Agrawal,5,68,8.1,6,10,67
2383,Rohit Suryawanshi,10,65,6.3,7.7,9,55
2384,Sachin Chaudhary,4,96,7.3,1.3,4,49
2385,Sakshi Reddy,2,67,6.5,4.7,5,54
2386,Sameer Dubey,9,81,5.8,5.5,9,58
2387,Sana Patil,10,79,7.3,1.6,10,92
2388,Sanjay Deshmukh,10,91,8,6.8,7,58
2389,Sanya Mehta,10,61,8,2.9,8,90
2390,Shivam Wagh,9,64,6.4,7.1,5,70
2391,Shraddha Yadav,5,77,7.1,4.9,9,65
2392,Shreya Nair,2,79,8.1,2.1,5,54
2393,Sneha Saxena,7,92,5.2,6.2,7,82
2394,Sonali Sharma,3,84,5.3,2.1,6,87
2395,Sonal Jadhav,5,66,6.5,6,9,94
2396,Sourabh Mishra,7,100,5.9,6.7,9,85
2397,Tanmay Bhosale,10,78,6.5,5,9,44
2398,Tanya Tiwari,3,99,5.4,2.9,3,89
2399,Varun Pande,3,100,7.4,4.1,4,73
2400,Vikas Kapoor,8,62,7.7,4.7,10,68
2401,Vijay Pawar,1,80,8.2,5.7,3,54
2402,Vishal Khan,6,77,7.6,5.4,8,68
2403,Yash Kale,8,80,6.6,3.8,7,84
2404,Yogesh Gaikwad,6,72,8.7,6.3,5,72
2405,Zoya Desai,4,82,7.9,6.4,2,45
2406,Aarav Dhumal,9,80,7.1,5.9,2,82
2407,Aditi Malik,4,67,5.8,2.9,10,84
2408,Aditya Ingale,8,71,7.6,4.3,2,77
2409,Akash Singh,5,66,7.4,4,8,51
2410,Akshay Shinde,1,94,7.7,6.7,3,56
2411,Aman Naik,6,87,8.1,6.7,5,65
2412,Amit Kadam,1,75,8.7,7.1,2,88
2413,Ananya Lokhande,10,76,8.8,2.6,7,85
2414,Aniket Roy,7,63,7.5,6.2,2,45
2415,Anjali Borkar,4,71,8.9,7.1,7,43
2416,Arjun Gupta,5,97,8.6,2.2,10,42
2417,Aryan Chavan,7,61,5,1.3,8,91
2418,Ashish Thakur,3,65,7.6,1.7,7,88
2419,Ayush Gawande,3,94,5.7,5.2,10,52
2420,Bhavna Salve,5,81,6.2,4,9,91
2421,Chetan Das,3,61,6.2,2.4,8,68
2422,Deepak Mane,8,80,6.9,4.7,7,57
2423,Deepika Joshi,2,90,5,6.5,5,81
2424,Dhruv More,9,74,5.9,7,7,43
2425,Divya Raut,4,75,5.1,6.3,2,46
2426,Gaurav Sawant,6,85,7.6,7.2,9,54
2427,Isha Rathod,2,84,8.6,5.2,9,74
2428,Karan Iyer,4,97,9,6.9,4,86
2429,Kavya Pandey,8,70,6.8,3.9,8,68
2430,Kiran Verma,3,71,6,7,8,64
2431,Kunal Kulkarni,2,66,8.4,7.3,9,72
2432,Manish Agrawal,6,87,5.5,5.8,10,40
2433,Meera Suryawanshi,2,81,8.9,4,8,77
2434,Mohit Chaudhary,4,74,7.9,3,10,85
2435,Neha Reddy,5,88,7,3.3,4,63
2436,Nikhil Dubey,6,75,5.4,1.9,5,76
2437,Nisha Patil,7,68,5.1,1.3,3,56
2438,Pallavi Deshmukh,7,82,7.2,3.9,9,92
2439,Pankaj Mehta,9,77,6.7,1.3,4,50
2440,Pooja Wagh,1,76,8.4,7.2,6,47
2441,Prakash Yadav,4,78,7.6,5.5,3,92
2442,Priya Nair,1,97,6.7,6.9,4,68
2443,Rahul Saxena,1,68,5.9,4.1,8,62
2444,Raj Sharma,3,71,6.9,2.6,4,85
2445,Rakesh Jadhav,6,83,5.7,3,6,55
2446,Riya Mishra,9,61,7.7,7,6,56
2447,Rohan Bhosale,8,65,7.4,1.9,7,42
2448,Rohit Tiwari,7,83,8.2,5.9,4,69
2449,Sachin Pande,8,80,6.8,2.6,6,82
2450,Sakshi Kapoor,2,86,6.1,3.5,2,95
2451,Sameer Pawar,9,64,8.3,1,6,69
2452,Sana Khan,9,95,7.8,4.4,2,44
2453,Sanjay Kale,1,79,7.8,1.9,8,50
2454,Sanya Gaikwad,5,66,7.1,7,9,55
2455,Shivam Desai,9,72,8.5,1.7,5,90
2456,Shraddha Dhumal,5,69,5.9,2.8,9,72
2457,Shreya Malik,9,78,6.6,1.1,5,92
2458,Sneha Ingale,10,79,8.2,8,9,87
2459,Sonali Singh,5,77,5.5,5.5,6,89
2460,Sonal Shinde,1,78,8.2,5.5,6,55
2461,Sourabh Naik,4,97,6.4,4.6,5,71
2462,Tanmay Kadam,3,99,5.5,7.1,10,43
2463,Tanya Lokhande,5,80,5.3,2,8,60
2464,Varun Roy,6,99,8.4,6.5,6,57
2465,Vikas Borkar,5,93,8.1,6.6,9,49
2466,Vijay Gupta,2,93,6.2,1.3,6,43
2467,Vishal Chavan,4,69,5.5,1.9,9,61
2468,Yash Thakur,7,77,6,4.8,6,43
2469,Yogesh Gawande,1,74,5.9,1.6,9,74
2470,Zoya Salve,3,63,7.9,3,4,55
2471,Aarav Das,9,63,5.9,3.8,7,52
2472,Aditi Mane,1,85,5.9,2.1,7,46
2473,Aditya Joshi,5,77,5.1,5.9,6,65
2474,Akash More,3,93,7.4,4.5,6,49
2475,Akshay Raut,2,87,7.8,5.5,2,72
2476,Aman Sawant,5,63,7.6,4.3,10,95
2477,Amit Rathod,6,94,7.3,3.9,3,80
2478,Ananya Iyer,2,80,8.9,4.4,3,46
2479,Aniket Pandey,1,83,6.9,7.3,9,45
2480,Anjali Verma,2,99,8.4,3.8,2,89
2481,Arjun Kulkarni,7,86,7.6,5.5,8,88
2482,Aryan Agrawal,9,60,5.3,6.8,5,60
2483,Ashish Suryawanshi,2,67,8.2,5.3,8,65
2484,Ayush Chaudhary,4,77,7.3,2.6,3,61
2485,Bhavna Reddy,4,61,7.6,1.9,8,72
2486,Chetan Dubey,4,66,5.7,5.1,10,51
2487,Deepak Patil,3,92,6.7,6.1,6,92
2488,Deepika Deshmukh,1,65,8.5,6.4,7,62
2489,Dhruv Mehta,6,66,5.9,5.9,7,49
2490,Divya Wagh,4,80,5,1,5,56
2491,Gaurav Yadav,4,63,6,6.4,6,89
2492,Isha Nair,3,70,7,5.2,7,56
2493,Karan Saxena,10,98,8.3,7.9,2,85
2494,Kavya Sharma,7,85,7.6,6.4,6,82
2495,Kiran Jadhav,5,99,8.7,4,6,95
2496,Kunal Mishra,3,74,6.8,5.7,3,48
2497,Manish Bhosale,9,85,6.6,5.3,6,62
2498,Meera Tiwari,9,69,5.9,3.4,5,87
2499,Mohit Pande,1,75,5.9,4.7,6,47
2500,Neha Kapoor,10,67,7.9,2.4,4,41
2501,Nikhil Pawar,7,94,5.3,1.6,10,40
2502,Nisha Khan,1,67,6,6.1,7,44
2503,Pallavi Kale,8,68,8.5,3.7,7,84
2504,Pankaj Gaikwad,2,79,7.3,6.3,9,59
2505,Pooja Desai,1,77,5.2,4.4,2,47
2506,Prakash Dhumal,2,72,7.8,6.7,4,79
2507,Priya Malik,5,74,7,6.2,3,57
2508,Rahul Ingale,7,72,8.4,6.3,7,47
2509,Raj Singh,5,97,7.7,4,5,95
2510,Rakesh Shinde,2,83,5,7.7,8,72
2511,Riya Naik,2,97,5.8,3.8,10,64
2512,Rohan Kadam,9,100,6,6.6,5,91
2513,Rohit Lokhande,10,86,7.8,4.4,4,52
2514,Sachin Roy,8,93,7,2.6,6,73
2515,Sakshi Borkar,2,64,8,5.4,6,82
2516,Sameer Gupta,9,98,7.1,4.3,5,40
2517,Sana Chavan,7,79,6.3,2.8,5,55
2518,Sanjay Thakur,6,89,5.4,3.7,5,45
2519,Sanya Gawande,2,70,5.8,2.1,6,69
2520,Shivam Salve,10,63,6.6,7.9,6,78
2521,Shraddha Das,5,96,7.2,5.5,6,48
2522,Shreya Mane,1,78,8.8,2.2,4,47
2523,Sneha Joshi,3,65,6,6.4,7,65
2524,Sonali More,5,86,7.7,5.2,6,62
2525,Sonal Raut,1,62,5.6,6.1,4,46
2526,Sourabh Sawant,4,78,7.9,5.1,8,78
2527,Tanmay Rathod,5,88,5,1.4,9,83
2528,Tanya Iyer,10,89,7.6,2.4,5,63
2529,Varun Pandey,1,78,5.7,6.4,6,60
2530,Vikas Verma,6,75,5.7,6.3,10,48
2531,Vijay Kulkarni,10,94,7.2,6.3,4,57
2532,Vishal Agrawal,9,67,6.5,1.1,3,68
2533,Yash Suryawanshi,10,63,6.9,6.6,5,95
2534,Yogesh Chaudhary,2,66,6.2,4.1,6,50
2535,Zoya Reddy,9,92,8.8,5.9,5,86
2536,Aarav Dubey,10,79,6.2,2.9,7,68
2537,Aditi Patil,4,61,7.2,6.4,4,71
2538,Aditya Deshmukh,5,66,8.4,7.9,6,56
2539,Akash Mehta,6,61,7.7,2.8,2,92
2540,Akshay Wagh,5,93,6.3,6.5,10,43
2541,Aman Yadav,3,78,7.2,5.2,4,51
2542,Amit Nair,10,62,5.3,2.9,4,57
2543,Ananya Saxena,10,69,7.2,3.1,3,72
2544,Aniket Sharma,4,85,6.7,6.1,5,63
2545,Anjali Jadhav,9,84,8,3,10,92
2546,Arjun Mishra,4,93,8.4,1.3,7,50
2547,Aryan Bhosale,8,61,5.8,7.1,8,71
2548,Ashish Tiwari,6,62,5.3,5.1,7,67
2549,Ayush Pande,5,61,6.6,6.3,5,57
2550,Bhavna Kapoor,2,76,7.1,5.2,9,41
2551,Chetan Pawar,7,89,6.5,4.6,5,85
2552,Deepak Khan,4,87,7.5,6.4,9,51
2553,Deepika Kale,3,68,7,1.2,10,47
2554,Dhruv Gaikwad,2,86,8.7,3.2,2,71
2555,Divya Desai,10,86,6.6,5.4,3,48
2556,Gaurav Dhumal,2,67,5.3,7.6,8,75
2557,Isha Malik,8,90,6.2,3.8,3,80
2558,Karan Ingale,9,77,7.4,7.8,8,52
2559,Kavya Singh,1,62,6,6.3,4,43
2560,Kiran Shinde,6,76,6.1,4.4,7,45
2561,Kunal Naik,6,91,6.4,4,7,42
2562,Manish Kadam,4,88,8,1.9,4,67
2563,Meera Lokhande,7,71,8.8,5.3,9,61
2564,Mohit Roy,5,91,6.4,1.4,10,83
2565,Neha Borkar,5,75,5.8,4,3,62
2566,Nikhil Gupta,5,78,6.7,2.7,8,76
2567,Nisha Chavan,9,63,6.4,7.7,8,66
2568,Pallavi Thakur,7,100,9,3.5,4,63
2569,Pankaj Gawande,4,94,6.9,4.4,9,81
2570,Pooja Salve,10,67,7.7,3.6,4,68
2571,Prakash Das,9,82,8.7,2,4,71
2572,Priya Mane,10,91,7.5,3.5,8,65
2573,Rahul Joshi,8,80,6,6.5,3,79
2574,Raj More,4,68,7.4,5.3,10,57
2575,Rakesh Raut,8,99,6.6,4.1,5,42
2576,Riya Sawant,4,71,6.7,6.7,6,63
2577,Rohan Rathod,3,73,8.9,1,8,57
2578,Rohit Iyer,5,75,6.1,6.8,9,90
2579,Sachin Pandey,10,96,6.9,1.4,8,94
2580,Sakshi Verma,6,80,5.6,7.1,5,52
2581,Sameer Kulkarni,4,89,5.7,7.6,8,63
2582,Sana Agrawal,5,96,7.4,6.7,5,64
2583,Sanjay Suryawanshi,3,98,8,1.1,6,52
2584,Sanya Chaudhary,7,95,7.5,4.7,8,40
2585,Shivam Reddy,4,97,6.3,6.8,6,95
2586,Shraddha Dubey,6,98,5.2,4.8,2,76
2587,Shreya Patil,4,100,6.9,3.5,2,63
2588,Sneha Deshmukh,4,86,7,4.3,3,50
2589,Sonali Mehta,10,65,8.1,1.6,2,66
2590,Sonal Wagh,4,64,7.6,4.5,8,55
2591,Sourabh Yadav,1,92,8.5,1.2,3,52
2592,Tanmay Nair,4,72,8.1,5.5,4,93
2593,Tanya Saxena,6,92,6.5,3.7,4,76
2594,Varun Sharma,1,98,7.5,2.3,3,57
2595,Vikas Jadhav,4,86,8,1.1,9,51
2596,Vijay Mishra,2,91,8.8,7.5,2,83
2597,Vishal Bhosale,6,71,6.7,4.9,3,74
2598,Yash Tiwari,8,77,7.6,5.5,4,87
2599,Yogesh Pande,10,99,6.6,6.5,2,82
2600,Zoya Kapoor,4,93,8,5.4,4,62
2601,Aarav Pawar,9,68,8.6,3.9,3,76
2602,Aditi Khan,3,98,8.7,5.4,5,61
2603,Aditya Kale,8,80,5.6,2.8,3,45
2604,Akash Gaikwad,6,94,5.8,4.9,10,41
2605,Akshay Desai,8,81,8,2.4,9,44
2606,Aman Dhumal,8,84,7.5,7.4,7,91
2607,Amit Malik,6,66,8.6,4.6,7,87
2608,Ananya Ingale,3,73,6.3,2.6,8,61
2609,Aniket Singh,6,89,8.4,5.5,10,90
2610,Anjali Shinde,9,94,7.7,1.6,3,81
2611,Arjun Naik,10,63,5.8,4,6,47
2612,Aryan Kadam,10,63,5.5,7.1,3,52
2613,Ashish Lokhande,2,88,7.8,6.4,6,61
2614,Ayush Roy,6,78,5.6,5.9,10,85
2615,Bhavna Borkar,2,94,8.2,4.3,7,76
2616,Chetan Gupta,7,62,7.2,4.1,7,62
2617,Deepak Chavan,10,74,6.9,1.1,2,86
2618,Deepika Thakur,1,61,6.1,5.2,9,58
2619,Dhruv Gawande,7,89,8.9,5,8,90
2620,Divya Salve,10,95,7.9,1,5,80
2621,Gaurav Das,9,66,8.1,2,5,79
2622,Isha Mane,4,73,8.1,1.1,7,44
2623,Karan Joshi,2,94,7.3,2.8,8,48
2624,Kavya More,10,61,8.8,1,6,95
2625,Kiran Raut,10,99,7.3,3.9,9,83
2626,Kunal Sawant,6,96,7.1,4.3,3,54
2627,Manish Rathod,10,66,6.1,4.1,8,88
2628,Meera Iyer,1,65,6.1,2.4,9,57
2629,Mohit Pandey,7,88,7.9,4.7,8,59
2630,Neha Verma,1,60,6.3,6.7,5,57
2631,Nikhil Kulkarni,10,80,7.9,3,6,67
2632,Nisha Agrawal,7,62,8.8,3.2,6,82
2633,Pallavi Suryawanshi,10,81,6.8,4.8,4,49
2634,Pankaj Chaudhary,6,74,5.4,2.6,3,94
2635,Pooja Reddy,1,88,7.7,3.4,3,57
2636,Prakash Dubey,1,96,5,4.2,7,94
2637,Priya Patil,4,80,8.1,3.7,4,88
2638,Rahul Deshmukh,8,86,7.1,6.7,9,70
2639,Raj Mehta,2,84,7,6.9,9,44
2640,Rakesh Wagh,9,100,7.3,3.8,5,72
2641,Riya Yadav,3,69,7.1,4.1,5,82
2642,Rohan Nair,5,69,6.3,7.7,10,94
2643,Rohit Saxena,3,75,6.1,4.5,2,45
2644,Sachin Sharma,5,90,6.7,8,4,81
2645,Sakshi Jadhav,5,95,8.6,6.3,8,56
2646,Sameer Mishra,1,71,5.5,2.8,9,81
2647,Sana Bhosale,6,64,6.3,2.6,6,72
2648,Sanjay Tiwari,8,84,5.8,2.1,8,88
2649,Sanya Pande,10,84,6.7,6.6,3,40
2650,Shivam Kapoor,4,75,5.5,3.1,10,68
2651,Shraddha Pawar,9,67,8,5.7,7,77
2652,Shreya Khan,9,94,5.4,4.8,8,61
2653,Sneha Kale,10,94,7.7,6.8,3,57
2654,Sonali Gaikwad,4,90,6.1,6.3,6,58
2655,Sonal Desai,9,83,6.9,1.4,8,81
2656,Sourabh Dhumal,6,70,5.8,3.4,5,51
2657,Tanmay Malik,1,76,7.9,4.6,10,94
2658,Tanya Ingale,3,62,8.8,6.6,9,51
2659,Varun Singh,7,70,5.9,6,3,63
2660,Vikas Shinde,2,78,8.8,4.8,9,95
2661,Vijay Naik,5,77,6.3,6.7,5,41
2662,Vishal Kadam,8,63,7.2,4,7,58
2663,Yash Lokhande,2,99,7.8,1.4,5,87
2664,Yogesh Roy,5,70,5.8,7.1,8,57
2665,Zoya Borkar,3,80,6.8,4.7,5,55
2666,Aarav Gupta,6,79,5.3,6.7,6,40
2667,Aditi Chavan,3,79,7.8,3.7,7,48
2668,Aditya Thakur,10,94,6.7,5.1,3,50
2669,Akash Gawande,1,90,8.6,3.3,5,89
2670,Akshay Salve,10,95,6.1,3.9,2,70
2671,Aman Das,8,75,8.7,2,2,53
2672,Amit Mane,9,70,5.6,6.2,7,85
2673,Ananya Joshi,9,77,7.4,3,4,73
2674,Aniket More,2,83,6.2,3.1,8,57
2675,Anjali Raut,10,73,5.7,3.5,8,54
2676,Arjun Sawant,6,78,5.4,4,7,52
2677,Aryan Rathod,10,66,7.6,5,5,79
2678,Ashish Iyer,9,83,5.9,5.8,7,80
2679,Ayush Pandey,6,89,7.3,5.7,9,76
2680,Bhavna Verma,4,81,8.9,4,5,65
2681,Chetan Kulkarni,2,95,6.3,4.4,5,68
2682,Deepak Agrawal,2,100,5.1,2,4,90
2683,Deepika Suryawanshi,4,97,5.6,4.7,3,71
2684,Dhruv Chaudhary,9,63,5.5,7.1,2,74
2685,Divya Reddy,6,96,6.9,4.2,2,52
2686,Gaurav Dubey,5,73,8,7.6,3,65
2687,Isha Patil,3,78,6.2,2.1,8,41
2688,Karan Deshmukh,6,76,5.6,6.2,7,65
2689,Kavya Mehta,7,71,7.6,6,2,84
2690,Kiran Wagh,10,95,6.2,5.8,8,77
2691,Kunal Yadav,8,86,7.3,5.6,8,89
2692,Manish Nair,7,99,8.7,1.2,10,59
2693,Meera Saxena,10,99,6.2,6.2,10,83
2694,Mohit Sharma,5,77,7,4.5,2,81
2695,Neha Jadhav,10,89,8.2,4.7,6,79
2696,Nikhil Mishra,4,80,7.8,1.4,9,84
2697,Nisha Bhosale,2,80,8,2.3,4,66
2698,Pallavi Tiwari,5,90,8.1,7.4,7,59
2699,Pankaj Pande,2,88,7.2,3.2,2,72
2700,Pooja Kapoor,2,97,7.1,3.8,4,61
2701,Prakash Pawar,9,91,7.9,2.3,10,78
2702,Priya Khan,8,85,7.8,5.4,8,88
2703,Rahul Kale,3,97,7.7,6.2,4,41
2704,Raj Gaikwad,9,64,6.5,7.4,10,74
2705,Rakesh Desai,1,91,8.3,4.9,3,63
2706,Riya Dhumal,3,76,5.9,2.9,5,45
2707,Rohan Malik,8,77,5.6,1.5,5,52
2708,Rohit Ingale,4,92,6.4,2.9,7,86
2709,Sachin Singh,8,71,6,5.3,4,60
2710,Sakshi Shinde,9,96,7.7,7.8,4,44
2711,Sameer Naik,1,80,5.9,1.6,8,81
2712,Sana Kadam,1,74,7.6,3.7,3,53
2713,Sanjay Lokhande,10,73,7.1,5.7,3,60
2714,Sanya Roy,6,77,5.6,5,3,50
2715,Shivam Borkar,6,98,6,5.6,4,81
2716,Shraddha Gupta,5,64,7.1,4.2,2,91
2717,Shreya Chavan,5,80,7.9,2.9,2,94
2718,Sneha Thakur,7,94,6.6,4.4,8,44
2719,Sonali Gawande,6,79,5.9,3.7,6,91
2720,Sonal Salve,2,83,6.2,6,3,75
2721,Sourabh Das,7,74,5.4,2.2,4,86
2722,Tanmay Mane,7,65,5.1,4.5,8,44
2723,Tanya Joshi,2,86,8.9,7.7,9,87
2724,Varun More,4,97,5.4,4.7,9,58
2725,Vikas Raut,8,81,5.5,2.7,3,62
2726,Vijay Sawant,7,77,8.5,7.6,9,90
2727,Vishal Rathod,2,65,7.7,2.7,5,80
2728,Yash Iyer,1,98,6.7,6.3,4,68
2729,Yogesh Pandey,6,95,7.6,1.8,7,77
2730,Zoya Verma,5,96,8.7,7,3,59
2731,Aarav Kulkarni,10,74,5.4,2.3,6,95
2732,Aditi Agrawal,6,85,6,3.8,5,43
2733,Aditya Suryawanshi,10,77,8.4,7.8,7,72
2734,Akash Chaudhary,3,69,8.1,5.1,3,42
2735,Akshay Reddy,5,68,9,2.8,2,64
2736,Aman Dubey,2,75,6.3,1,5,68
2737,Amit Patil,6,82,8.8,1,10,86
2738,Ananya Deshmukh,2,65,6.4,2.9,7,92
2739,Aniket Mehta,5,88,7.9,4.7,6,81
2740,Anjali Wagh,4,78,8.5,4.4,7,93
2741,Arjun Yadav,2,96,5.7,7.5,6,46
2742,Aryan Nair,1,71,5.8,6.3,3,69
2743,Ashish Saxena,6,62,7.3,7.5,10,73
2744,Ayush Sharma,10,72,8.4,4.6,4,44
2745,Bhavna Jadhav,2,99,5.3,4.1,7,73
2746,Chetan Mishra,5,73,8.4,5,9,42
2747,Deepak Bhosale,3,88,6.4,3.6,7,75
2748,Deepika Tiwari,9,94,6.6,2.5,10,52
2749,Dhruv Pande,5,71,6.4,6.9,3,92
2750,Divya Kapoor,10,86,8.6,5.8,7,58
2751,Gaurav Pawar,3,68,5.5,3.3,2,73
2752,Isha Khan,1,74,7.3,4.1,7,74
2753,Karan Kale,6,72,5.6,2.6,3,88
2754,Kavya Gaikwad,7,87,8.7,4.9,7,58
2755,Kiran Desai,10,95,8.2,3.5,4,60
2756,Kunal Dhumal,9,70,5.9,7.1,3,78
2757,Manish Malik,9,71,6.2,4.7,9,43
2758,Meera Ingale,7,93,6.5,3.9,10,71
2759,Mohit Singh,4,78,6.6,6.2,3,61
2760,Neha Shinde,5,81,8.3,7.3,3,94
2761,Nikhil Naik,2,88,7.3,6.7,2,69
2762,Nisha Kadam,5,65,6.7,4.5,8,83
2763,Pallavi Lokhande,4,95,7.9,3.5,10,86
2764,Pankaj Roy,1,74,6.8,5.6,3,48
2765,Pooja Borkar,3,87,5.5,6.7,6,75
2766,Prakash Gupta,6,77,5.4,7.9,8,78
2767,Priya Chavan,4,90,6.3,4.2,5,64
2768,Rahul Thakur,10,85,7.4,5.7,8,51
2769,Raj Gawande,5,67,5.5,3.1,8,65
2770,Rakesh Salve,10,67,7.2,1.6,8,42
2771,Riya Das,7,95,6.1,2.8,8,95
2772,Rohan Mane,1,81,7.8,1.1,5,44
2773,Rohit Joshi,3,71,5.1,4.6,5,47
2774,Sachin More,8,65,6.9,3.6,7,47
2775,Sakshi Raut,6,65,5.2,5.7,2,51
2776,Sameer Sawant,4,97,6.3,5.3,7,50
2777,Sana Rathod,6,100,5.1,2.2,2,75
2778,Sanjay Iyer,10,76,6.9,5.7,8,46
2779,Sanya Pandey,4,68,8.1,2.3,7,79
2780,Shivam Verma,1,77,5.4,1,6,62
2781,Shraddha Kulkarni,4,65,7.9,7.8,4,62
2782,Shreya Agrawal,10,82,7.3,1.2,6,68
2783,Sneha Suryawanshi,8,85,7,3.4,7,41
2784,Sonali Chaudhary,9,100,7.4,5.5,8,68
2785,Sonal Reddy,10,73,6.3,3.6,10,69
2786,Sourabh Dubey,2,68,7.8,3.7,3,81
2787,Tanmay Patil,3,65,8.1,6.1,2,48
2788,Tanya Deshmukh,1,75,8.1,5.2,7,42
2789,Varun Mehta,1,84,6.1,4.6,3,43
2790,Vikas Wagh,9,62,7.6,7.2,3,93
2791,Vijay Yadav,10,91,5.6,1.8,4,59
2792,Vishal Nair,2,78,7,4.3,8,53
2793,Yash Saxena,8,92,5,2.7,2,47
2794,Yogesh Sharma,6,79,5.8,1.3,5,54
2795,Zoya Jadhav,1,66,7.5,7.9,2,64
2796,Aarav Mishra,10,60,8.5,6.1,9,94
2797,Aditi Bhosale,9,82,5.2,2.5,8,82
2798,Aditya Tiwari,6,82,7.2,3.8,2,87
2799,Akash Pande,8,93,7.5,2.6,4,42
2800,Akshay Kapoor,4,95,8.7,5.8,6,72
2801,Aman Pawar,8,66,7.6,3.5,6,67
2802,Amit Khan,5,72,5.4,7.4,3,50
2803,Ananya Kale,10,68,5.6,2.5,6,67
2804,Aniket Gaikwad,1,64,7.5,3.4,9,72
2805,Anjali Desai,2,60,5.9,7.5,3,40
2806,Arjun Dhumal,10,63,8.7,7.2,3,94
2807,Aryan Malik,3,81,8.7,3.1,5,81
2808,Ashish Ingale,4,66,8.8,4.4,6,91
2809,Ayush Singh,8,67,6.2,7.2,4,45
2810,Bhavna Shinde,2,64,7.9,5.7,2,43
2811,Chetan Naik,6,89,7.7,5.5,2,92
2812,Deepak Kadam,3,86,5.1,5.6,9,92
2813,Deepika Lokhande,2,99,6.1,7.4,3,75
2814,Dhruv Roy,10,64,5.8,4.6,4,51
2815,Divya Borkar,2,68,6.5,2.3,8,56
2816,Gaurav Gupta,1,78,8.8,4.3,7,84
2817,Isha Chavan,7,86,8.4,6.1,2,91
2818,Karan Thakur,9,65,6.2,4.4,3,77
2819,Kavya Gawande,2,68,7.1,3.2,6,62
2820,Kiran Salve,8,77,5.8,5.7,5,86
2821,Kunal Das,6,60,6.1,4.2,10,54
2822,Manish Mane,9,76,5.3,7.7,3,47
2823,Meera Joshi,2,91,7.6,3.5,2,61
2824,Mohit More,10,81,7.6,6,6,66
2825,Neha Raut,7,77,8.4,4.9,10,74
2826,Nikhil Sawant,9,80,8.5,1.5,2,78
2827,Nisha Rathod,4,98,5.6,4.3,9,80
2828,Pallavi Iyer,10,81,8,1.2,10,51
2829,Pankaj Pandey,7,81,5.5,6.5,5,77
2830,Pooja Verma,2,98,6.5,6.1,5,42
2831,Prakash Kulkarni,10,66,7.1,1.4,10,91
2832,Priya Agrawal,8,63,5.2,4.5,7,64
2833,Rahul Suryawanshi,4,78,5.6,7.7,6,93
2834,Raj Chaudhary,6,73,6.1,3,4,88
2835,Rakesh Reddy,4,68,5.5,7.3,10,51
2836,Riya Dubey,6,64,8.7,2.1,4,46
2837,Rohan Patil,10,95,6.2,1,5,91
2838,Rohit Deshmukh,9,85,7,4.7,9,67
2839,Sachin Mehta,3,88,9,2.7,6,45
2840,Sakshi Wagh,10,64,7.3,7.2,8,74
2841,Sameer Yadav,5,73,6.6,5.7,10,93
2842,Sana Nair,8,85,8.7,5.8,7,73
2843,Sanjay Saxena,8,81,5.9,5.7,3,54
2844,Sanya Sharma,5,88,5.7,5.8,8,58
2845,Shivam Jadhav,5,87,7.1,6.2,7,54
2846,Shraddha Mishra,5,76,6.7,5.7,3,70
2847,Shreya Bhosale,9,92,8.2,6.8,2,63
2848,Sneha Tiwari,4,70,5.2,4.9,10,59
2849,Sonali Pande,3,63,7.5,3.5,2,50
2850,Sonal Kapoor,4,97,7.8,4.3,6,41
2851,Sourabh Pawar,2,60,8.9,4.1,10,86
2852,Tanmay Khan,4,71,5.6,3.3,9,84
2853,Tanya Kale,2,64,6,3.9,9,46
2854,Varun Gaikwad,1,69,8.7,3.7,8,52
2855,Vikas Desai,8,76,7.5,1.8,6,64
2856,Vijay Dhumal,1,65,5.2,6.8,4,73
2857,Vishal Malik,6,79,5.3,6.3,10,90
2858,Yash Ingale,8,98,8.1,3.4,7,79
2859,Yogesh Singh,8,65,7.3,7.6,5,75
2860,Zoya Shinde,5,97,7.3,7.6,10,81
2861,Aarav Naik,2,76,8.5,7,5,74
2862,Aditi Kadam,10,84,6,1.2,2,92
2863,Aditya Lokhande,9,78,5.6,3.6,7,95
2864,Akash Roy,7,72,7.5,4.2,5,65
2865,Akshay Borkar,1,64,8.5,6,7,41
2866,Aman Gupta,1,84,6.1,5.4,7,95
2867,Amit Chavan,4,97,7.7,5.7,7,57
2868,Ananya Thakur,2,81,5.6,6.4,5,55
2869,Aniket Gawande,9,84,5.7,7.6,4,47
2870,Anjali Salve,3,86,8.6,4.9,4,82
2871,Arjun Das,3,75,5.5,7.3,10,50
2872,Aryan Mane,10,64,5.1,6.7,8,94
2873,Ashish Joshi,9,80,8.1,3.4,5,52
2874,Ayush More,3,95,6.5,6.7,10,44
2875,Bhavna Raut,4,72,6.6,1.8,8,75
2876,Chetan Sawant,6,95,8.2,2.1,6,51
2877,Deepak Rathod,7,95,5.7,7.9,9,55
2878,Deepika Iyer,10,70,7.6,4,10,45
2879,Dhruv Pandey,9,83,6.3,4.2,7,77
2880,Divya Verma,10,90,5.4,7.7,2,52
2881,Gaurav Kulkarni,1,80,7.7,3.5,5,81
2882,Isha Agrawal,3,88,6.3,2.7,4,54
2883,Karan Suryawanshi,6,97,8.5,1.5,8,62
2884,Kavya Chaudhary,1,85,8.7,4.7,2,67
2885,Kiran Reddy,4,94,8.4,2.4,6,70
2886,Kunal Dubey,2,92,6.3,1.5,5,86
2887,Manish Patil,10,93,5.9,6.7,5,47
2888,Meera Deshmukh,1,94,8.6,3.3,7,52
2889,Mohit Mehta,2,69,6.8,5.1,6,82
2890,Neha Wagh,2,60,7.8,1.7,3,87
2891,Nikhil Yadav,2,66,8.3,4.5,9,63
2892,Nisha Nair,6,70,6.1,5.4,6,40
2893,Pallavi Saxena,4,88,5.5,4.1,3,86
2894,Pankaj Sharma,10,80,7.5,3.4,8,74
2895,Pooja Jadhav,3,79,7.4,3.2,5,69
2896,Prakash Mishra,6,60,6.1,1.8,7,61
2897,Priya Bhosale,7,88,7.3,1.8,8,79
2898,Rahul Tiwari,7,74,8.2,4.5,7,56
2899,Raj Pande,8,91,6.4,2,10,60
2900,Rakesh Kapoor,3,64,6,2.6,7,83
2901,Riya Pawar,6,72,7.9,2.2,5,60
2902,Rohan Khan,9,62,8.1,6.6,10,93
2903,Rohit Kale,9,71,8.8,4.1,6,64
2904,Sachin Gaikwad,7,97,5.6,4.9,8,71
2905,Sakshi Desai,7,80,8.6,5.1,4,75
2906,Sameer Dhumal,9,78,8.1,3.8,10,79
2907,Sana Malik,7,71,7.8,3.1,10,68
2908,Sanjay Ingale,10,70,6.3,3.7,10,60
2909,Sanya Singh,2,87,5.1,4.7,5,85
2910,Shivam Shinde,4,100,7,3.5,9,80
2911,Shraddha Naik,2,90,6.1,2,8,43
2912,Shreya Kadam,1,90,6.2,7.4,2,75
2913,Sneha Lokhande,5,79,8.7,6.1,10,90
2914,Sonali Roy,3,64,5.6,1.5,6,71
2915,Sonal Borkar,5,89,8.7,7.3,6,91
2916,Sourabh Gupta,5,93,7,2.2,5,61
2917,Tanmay Chavan,7,80,8.4,1.7,9,53
2918,Tanya Thakur,10,63,6.1,2.2,2,67
2919,Varun Gawande,9,89,7.5,7.5,5,45
2920,Vikas Salve,4,97,7.2,2.5,7,43
2921,Vijay Das,4,69,8.7,6.5,3,72
2922,Vishal Mane,8,66,5.7,5.5,3,41
2923,Yash Joshi,2,90,5.8,4.6,7,43
2924,Yogesh More,6,73,8.8,3.6,7,65
2925,Zoya Raut,5,89,5.4,1.7,9,52
2926,Aarav Sawant,2,88,7.5,6,9,50
2927,Aditi Rathod,7,70,5.2,3.8,2,68
2928,Aditya Iyer,4,61,5.3,4.7,5,58
2929,Akash Pandey,2,82,7.4,1.4,9,74
2930,Akshay Verma,7,76,7.2,6.4,10,63
2931,Aman Kulkarni,2,95,7.3,5.8,2,50
2932,Amit Agrawal,7,74,6.9,4.7,8,79
2933,Ananya Suryawanshi,2,70,8,4.5,4,92
2934,Aniket Chaudhary,5,95,9,3.4,9,80
2935,Anjali Reddy,9,90,6.1,3.4,6,50
2936,Arjun Dubey,3,85,6.3,1.5,3,71
2937,Aryan Patil,8,99,6.3,5.8,3,48
2938,Ashish Deshmukh,8,92,8.1,1.3,10,41
2939,Ayush Mehta,10,95,6.4,1,8,49
2940,Bhavna Wagh,2,92,7.7,1.2,2,85
2941,Chetan Yadav,8,76,6.8,2.4,10,92
2942,Deepak Nair,10,62,7.4,5,9,73
2943,Deepika Saxena,8,84,8.3,5.8,6,89
2944,Dhruv Sharma,2,91,7.1,3.9,2,62
2945,Divya Jadhav,9,100,6.9,3.9,5,41
2946,Gaurav Mishra,2,87,6.1,5,3,90
2947,Isha Bhosale,6,83,7.1,5.2,5,80
2948,Karan Tiwari,5,83,6,6.9,4,76
2949,Kavya Pande,6,64,8.4,6.7,8,44
2950,Kiran Kapoor,6,60,6.6,6.8,8,93
2951,Kunal Pawar,1,61,5.5,6.9,3,44
2952,Manish Khan,6,97,6,7.2,10,40
2953,Meera Kale,10,92,7.1,4.9,8,44
2954,Mohit Gaikwad,5,70,8.7,5.2,7,92
2955,Neha Desai,3,77,6.2,6.1,8,86
2956,Nikhil Dhumal,10,79,6.1,2.4,8,46
2957,Nisha Malik,1,70,6.6,3.5,9,63
2958,Pallavi Ingale,5,77,8.9,7.4,4,69
2959,Pankaj Singh,6,74,8.4,4.7,8,71
2960,Pooja Shinde,5,88,5.6,1.4,10,51
2961,Prakash Naik,10,91,7.5,3.8,8,41
2962,Priya Kadam,5,64,8.2,2.1,5,41
2963,Rahul Lokhande,10,79,8.1,3.5,7,90
2964,Raj Roy,1,100,7,4.8,10,74
2965,Rakesh Borkar,8,95,7.9,4.5,7,94
2966,Riya Gupta,6,92,7.3,4.4,9,88
2967,Rohan Chavan,3,90,5.8,1.1,10,53
2968,Rohit Thakur,3,60,5.2,4.1,5,45
2969,Sachin Gawande,8,99,6.5,1.2,5,76
2970,Sakshi Salve,7,90,5.2,3.8,5,52
2971,Sameer Das,7,96,6.6,5.5,5,78
2972,Sana Mane,1,97,8.3,1.9,8,94
2973,Sanjay Joshi,6,70,8.4,7.4,6,94
2974,Sanya More,10,60,5.1,5.4,10,54
2975,Shivam Raut,1,87,5.3,2.5,8,67
2976,Shraddha Sawant,5,78,7.7,3.8,8,79
2977,Shreya Rathod,5,60,7,1.7,10,53
2978,Sneha Iyer,9,71,5.6,1.2,9,71
2979,Sonali Pandey,3,100,8.2,7.4,2,60
2980,Sonal Verma,5,74,5.9,5.7,10,72
2981,Sourabh Kulkarni,8,70,5.3,6.5,9,75
2982,Tanmay Agrawal,1,86,8,5.4,4,89
2983,Tanya Suryawanshi,9,87,7.4,7.3,4,66
2984,Varun Chaudhary,9,73,6.6,7.3,6,56
2985,Vikas Reddy,8,94,7.8,1.4,10,44
2986,Vijay Dubey,7,83,8.6,2.3,7,79
2987,Vishal Patil,8,66,5.1,3.8,7,85
2988,Yash Deshmukh,8,73,7.5,3.4,3,62
2989,Yogesh Mehta,10,94,5.9,4.7,10,88
2990,Zoya Wagh,5,63,6.9,2.9,9,66
2991,Aarav Yadav,5,60,6.7,6.6,2,66
2992,Aditi Nair,7,86,6.6,1.1,4,42
2993,Aditya Saxena,2,78,5.8,6.5,9,69
2994,Akash Sharma,9,70,8.2,3.8,8,73
2995,Akshay Jadhav,8,79,6.5,1,5,67
2996,Aman Mishra,7,67,8.5,6.9,6,70
2997,Amit Bhosale,4,75,6.4,4.1,3,69
2998,Ananya Tiwari,4,69,8.4,6.1,9,79
2999,Aniket Pande,5,84,7.2,7.1,7,45
3000,Anjali Kapoor,7,87,6.5,1.2,6,69
3001,Arjun Pawar,8,97,7.8,2.8,7,64
3002,Aryan Khan,7,62,8.1,1.8,7,59
3003,Ashish Kale,10,73,6.9,1.7,5,65
3004,Ayush Gaikwad,10,70,6.7,7.6,3,78
3005,Bhavna Desai,8,83,7.3,6.6,6,95
3006,Chetan Dhumal,4,81,7.3,3.6,9,52
3007,Deepak Malik,6,95,6.7,5.8,2,42
3008,Deepika Ingale,5,97,8,7.4,5,59
3009,Dhruv Singh,7,91,6.6,2.5,9,57
3010,Divya Shinde,9,68,6.8,1.1,7,43
3011,Gaurav Naik,4,61,7.4,6.8,2,67
3012,Isha Kadam,6,96,8.9,6.1,9,69
3013,Karan Lokhande,1,98,6,2.1,2,87
3014,Kavya Roy,8,70,5.9,4.4,6,79
3015,Kiran Borkar,5,61,5.7,2.1,3,65
3016,Kunal Gupta,5,87,7.8,5.2,4,76
3017,Manish Chavan,6,84,6.8,5.5,5,56
3018,Meera Thakur,3,96,6.6,2.9,4,48
3019,Mohit Gawande,6,83,5.8,6.5,9,69
3020,Neha Salve,8,91,8.6,4.3,7,67
3021,Nikhil Das,4,92,6.8,5.9,5,56
3022,Nisha Mane,2,60,7.4,5.5,4,90
3023,Pallavi Joshi,4,66,5.5,4.2,6,70
3024,Pankaj More,2,91,5.4,3,5,71
3025,Pooja Raut,4,67,5.3,2.4,9,78
3026,Prakash Sawant,7,68,6.5,6.2,4,56
3027,Priya Rathod,2,90,6.9,5.5,8,69
3028,Rahul Iyer,8,68,6,3,6,90
3029,Raj Pandey,3,66,6.4,7.8,4,74
3030,Rakesh Verma,9,60,5,6.7,6,87
3031,Riya Kulkarni,8,79,6.4,1.9,3,42
3032,Rohan Agrawal,3,86,5.5,2.1,6,80
3033,Rohit Suryawanshi,6,89,5.5,4.8,8,76
3034,Sachin Chaudhary,2,97,5,1.7,7,90
3035,Sakshi Reddy,1,86,7.8,7.8,2,94
3036,Sameer Dubey,10,91,8.7,5.5,7,47
3037,Sana Patil,9,68,7.5,1.5,2,67
3038,Sanjay Deshmukh,2,73,5.4,4.1,5,92
3039,Sanya Mehta,3,72,9,2.6,7,84
3040,Shivam Wagh,2,62,8.9,4.4,10,45
3041,Shraddha Yadav,4,99,6.9,2.7,10,70
3042,Shreya Nair,3,69,5.4,6.8,6,59
3043,Sneha Saxena,4,78,7.9,6,3,79
3044,Sonali Sharma,6,74,8.8,7.3,9,68
3045,Sonal Jadhav,2,61,8.1,2.4,5,57
3046,Sourabh Mishra,9,97,7.5,3.7,7,63
3047,Tanmay Bhosale,8,69,7.4,6.6,3,94
3048,Tanya Tiwari,8,64,8.9,3.6,5,60
3049,Varun Pande,2,74,5.3,3.7,6,52
3050,Vikas Kapoor,8,65,5.6,7.9,8,46
3051,Vijay Pawar,9,100,8.3,6.4,10,48
3052,Vishal Khan,2,67,5.6,7,3,42
3053,Yash Kale,8,72,6.5,3.8,7,42
3054,Yogesh Gaikwad,4,71,6.1,5.1,10,69
3055,Zoya Desai,8,61,6,4.2,2,70
3056,Aarav Dhumal,5,60,5.1,4.2,7,84
3057,Aditi Malik,9,81,7.3,1.9,8,74
3058,Aditya Ingale,2,69,6.6,6.9,2,50
3059,Akash Singh,4,63,7.2,3.7,8,76
3060,Akshay Shinde,3,71,6.2,5.1,5,64
3061,Aman Naik,3,71,8.8,7,7,49
3062,Amit Kadam,4,77,7.4,6.4,8,76
3063,Ananya Lokhande,4,100,8.8,2.4,3,76
3064,Aniket Roy,2,72,6.4,5.3,2,63
3065,Anjali Borkar,8,88,5,4.5,4,49
3066,Arjun Gupta,6,91,8.1,2.8,4,41
3067,Aryan Chavan,9,62,8.3,1.3,4,82
3068,Ashish Thakur,8,80,5.2,5.4,10,48
3069,Ayush Gawande,2,78,7.5,6.5,8,55
3070,Bhavna Salve,1,80,7.6,7.6,5,77
3071,Chetan Das,5,67,5.6,3.5,7,63
3072,Deepak Mane,5,79,7.2,3.8,3,85
3073,Deepika Joshi,3,65,6,2.1,3,60
3074,Dhruv More,8,98,5.1,7.9,2,89
3075,Divya Raut,6,84,8.5,6.9,5,60
3076,Gaurav Sawant,8,61,7,7.7,7,44
3077,Isha Rathod,2,80,8.1,4.5,6,80
3078,Karan Iyer,9,97,7.9,2.5,7,76
3079,Kavya Pandey,3,90,9,5,3,95
3080,Kiran Verma,5,71,6.8,3.6,7,45
3081,Kunal Kulkarni,5,96,6.7,3.4,6,69
3082,Manish Agrawal,9,67,6.1,1.6,10,79
3083,Meera Suryawanshi,3,70,7.5,1.5,4,62
3084,Mohit Chaudhary,3,66,6.9,3.7,2,54
3085,Neha Reddy,4,97,7.9,7.5,6,56
3086,Nikhil Dubey,4,89,6.4,6.1,3,40
3087,Nisha Patil,2,81,5.5,6.3,3,74
3088,Pallavi Deshmukh,2,87,8.4,2.6,4,83
3089,Pankaj Mehta,3,70,8.3,6.1,8,65
3090,Pooja Wagh,5,62,6.4,3.8,5,42
3091,Prakash Yadav,4,94,7.8,1.4,9,83
3092,Priya Nair,4,99,7,3.8,3,90
3093,Rahul Saxena,8,61,8,1.9,10,73
3094,Raj Sharma,3,62,6.6,7,5,44
3095,Rakesh Jadhav,10,82,7.1,6.9,6,63
3096,Riya Mishra,8,61,5.2,3,9,71
3097,Rohan Bhosale,2,89,5.7,5.3,6,93
3098,Rohit Tiwari,4,98,8.1,3.5,3,67
3099,Sachin Pande,2,71,6.5,2.1,4,40
3100,Sakshi Kapoor,3,72,5.1,5.5,10,79
3101,Sameer Pawar,4,95,5.7,6.3,2,78
3102,Sana Khan,2,74,6.6,6.4,10,53
3103,Sanjay Kale,1,69,7.9,2,8,63
3104,Sanya Gaikwad,5,63,6.5,4.6,6,42
3105,Shivam Desai,8,94,8,1.2,4,46
3106,Shraddha Dhumal,4,97,8.4,1.6,9,57
3107,Shreya Malik,9,63,6.4,1.6,2,45
3108,Sneha Ingale,4,92,8.2,1.4,8,55
3109,Sonali Singh,10,66,5.5,3.3,3,76
3110,Sonal Shinde,3,65,6.7,3.5,5,61
3111,Sourabh Naik,6,75,5.4,5.9,2,48
3112,Tanmay Kadam,8,77,5.2,3.3,7,74
3113,Tanya Lokhande,1,95,5.3,2,3,87
3114,Varun Roy,10,88,5.4,7.6,3,73
3115,Vikas Borkar,4,65,8.3,7.1,4,57
3116,Vijay Gupta,5,83,7.2,1.9,6,85
3117,Vishal Chavan,7,95,8.8,3.5,10,59
3118,Yash Thakur,7,87,7.2,2.2,9,40
3119,Yogesh Gawande,1,69,7.5,7.7,5,76
3120,Zoya Salve,9,65,5.7,3.5,7,80
3121,Aarav Das,7,78,7.2,1.7,8,52
3122,Aditi Mane,10,79,6.5,6.1,5,61
3123,Aditya Joshi,5,74,8.7,6,8,40
3124,Akash More,7,64,8.7,2.7,7,66
3125,Akshay Raut,5,64,5.8,3.3,8,64
3126,Aman Sawant,9,81,7.5,3.9,10,54
3127,Amit Rathod,9,98,7.6,2.9,5,69
3128,Ananya Iyer,10,84,7.3,3,2,78
3129,Aniket Pandey,6,77,5.5,6.6,6,64
3130,Anjali Verma,8,98,7.6,6.3,4,84
3131,Arjun Kulkarni,4,88,8.2,5.8,2,65
3132,Aryan Agrawal,5,89,6.4,5.8,3,62
3133,Ashish Suryawanshi,8,83,7.1,4.7,6,77
3134,Ayush Chaudhary,1,91,5.5,3.5,10,49
3135,Bhavna Reddy,8,80,8.7,6,5,87
3136,Chetan Dubey,1,85,5.4,1.8,6,73
3137,Deepak Patil,6,85,5.8,2,3,60
3138,Deepika Deshmukh,5,90,6.2,1.9,3,53
3139,Dhruv Mehta,5,96,8.3,6.1,9,84
3140,Divya Wagh,5,72,7.8,5.1,7,40
3141,Gaurav Yadav,5,88,5,4.2,3,43
3142,Isha Nair,5,61,5.7,4.3,6,74
3143,Karan Saxena,5,81,8,6.8,7,66
3144,Kavya Sharma,6,96,6.6,1.9,2,49
3145,Kiran Jadhav,8,86,5.1,3.7,4,61
3146,Kunal Mishra,6,70,8.9,6.3,9,83
3147,Manish Bhosale,7,84,5.6,5.6,5,66
3148,Meera Tiwari,9,74,7,4,8,69
3149,Mohit Pande,10,77,6,2.6,7,45
3150,Neha Kapoor,2,69,7.9,7.6,2,80
3151,Nikhil Pawar,8,85,8.1,3.9,10,47
3152,Nisha Khan,3,68,6.6,7.1,10,53
3153,Pallavi Kale,2,78,7.6,6.4,8,56
3154,Pankaj Gaikwad,8,98,8.6,7,3,64
3155,Pooja Desai,1,91,8.3,1.1,9,55
3156,Prakash Dhumal,9,76,6.7,4.3,2,85
3157,Priya Malik,8,99,6.8,2.8,6,61
3158,Rahul Ingale,10,60,8.5,2.9,5,41
3159,Raj Singh,7,99,5.1,2.9,8,65
3160,Rakesh Shinde,9,74,5.1,3.7,3,46
3161,Riya Naik,2,93,5.8,3.9,9,52
3162,Rohan Kadam,9,98,8.3,5.4,7,73
3163,Rohit Lokhande,2,84,5.6,3.1,4,74
3164,Sachin Roy,4,85,6.1,2.9,4,77
3165,Sakshi Borkar,2,90,7.5,3.5,8,61
3166,Sameer Gupta,5,69,5.7,5.8,3,86
3167,Sana Chavan,8,67,6.2,1,4,43
3168,Sanjay Thakur,3,74,6.9,6.2,10,61
3169,Sanya Gawande,9,79,5.9,3.4,9,53
3170,Shivam Salve,7,90,9,5,4,42
3171,Shraddha Das,7,70,5.7,6.3,7,71
3172,Shreya Mane,10,83,8.4,4.6,5,43
3173,Sneha Joshi,5,60,6.9,5.5,3,73
3174,Sonali More,4,61,5.5,7.4,4,87
3175,Sonal Raut,10,99,5.5,1.2,2,84
3176,Sourabh Sawant,6,94,7,3.4,9,78
3177,Tanmay Rathod,7,95,6.4,7.5,4,53
3178,Tanya Iyer,3,73,5.9,6.9,3,76
3179,Varun Pandey,3,81,8.8,5.3,7,71
3180,Vikas Verma,2,87,6.9,2.6,3,67
3181,Vijay Kulkarni,3,70,8.7,3.3,10,66
3182,Vishal Agrawal,2,90,5.7,7,9,47
3183,Yash Suryawanshi,8,88,5.7,5.9,5,87
3184,Yogesh Chaudhary,1,76,7.4,3,3,86
3185,Zoya Reddy,7,77,6.1,1.9,3,80
3186,Aarav Dubey,10,72,5.7,6.5,9,70
3187,Aditi Patil,8,92,5.4,5,5,47
3188,Aditya Deshmukh,5,100,5.3,7.7,7,75
3189,Akash Mehta,1,100,8,3.8,3,93
3190,Akshay Wagh,9,91,6.1,3.4,9,47
3191,Aman Yadav,1,74,8.9,3,6,59
3192,Amit Nair,7,92,5.7,4.4,2,90
3193,Ananya Saxena,7,70,6.4,3.3,2,93
3194,Aniket Sharma,2,96,6.5,1.5,10,64
3195,Anjali Jadhav,8,70,7,3.2,2,55
3196,Arjun Mishra,2,76,8.5,2.5,4,56
3197,Aryan Bhosale,3,63,8.3,6.7,2,66
3198,Ashish Tiwari,9,63,5,2.6,2,57
3199,Ayush Pande,10,76,6.6,4.2,9,70
3200,Bhavna Kapoor,3,82,8.3,5.7,8,44
3201,Chetan Pawar,10,60,5,2,4,43
3202,Deepak Khan,10,94,7.1,4.7,3,40
3203,Deepika Kale,8,64,6,6.9,4,80
3204,Dhruv Gaikwad,2,100,6.7,5.1,5,91
3205,Divya Desai,3,71,6.7,4.4,8,45
3206,Gaurav Dhumal,7,75,6.6,6.9,7,91
3207,Isha Malik,10,66,8.6,7.6,5,49
3208,Karan Ingale,9,93,7.1,6.7,2,42
3209,Kavya Singh,5,90,8.6,3.9,3,56
3210,Kiran Shinde,3,63,7.9,5.3,3,56
3211,Kunal Naik,10,64,6.4,4.7,3,93
3212,Manish Kadam,3,84,7,3.1,6,46
3213,Meera Lokhande,4,95,6.6,4,9,94
3214,Mohit Roy,10,64,8.3,6.8,5,88
3215,Neha Borkar,6,69,5.8,3.1,4,67
3216,Nikhil Gupta,3,82,8.7,7.2,7,77
3217,Nisha Chavan,1,64,7.3,7.9,2,69
3218,Pallavi Thakur,5,72,7.4,3.1,8,90
3219,Pankaj Gawande,10,60,7.1,1.9,2,51
3220,Pooja Salve,5,80,7.2,7.7,5,93
3221,Prakash Das,7,89,7.7,2.2,10,63
3222,Priya Mane,3,76,7.6,6.4,5,92
3223,Rahul Joshi,8,70,5.9,1.3,8,95
3224,Raj More,8,77,7.3,2.6,4,87
3225,Rakesh Raut,7,80,6.4,2.8,9,84
3226,Riya Sawant,8,66,7.5,3.1,5,64
3227,Rohan Rathod,6,64,7.2,7.4,4,79
3228,Rohit Iyer,4,67,5.7,2.2,2,53
3229,Sachin Pandey,8,100,7.9,2.2,4,55
3230,Sakshi Verma,9,89,6.8,5.8,7,81
3231,Sameer Kulkarni,9,65,7.2,7.7,2,82
3232,Sana Agrawal,3,72,7.7,3.7,3,54
3233,Sanjay Suryawanshi,7,76,7.6,6.4,5,94
3234,Sanya Chaudhary,1,67,8,1.2,8,78
3235,Shivam Reddy,6,94,5.8,6.8,7,95
3236,Shraddha Dubey,6,98,5.4,6.1,2,66
3237,Shreya Patil,4,70,7.7,7.3,2,73
3238,Sneha Deshmukh,10,60,5.9,5.5,2,76
3239,Sonali Mehta,9,70,5.5,7.6,4,49
3240,Sonal Wagh,1,83,5.5,3.7,4,55
3241,Sourabh Yadav,3,93,6.3,6.1,3,93
3242,Tanmay Nair,3,73,9,6.1,5,77
3243,Tanya Saxena,9,71,5.6,2.9,7,70
3244,Varun Sharma,6,70,6.2,7.4,8,40
3245,Vikas Jadhav,8,60,8.7,6.5,10,42
3246,Vijay Mishra,9,60,8.9,7.1,8,71
3247,Vishal Bhosale,8,77,5.9,3.5,10,44
3248,Yash Tiwari,1,85,8.5,6.9,10,47
3249,Yogesh Pande,2,60,5.6,3.2,9,72
3250,Zoya Kapoor,4,68,8,7.8,5,93
3251,Aarav Pawar,4,97,5.1,1.2,2,86
3252,Aditi Khan,8,100,6.6,5.3,2,66
3253,Aditya Kale,2,86,6,1.8,9,92
3254,Akash Gaikwad,4,81,7.8,6,9,73
3255,Akshay Desai,3,83,5.1,3.5,4,92
3256,Aman Dhumal,2,75,6.9,7.1,8,53
3257,Amit Malik,2,68,7.8,7.1,6,72
3258,Ananya Ingale,2,75,5.2,3.6,2,91
3259,Aniket Singh,6,88,8.6,6.7,7,94
3260,Anjali Shinde,5,87,6.4,5.8,2,88
3261,Arjun Naik,5,87,5.7,4,3,48
3262,Aryan Kadam,5,84,5.9,3.4,6,74
3263,Ashish Lokhande,8,62,6.4,2.5,2,45
3264,Ayush Roy,9,85,5.8,1.4,5,61
3265,Bhavna Borkar,6,96,7,4.6,8,41
3266,Chetan Gupta,7,86,7.5,4.8,7,82
3267,Deepak Chavan,8,83,6.7,4.1,2,83
3268,Deepika Thakur,7,69,6.7,7.7,3,45
3269,Dhruv Gawande,2,92,8.1,1.1,10,91
3270,Divya Salve,10,78,6.2,7,10,87
3271,Gaurav Das,2,70,7.5,6.6,10,87
3272,Isha Mane,5,80,8.6,6.3,6,65
3273,Karan Joshi,7,65,5.9,4.7,5,92
3274,Kavya More,5,97,7.5,2.3,8,95
3275,Kiran Raut,3,88,8.8,7,10,70
3276,Kunal Sawant,10,73,7.1,6.2,3,61
3277,Manish Rathod,1,92,8.9,6.8,10,82
3278,Meera Iyer,3,62,6.2,2.7,7,42
3279,Mohit Pandey,10,75,7.3,4.9,3,58
3280,Neha Verma,8,86,6.2,3.9,9,40
3281,Nikhil Kulkarni,1,60,5,5.5,2,82
3282,Nisha Agrawal,8,89,9,6.3,2,42
3283,Pallavi Suryawanshi,10,93,6,2.2,5,82
3284,Pankaj Chaudhary,1,84,8.9,2.2,6,71
3285,Pooja Reddy,5,68,7.6,1.3,5,64
3286,Prakash Dubey,5,90,8.6,2.1,4,75
3287,Priya Patil,2,73,8.9,2.7,7,42
3288,Rahul Deshmukh,3,90,7.3,1.5,6,85
3289,Raj Mehta,2,85,9,3.5,3,54
3290,Rakesh Wagh,2,63,8.1,5.7,9,87
3291,Riya Yadav,5,64,7.1,6.6,4,89
3292,Rohan Nair,5,60,7.6,3.4,8,70
3293,Rohit Saxena,3,62,5.8,1.6,5,72
3294,Sachin Sharma,3,72,5,6.3,8,91
3295,Sakshi Jadhav,2,61,6,3.7,4,62
3296,Sameer Mishra,8,98,6.7,2.8,3,62
3297,Sana Bhosale,3,97,5.9,4.3,2,93
3298,Sanjay Tiwari,10,67,7.1,7.8,9,62
3299,Sanya Pande,6,72,7.6,3.6,8,60
3300,Shivam Kapoor,9,90,7.6,7.7,7,40
3301,Shraddha Pawar,7,87,8.6,2.8,7,58
3302,Shreya Khan,3,83,8.9,1.7,2,53
3303,Sneha Kale,7,100,8.6,2.1,5,83
3304,Sonali Gaikwad,3,85,7.5,6.4,9,68
3305,Sonal Desai,2,87,5.8,4.8,4,59
3306,Sourabh Dhumal,3,80,8.8,5.1,2,92
3307,Tanmay Malik,3,81,5.7,7.8,9,64
3308,Tanya Ingale,2,71,5.6,4.5,2,63
3309,Varun Singh,1,81,6.3,1.8,8,80
3310,Vikas Shinde,10,97,7.3,6,9,54
3311,Vijay Naik,6,75,7.7,2.5,8,64
3312,Vishal Kadam,5,65,5.1,5.1,2,79
3313,Yash Lokhande,10,84,8.1,7,10,58
3314,Yogesh Roy,3,92,5.7,4.3,2,64
3315,Zoya Borkar,5,99,6.2,3.2,9,40
3316,Aarav Gupta,9,82,6.3,5,2,84
3317,Aditi Chavan,7,92,6.3,1.9,6,88
3318,Aditya Thakur,4,70,8,3.2,9,77
3319,Akash Gawande,3,77,5.2,4.5,4,69
3320,Akshay Salve,1,77,5.8,2.8,2,90
3321,Aman Das,1,73,5.1,1.3,2,87
3322,Amit Mane,2,89,8.1,5.1,5,66
3323,Ananya Joshi,8,96,8.9,3.8,5,74
3324,Aniket More,7,73,7.6,3.7,3,92
3325,Anjali Raut,5,65,7.4,8,6,51
3326,Arjun Sawant,8,93,8.6,1.8,5,83
3327,Aryan Rathod,2,94,6,2.1,7,60
3328,Ashish Iyer,3,98,5.3,7.1,4,45
3329,Ayush Pandey,4,70,7,1.9,4,63
3330,Bhavna Verma,10,89,6,7.4,9,69
3331,Chetan Kulkarni,7,89,6.8,5.7,9,81
3332,Deepak Agrawal,9,92,6.8,4.7,8,48
3333,Deepika Suryawanshi,3,93,6.3,2.9,5,70
3334,Dhruv Chaudhary,9,99,6.9,3.5,9,77
3335,Divya Reddy,1,79,6.5,6.8,5,75
3336,Gaurav Dubey,3,63,5.5,1.4,8,86
3337,Isha Patil,6,67,8.5,6.4,8,82
3338,Karan Deshmukh,1,96,7.8,6.8,4,66
3339,Kavya Mehta,9,94,5.2,5.9,7,55
3340,Kiran Wagh,9,60,5.5,1.4,3,89
3341,Kunal Yadav,6,75,5.4,6.2,5,89
3342,Manish Nair,4,70,5.2,6.1,6,47
3343,Meera Saxena,1,73,5.2,1.1,7,65
3344,Mohit Sharma,7,86,5.6,7.2,5,82
3345,Neha Jadhav,6,80,8.4,1.9,8,77
3346,Nikhil Mishra,8,79,8.3,7.7,7,88
3347,Nisha Bhosale,7,77,8.1,1.5,9,52
3348,Pallavi Tiwari,2,86,7.5,2.7,2,92
3349,Pankaj Pande,2,88,7.9,5.8,6,53
3350,Pooja Kapoor,8,61,8,2,8,45
3351,Prakash Pawar,2,65,8.6,2.3,5,81
3352,Priya Khan,10,73,7.9,1.1,4,91
3353,Rahul Kale,2,77,7.9,6.8,7,59
3354,Raj Gaikwad,8,100,8.2,1.3,6,48
3355,Rakesh Desai,10,96,7.2,5.4,5,89
3356,Riya Dhumal,5,86,5.9,5.1,10,45
3357,Rohan Malik,1,61,5.3,4.6,5,77
3358,Rohit Ingale,9,64,6.7,3.6,3,47
3359,Sachin Singh,2,78,5.4,3.1,2,77
3360,Sakshi Shinde,6,84,5.7,7.7,3,46
3361,Sameer Naik,10,87,5.1,6.5,6,61
3362,Sana Kadam,8,65,6.2,7.5,3,66
3363,Sanjay Lokhande,1,96,8.9,6.1,2,90
3364,Sanya Roy,9,80,6.5,6.8,5,79
3365,Shivam Borkar,2,84,6,7.7,4,92
3366,Shraddha Gupta,8,61,6.6,4.2,6,70
3367,Shreya Chavan,7,93,6.2,7.3,2,54
3368,Sneha Thakur,3,82,7.7,1.3,10,63
3369,Sonali Gawande,5,69,7.5,1.8,10,68
3370,Sonal Salve,2,73,5.1,4.4,9,71
3371,Sourabh Das,10,74,7,4.2,3,90
3372,Tanmay Mane,3,61,5.1,4.1,8,90
3373,Tanya Joshi,4,98,7.7,4.8,2,45
3374,Varun More,6,92,8.7,4.8,8,84
3375,Vikas Raut,7,96,8.6,7.1,9,56
3376,Vijay Sawant,6,74,5.8,3.4,4,72
3377,Vishal Rathod,6,82,8,3.2,6,93
3378,Yash Iyer,6,78,8.2,5.9,10,89
3379,Yogesh Pandey,9,79,8.5,5.5,3,67
3380,Zoya Verma,4,84,6,6.8,6,42
3381,Aarav Kulkarni,9,78,6.8,3.2,4,93
3382,Aditi Agrawal,8,91,5.9,1,3,90
3383,Aditya Suryawanshi,10,62,5.1,7.6,8,61
3384,Akash Chaudhary,10,67,7.6,1.3,10,47
3385,Akshay Reddy,8,96,6.7,5.8,7,69
3386,Aman Dubey,3,96,6,3.3,6,84
3387,Amit Patil,8,93,8.4,4,6,65
3388,Ananya Deshmukh,8,75,7,6.9,3,41
3389,Aniket Mehta,3,78,9,3.9,3,65
3390,Anjali Wagh,7,61,8.2,2,8,68
3391,Arjun Yadav,3,71,8.5,6.3,7,91
3392,Aryan Nair,6,89,8.1,1.1,4,85
3393,Ashish Saxena,8,74,5.4,2.9,2,78
3394,Ayush Sharma,2,79,5.3,4.8,3,62
3395,Bhavna Jadhav,4,65,8.7,4.1,6,92
3396,Chetan Mishra,8,80,5.6,5.3,4,52
3397,Deepak Bhosale,5,89,6.6,3.7,8,58
3398,Deepika Tiwari,10,83,7.4,3.7,7,87
3399,Dhruv Pande,1,82,5.8,3.4,3,95
3400,Divya Kapoor,8,97,5.9,7.2,4,85
3401,Gaurav Pawar,9,69,6.9,1.1,2,79
3402,Isha Khan,10,72,6.4,7.6,2,92
3403,Karan Kale,2,85,7.7,3.5,8,47
3404,Kavya Gaikwad,10,79,5.3,3.6,5,77
3405,Kiran Desai,4,100,7,6.1,9,63
3406,Kunal Dhumal,4,62,5.7,3.7,4,73
3407,Manish Malik,4,65,7.4,5.3,4,53
3408,Meera Ingale,7,74,5.5,7.3,6,67
3409,Mohit Singh,7,78,5.8,6.9,4,53
3410,Neha Shinde,5,96,8.2,4.6,6,76
3411,Nikhil Naik,1,80,5.9,6,3,92
3412,Nisha Kadam,10,77,7.9,3.7,2,43
3413,Pallavi Lokhande,3,66,6.1,6.4,9,93
3414,Pankaj Roy,1,77,5.9,2.2,4,76
3415,Pooja Borkar,6,81,6.2,1.3,2,40
3416,Prakash Gupta,5,83,8.5,4.8,4,72
3417,Priya Chavan,7,84,6.6,2.5,5,47
3418,Rahul Thakur,9,77,6,6.1,6,84
3419,Raj Gawande,1,66,7.1,1.7,8,55
3420,Rakesh Salve,3,66,6.5,1.1,9,43
3421,Riya Das,6,66,8.2,5.7,4,87
3422,Rohan Mane,8,85,9,4.5,3,70
3423,Rohit Joshi,7,95,7.1,7.7,3,74
3424,Sachin More,4,96,6.8,2.7,3,86
3425,Sakshi Raut,7,72,6.4,1.9,2,71
3426,Sameer Sawant,10,63,8.9,1.2,2,84
3427,Sana Rathod,5,85,6.9,4.1,5,73
3428,Sanjay Iyer,9,61,5.7,1.7,7,41
3429,Sanya Pandey,8,85,8.9,6.4,9,93
3430,Shivam Verma,4,75,8.8,1.5,4,93
3431,Shraddha Kulkarni,3,94,6.7,7.4,4,55
3432,Shreya Agrawal,8,85,6.4,4.8,8,76
3433,Sneha Suryawanshi,3,90,7.7,5.9,7,46
3434,Sonali Chaudhary,4,76,8.3,1.9,8,55
3435,Sonal Reddy,3,94,7,1.6,3,74
3436,Sourabh Dubey,7,81,6.3,3.5,2,59
3437,Tanmay Patil,3,85,6.2,4.6,6,94
3438,Tanya Deshmukh,7,74,6.3,5,5,44
3439,Varun Mehta,10,78,5.5,3.3,4,79
3440,Vikas Wagh,9,94,8.1,2.9,10,74
3441,Vijay Yadav,10,76,5.4,7.9,3,89
3442,Vishal Nair,1,60,6.6,2.9,4,85
3443,Yash Saxena,5,75,8.3,2,8,90
3444,Yogesh Sharma,3,76,6.6,3.5,6,84
3445,Zoya Jadhav,10,77,6.2,3.1,4,52
3446,Aarav Mishra,8,62,8.8,4,6,63
3447,Aditi Bhosale,4,65,5.5,5.4,5,78
3448,Aditya Tiwari,6,73,8.5,5.2,4,95
3449,Akash Pande,7,77,5.2,5.9,8,88
3450,Akshay Kapoor,5,61,6.7,2.1,9,76
3451,Aman Pawar,5,75,7.5,1.3,2,45
3452,Amit Khan,1,73,6.5,6.5,2,63
3453,Ananya Kale,5,61,7.1,2.5,10,76
3454,Aniket Gaikwad,4,70,5.8,3.2,4,83
3455,Anjali Desai,9,71,7.3,4.2,2,55
3456,Arjun Dhumal,9,65,5.5,6,7,66
3457,Aryan Malik,8,90,8.2,2.1,4,86
3458,Ashish Ingale,1,62,7.3,7.3,10,86
3459,Ayush Singh,9,83,6.9,3.3,10,52
3460,Bhavna Shinde,4,87,5.2,7.9,2,54
3461,Chetan Naik,5,93,7,3,3,60
3462,Deepak Kadam,10,82,7.3,6.1,7,76
3463,Deepika Lokhande,9,82,6.1,3.6,5,77
3464,Dhruv Roy,1,91,7.7,6.9,2,82
3465,Divya Borkar,4,95,5.3,4.2,6,71
3466,Gaurav Gupta,8,68,5.8,7.1,7,91
3467,Isha Chavan,6,92,8,6.3,10,46
3468,Karan Thakur,3,78,5.6,5.1,5,69
3469,Kavya Gawande,6,64,6,2.7,9,52
3470,Kiran Salve,9,85,7.6,2.8,5,70
3471,Kunal Das,3,100,7.9,7.9,8,89
3472,Manish Mane,8,65,5.2,7.5,10,89
3473,Meera Joshi,8,60,5.5,2,9,95
3474,Mohit More,9,97,6.8,2.4,8,67
3475,Neha Raut,3,84,7.4,1.7,9,78
3476,Nikhil Sawant,3,68,6.8,2.4,3,66
3477,Nisha Rathod,6,92,7.6,3,9,40
3478,Pallavi Iyer,6,76,8,6.9,10,55
3479,Pankaj Pandey,5,73,8.8,1.7,10,81
3480,Pooja Verma,8,71,6.4,7.2,4,43
3481,Prakash Kulkarni,8,84,5.7,7.8,5,75
3482,Priya Agrawal,3,65,6.1,3,8,65
3483,Rahul Suryawanshi,8,74,5.6,4.2,2,63
3484,Raj Chaudhary,3,72,6.6,4.7,8,81
3485,Rakesh Reddy,5,62,8.5,2.4,4,52
3486,Riya Dubey,1,91,6.4,6.1,9,54
3487,Rohan Patil,4,60,5.6,5.1,7,49
3488,Rohit Deshmukh,10,99,7.1,1.8,5,46
3489,Sachin Mehta,5,63,9,7.3,2,44
3490,Sakshi Wagh,8,74,5.8,3.1,8,45
3491,Sameer Yadav,2,64,8.1,2.1,6,75
3492,Sana Nair,7,75,8.3,7.9,7,56
3493,Sanjay Saxena,4,85,6.6,1.7,2,58
3494,Sanya Sharma,8,63,7.5,1.4,5,82
3495,Shivam Jadhav,10,81,6.7,2.7,8,69
3496,Shraddha Mishra,6,91,6,3.2,10,44
3497,Shreya Bhosale,2,78,6.7,4,5,69
3498,Sneha Tiwari,5,64,5.4,5.8,4,77
3499,Sonali Pande,2,88,7.8,3.6,8,74
3500,Sonal Kapoor,5,67,8.3,4.9,4,88
3501,Sourabh Pawar,1,60,6.2,1,9,73
3502,Tanmay Khan,7,77,7.3,3.7,7,85
3503,Tanya Kale,4,71,5.9,7.6,10,69
3504,Varun Gaikwad,3,61,5.5,6.4,3,75
3505,Vikas Desai,1,91,7.7,6.2,2,48
3506,Vijay Dhumal,9,84,5.5,3.1,9,95
3507,Vishal Malik,9,97,8.1,4.4,4,41
3508,Yash Ingale,9,79,6.1,6.9,5,94
3509,Yogesh Singh,1,77,8.3,7.2,4,72
3510,Zoya Shinde,4,94,6.5,6,5,58
3511,Aarav Naik,10,63,6.5,4.2,10,63
3512,Aditi Kadam,6,74,8,1.5,8,44
3513,Aditya Lokhande,2,92,7,1.8,2,62
3514,Akash Roy,2,71,5.8,1,9,43
3515,Akshay Borkar,3,96,8.4,3.5,5,64
3516,Aman Gupta,10,71,6.4,1.2,8,47
3517,Amit Chavan,2,76,5.4,4,5,46
3518,Ananya Thakur,10,96,6.7,5.2,2,79
3519,Aniket Gawande,7,69,7.3,5.2,5,50
3520,Anjali Salve,10,99,7.4,4.9,5,58
3521,Arjun Das,9,61,8.3,2.6,2,77
3522,Aryan Mane,4,70,7.2,4.6,8,68
3523,Ashish Joshi,9,84,5.9,7.9,9,68
3524,Ayush More,2,84,6,4.1,10,64
3525,Bhavna Raut,3,97,5.4,7.1,4,74
3526,Chetan Sawant,3,99,7.9,3.7,7,76
3527,Deepak Rathod,2,87,5.4,5.4,6,47
3528,Deepika Iyer,1,87,7.4,4.4,7,93
3529,Dhruv Pandey,2,73,7.4,5.8,9,85
3530,Divya Verma,2,93,8.1,7.3,5,63
3531,Gaurav Kulkarni,4,86,5.3,4.1,4,60
3532,Isha Agrawal,1,60,5.8,6.3,6,80
3533,Karan Suryawanshi,1,94,8.6,7.2,7,74
3534,Kavya Chaudhary,10,74,7.3,6.5,5,84
3535,Kiran Reddy,1,79,6.8,1.2,4,66
3536,Kunal Dubey,1,79,8,1,2,64
3537,Manish Patil,1,93,8.6,7.2,7,66
3538,Meera Deshmukh,2,70,6.1,6.1,2,56
3539,Mohit Mehta,6,76,8.6,7.7,6,83
3540,Neha Wagh,9,61,5.4,3,7,84
3541,Nikhil Yadav,8,74,8.9,6.5,6,46
3542,Nisha Nair,6,63,5.7,6.6,6,45
3543,Pallavi Saxena,1,83,6.1,7,4,44
3544,Pankaj Sharma,8,96,5.4,5.8,4,58
3545,Pooja Jadhav,1,79,8.2,2,9,45
3546,Prakash Mishra,7,97,8.9,5.8,10,71
3547,Priya Bhosale,5,100,6.2,5.2,3,95
3548,Rahul Tiwari,9,62,6.3,3.3,3,79
3549,Raj Pande,4,81,6.1,2.5,5,91
3550,Rakesh Kapoor,7,81,5.6,7.2,8,48
3551,Riya Pawar,5,75,8.1,2,2,79
3552,Rohan Khan,6,94,5.2,4,9,80
3553,Rohit Kale,10,76,8.9,5.4,2,65
3554,Sachin Gaikwad,8,62,8.7,7.8,9,81
3555,Sakshi Desai,5,82,5.5,5.7,2,44
3556,Sameer Dhumal,5,68,7.1,3.1,9,74
3557,Sana Malik,8,74,9,1.4,10,85
3558,Sanjay Ingale,4,80,8.4,3.2,9,62
3559,Sanya Singh,2,89,7.9,3,10,50
3560,Shivam Shinde,5,71,5.1,6.7,6,40
3561,Shraddha Naik,1,75,5.3,3.6,7,55
3562,Shreya Kadam,2,62,8.2,1.7,7,85
3563,Sneha Lokhande,5,75,6.5,7.1,2,87
3564,Sonali Roy,8,83,7.7,1.1,9,74
3565,Sonal Borkar,8,85,8,1,8,54
3566,Sourabh Gupta,3,72,6.7,4.3,5,54
3567,Tanmay Chavan,5,62,5.6,1.5,3,87
3568,Tanya Thakur,2,83,6.5,2.2,8,72
3569,Varun Gawande,8,86,8.5,7.9,10,84
3570,Vikas Salve,3,63,6.3,6.9,3,60
3571,Vijay Das,8,80,5.3,6.3,10,86
3572,Vishal Mane,9,63,8.8,5.7,7,66
3573,Yash Joshi,7,78,7.7,1.3,9,77
3574,Yogesh More,4,86,7.2,6.9,3,87
3575,Zoya Raut,10,89,8.3,4.3,2,59
3576,Aarav Sawant,7,89,6.6,1.7,7,84
3577,Aditi Rathod,7,91,8.9,3.1,4,76
3578,Aditya Iyer,9,69,8.4,4.5,5,67
3579,Akash Pandey,9,94,6.1,1.1,7,86
3580,Akshay Verma,1,74,6.5,2.8,4,64
3581,Aman Kulkarni,9,75,6.1,3.4,5,81
3582,Amit Agrawal,8,92,7.6,4.2,5,44
3583,Ananya Suryawanshi,3,73,7.6,1,5,88
3584,Aniket Chaudhary,4,63,7.1,5,8,94
3585,Anjali Reddy,8,89,8.9,2.4,3,95
3586,Arjun Dubey,3,87,6.9,5.2,10,87
3587,Aryan Patil,5,83,8.1,2.7,8,78
3588,Ashish Deshmukh,7,65,7.6,3.8,2,81
3589,Ayush Mehta,7,85,7.1,5.4,7,91
3590,Bhavna Wagh,10,68,5.2,5.6,3,80
3591,Chetan Yadav,2,82,7.6,1.2,3,55
3592,Deepak Nair,3,80,7.6,4.7,8,48
3593,Deepika Saxena,10,91,5.5,6.7,4,94
3594,Dhruv Sharma,6,100,8.2,2.4,7,47
3595,Divya Jadhav,3,67,6.9,4.7,4,90
3596,Gaurav Mishra,3,64,6.3,4.1,4,92
3597,Isha Bhosale,4,82,8.3,6.9,8,42
3598,Karan Tiwari,6,99,6.4,4.1,7,85
3599,Kavya Pande,3,66,7.5,7.6,2,73
3600,Kiran Kapoor,7,79,7.5,5.6,9,61
3601,Kunal Pawar,5,76,5.2,4.9,7,68
3602,Manish Khan,7,73,6.7,3,4,63
3603,Meera Kale,2,87,5.9,5.2,3,85
3604,Mohit Gaikwad,7,72,5.8,1.9,6,63
3605,Neha Desai,10,80,7.6,3.9,8,47
3606,Nikhil Dhumal,2,94,5,3,2,62
3607,Nisha Malik,4,75,8.9,5.7,4,69
3608,Pallavi Ingale,7,60,6.6,6.3,10,65
3609,Pankaj Singh,7,96,6.2,7.5,2,68
3610,Pooja Shinde,7,71,8.7,2.6,9,95
3611,Prakash Naik,6,91,6.9,7.2,4,62
3612,Priya Kadam,7,91,7.5,6.9,6,85
3613,Rahul Lokhande,7,81,7.8,7,8,95
3614,Raj Roy,1,63,8.5,6.2,10,86
3615,Rakesh Borkar,8,98,5.5,2.9,7,70
3616,Riya Gupta,5,87,5.3,7.1,3,95
3617,Rohan Chavan,1,77,9,5.2,2,63
3618,Rohit Thakur,5,95,5,6.2,8,55
3619,Sachin Gawande,5,92,7.8,2.4,7,87
3620,Sakshi Salve,1,91,7.4,2.1,8,91
3621,Sameer Das,10,66,7.2,2.9,10,47
3622,Sana Mane,3,85,8.1,4.6,9,57
3623,Sanjay Joshi,4,71,9,3.9,6,56
3624,Sanya More,5,63,5.2,7.2,8,85
3625,Shivam Raut,9,73,7.5,1.1,7,55
3626,Shraddha Sawant,8,64,7.9,1.6,3,77
3627,Shreya Rathod,8,64,6.2,3.3,4,92
3628,Sneha Iyer,3,89,8.6,2.2,2,90
3629,Sonali Pandey,9,80,6.8,3.8,5,89
3630,Sonal Verma,9,76,5.7,6,3,69
3631,Sourabh Kulkarni,5,67,8.4,8,10,73
3632,Tanmay Agrawal,6,91,8.8,2.4,9,80
3633,Tanya Suryawanshi,1,86,5.4,2.9,8,57
3634,Varun Chaudhary,8,84,8,6.4,5,68
3635,Vikas Reddy,10,67,5.9,2.9,2,66
3636,Vijay Dubey,5,65,5,5.9,6,84
3637,Vishal Patil,6,65,6,5.1,2,71
3638,Yash Deshmukh,5,61,8.4,7,2,64
3639,Yogesh Mehta,1,99,5.6,1.2,3,70
3640,Zoya Wagh,7,75,5.5,7.9,6,49
3641,Aarav Yadav,8,86,8,7.7,8,54
3642,Aditi Nair,10,100,6.6,1.2,5,84
3643,Aditya Saxena,10,98,5.6,4.5,8,47
3644,Akash Sharma,5,73,5.9,3.8,6,78
3645,Akshay Jadhav,10,80,8.2,2.8,10,90
3646,Aman Mishra,6,78,7.5,7.8,5,78
3647,Amit Bhosale,7,61,8,2.2,4,75
3648,Ananya Tiwari,7,91,5.4,2.8,2,80
3649,Aniket Pande,10,83,6.8,1.1,3,48
3650,Anjali Kapoor,8,75,8.2,5.1,2,47
3651,Arjun Pawar,2,82,6.1,7,3,95
3652,Aryan Khan,1,90,5.7,5.4,10,63
3653,Ashish Kale,5,60,6.5,5.6,6,63
3654,Ayush Gaikwad,6,86,6.3,1.5,7,48
3655,Bhavna Desai,7,95,5.7,6,5,81
3656,Chetan Dhumal,5,89,8.8,3.9,7,41
3657,Deepak Malik,6,85,6.9,4.3,7,49
3658,Deepika Ingale,10,63,7.4,5.1,10,52
3659,Dhruv Singh,4,90,5.5,7.8,9,92
3660,Divya Shinde,5,90,7.4,6.2,6,93
3661,Gaurav Naik,6,80,7.2,5.8,9,44
3662,Isha Kadam,5,83,8.7,4,7,47
3663,Karan Lokhande,10,85,6.6,1.2,10,93
3664,Kavya Roy,10,64,8.1,4.8,6,75
3665,Kiran Borkar,6,70,6.2,5.6,9,80
3666,Kunal Gupta,5,92,7.3,5.9,3,71
3667,Manish Chavan,6,99,8.7,5.3,3,52
3668,Meera Thakur,2,71,7.5,3.1,4,80
3669,Mohit Gawande,5,76,7.8,2.5,9,50
3670,Neha Salve,3,97,8.5,1.6,9,41
3671,Nikhil Das,2,66,8.7,5.9,5,86
3672,Nisha Mane,1,70,5.8,7.8,5,61
3673,Pallavi Joshi,6,62,5.8,4.7,6,42
3674,Pankaj More,1,69,7.2,5.7,3,64
3675,Pooja Raut,7,86,9,5.8,6,46
3676,Prakash Sawant,5,74,7,2.1,9,66
3677,Priya Rathod,4,100,6.3,2.3,8,77
3678,Rahul Iyer,8,96,7.1,2.5,2,58
3679,Raj Pandey,6,96,5.3,7.5,5,44
3680,Rakesh Verma,8,89,5.7,1.1,7,89
3681,Riya Kulkarni,8,88,5.6,4.8,7,70
3682,Rohan Agrawal,1,80,5.1,3.6,8,41
3683,Rohit Suryawanshi,3,100,7.9,5.6,8,72
3684,Sachin Chaudhary,6,63,6.3,2.5,4,91
3685,Sakshi Reddy,10,89,5.7,7.7,6,41
3686,Sameer Dubey,2,65,7,3.3,3,84
3687,Sana Patil,2,73,6.3,7.5,8,61
3688,Sanjay Deshmukh,10,70,6.6,5.1,6,79
3689,Sanya Mehta,10,84,6.3,3.9,5,41
3690,Shivam Wagh,2,92,5,6.1,8,90
3691,Shraddha Yadav,5,63,7.8,4.9,10,94
3692,Shreya Nair,7,84,5.4,2,9,70
3693,Sneha Saxena,2,69,5.9,5.9,3,52
3694,Sonali Sharma,4,63,5.8,5.1,9,48
3695,Sonal Jadhav,4,77,6.3,5,7,78
3696,Sourabh Mishra,7,83,5.6,6.2,2,84
3697,Tanmay Bhosale,4,68,6.4,5.6,5,77
3698,Tanya Tiwari,5,75,6,3.6,4,67
3699,Varun Pande,3,99,5.2,3.2,4,83
3700,Vikas Kapoor,8,74,8.5,2.8,7,81
3701,Vijay Pawar,2,100,6.2,5,5,58
3702,Vishal Khan,3,94,5.4,3.1,8,83
3703,Yash Kale,3,75,7.1,1.8,9,50
3704,Yogesh Gaikwad,10,83,5.5,6.5,2,85
3705,Zoya Desai,10,89,8.1,2.5,9,69
3706,Aarav Dhumal,6,79,5.2,2.2,3,81
3707,Aditi Malik,2,76,6.9,6.9,2,78
3708,Aditya Ingale,8,73,8.8,5.9,2,45
3709,Akash Singh,5,65,5.6,6.4,2,82
3710,Akshay Shinde,9,61,5.8,3.5,5,83
3711,Aman Naik,4,73,7.4,5.3,9,42
3712,Amit Kadam,10,92,8.9,7.5,8,52
3713,Ananya Lokhande,9,69,6.5,3,5,82
3714,Aniket Roy,3,67,7.6,1.5,10,60
3715,Anjali Borkar,8,73,5.6,2.2,6,46
3716,Arjun Gupta,3,84,7.6,7.3,2,87
3717,Aryan Chavan,4,68,6,3,2,69
3718,Ashish Thakur,3,69,7.5,4.4,6,62
3719,Ayush Gawande,7,64,5.4,4.7,4,71
3720,Bhavna Salve,3,73,7.1,7.7,5,62
3721,Chetan Das,7,68,5.9,3.1,4,47
3722,Deepak Mane,6,94,7.7,4.6,5,71
3723,Deepika Joshi,8,97,8,7.7,10,93
3724,Dhruv More,10,75,8.4,2.4,2,93
3725,Divya Raut,1,63,9,5.2,2,75
3726,Gaurav Sawant,10,63,6.8,1.4,4,49
3727,Isha Rathod,2,73,7.7,2.8,8,52
3728,Karan Iyer,6,79,5.1,1.5,4,57
3729,Kavya Pandey,4,81,8.6,3.3,4,42
3730,Kiran Verma,7,72,7.5,2.4,8,47
3731,Kunal Kulkarni,8,74,6.7,6.6,7,83
3732,Manish Agrawal,9,71,6.7,4.2,7,64
3733,Meera Suryawanshi,5,81,8,3.8,7,87
3734,Mohit Chaudhary,10,88,8.3,5.8,7,43
3735,Neha Reddy,4,61,8.2,7.6,6,45
3736,Nikhil Dubey,3,79,7,3.1,6,78
3737,Nisha Patil,4,86,6.5,1.5,8,54
3738,Pallavi Deshmukh,6,87,8.8,1.8,5,52
3739,Pankaj Mehta,7,83,7.5,7,4,75
3740,Pooja Wagh,9,81,7.2,6.9,4,91
3741,Prakash Yadav,3,87,7.4,4.3,9,63
3742,Priya Nair,4,75,7.5,2,2,82
3743,Rahul Saxena,10,83,7.9,4.7,3,59
3744,Raj Sharma,5,73,7.2,5.7,3,86
3745,Rakesh Jadhav,3,77,8.5,3.3,5,63
3746,Riya Mishra,10,65,8.4,1.6,3,48
3747,Rohan Bhosale,5,74,6.8,3.3,6,68
3748,Rohit Tiwari,10,65,5.7,5.8,10,56
3749,Sachin Pande,10,69,7.3,7.8,5,50
3750,Sakshi Kapoor,10,77,7.5,2.3,10,50
3751,Sameer Pawar,6,80,7.1,7.4,4,61
3752,Sana Khan,8,98,8.6,4.2,8,40
3753,Sanjay Kale,10,61,5.4,5.6,3,43
3754,Sanya Gaikwad,3,96,6.1,7,7,73
3755,Shivam Desai,1,73,8.5,4.9,8,40
3756,Shraddha Dhumal,4,89,8.8,1.4,8,83
3757,Shreya Malik,7,87,6.7,2.9,10,94
3758,Sneha Ingale,6,99,5.8,6.6,7,50
3759,Sonali Singh,1,64,6.7,4.9,7,43
3760,Sonal Shinde,6,99,6.8,3.3,7,51
3761,Sourabh Naik,2,62,7.1,5.1,5,42
3762,Tanmay Kadam,6,95,6.1,2.9,3,55
3763,Tanya Lokhande,6,86,6.3,2.7,10,89
3764,Varun Roy,7,79,7.6,6.8,10,85
3765,Vikas Borkar,5,76,7.5,3.8,10,94
3766,Vijay Gupta,5,63,7.6,2.9,8,85
3767,Vishal Chavan,7,92,6.5,3.9,4,87
3768,Yash Thakur,8,89,6.3,7.4,4,73
3769,Yogesh Gawande,9,98,6.4,2.3,4,47
3770,Zoya Salve,4,89,8.8,2.3,6,83
3771,Aarav Das,5,99,6.6,3.5,4,75
3772,Aditi Mane,4,96,7.4,1.4,9,93
3773,Aditya Joshi,6,77,7.1,1.5,2,79
3774,Akash More,2,88,8.5,1.1,10,70
3775,Akshay Raut,5,70,6.5,2,6,83
3776,Aman Sawant,2,92,6.7,5.5,5,76
3777,Amit Rathod,6,84,8.4,2.4,6,46
3778,Ananya Iyer,9,78,5.6,3.6,6,74
3779,Aniket Pandey,10,85,7.4,5.9,6,61
3780,Anjali Verma,5,71,6.6,1.2,4,49
3781,Arjun Kulkarni,1,85,8.9,2.5,4,55
3782,Aryan Agrawal,3,79,7.9,8,5,86
3783,Ashish Suryawanshi,2,73,5,5.2,3,76
3784,Ayush Chaudhary,8,99,8.4,5.6,4,43
3785,Bhavna Reddy,10,62,7.8,4.6,5,59
3786,Chetan Dubey,6,91,7.2,7.8,2,78
3787,Deepak Patil,2,68,5.9,2,5,68
3788,Deepika Deshmukh,1,69,5.6,1.5,5,83
3789,Dhruv Mehta,10,66,7.5,6.7,2,75
3790,Divya Wagh,4,64,6.8,1,6,42
3791,Gaurav Yadav,2,65,8.4,4.9,7,88
3792,Isha Nair,2,94,6,1,9,71
3793,Karan Saxena,3,97,7.6,3.4,5,91
3794,Kavya Sharma,7,83,6,5.6,6,52
3795,Kiran Jadhav,9,60,7.5,4.8,2,78
3796,Kunal Mishra,3,95,5.2,4.9,4,41
3797,Manish Bhosale,7,84,6.6,2.1,7,48
3798,Meera Tiwari,1,81,5.7,3.1,6,89
3799,Mohit Pande,1,98,7.4,6,10,89
3800,Neha Kapoor,1,76,6.3,1.2,9,93
3801,Nikhil Pawar,10,74,8.1,5.2,10,51
3802,Nisha Khan,6,91,5.5,4.6,6,89
3803,Pallavi Kale,9,81,7.2,3.4,2,42
3804,Pankaj Gaikwad,1,89,7.4,3.3,6,62
3805,Pooja Desai,1,88,5.1,6.6,10,64
3806,Prakash Dhumal,9,94,5.1,3.7,3,84
3807,Priya Malik,2,73,6.2,1.6,10,78
3808,Rahul Ingale,2,62,7.4,7.7,2,60
3809,Raj Singh,6,79,8.9,1.9,7,48
3810,Rakesh Shinde,7,86,5.4,6.6,10,60
3811,Riya Naik,3,93,7.8,1.1,3,56
3812,Rohan Kadam,5,70,7.8,3.6,4,77
3813,Rohit Lokhande,7,90,7.7,4.6,9,44
3814,Sachin Roy,5,94,7.1,1.2,5,63
3815,Sakshi Borkar,4,93,8.9,6.1,7,74
3816,Sameer Gupta,1,93,7,2.8,3,76
3817,Sana Chavan,5,100,8.4,4.8,8,79
3818,Sanjay Thakur,9,87,6.1,6.5,6,56
3819,Sanya Gawande,7,75,8.2,5.1,6,69
3820,Shivam Salve,9,77,9,4.2,8,45
3821,Shraddha Das,2,90,8.6,3.4,6,64
3822,Shreya Mane,1,69,6.2,1.3,8,94
3823,Sneha Joshi,6,84,8.4,7.4,5,87
3824,Sonali More,2,83,5.4,5.1,9,74
3825,Sonal Raut,6,87,7.7,5.4,7,63
3826,Sourabh Sawant,10,77,6.4,4.1,4,90
3827,Tanmay Rathod,4,90,7.6,3.6,9,64
3828,Tanya Iyer,6,62,6.6,1.3,4,82
3829,Varun Pandey,7,90,5,2.2,10,72
3830,Vikas Verma,2,93,5.9,4,10,41
3831,Vijay Kulkarni,9,96,5.2,2.7,7,79
3832,Vishal Agrawal,3,97,6.7,1.3,6,90
3833,Yash Suryawanshi,9,74,8.4,4.8,4,83
3834,Yogesh Chaudhary,7,61,8,4.2,9,74
3835,Zoya Reddy,2,86,8.2,3.9,4,42
3836,Aarav Dubey,8,63,8.2,6.5,7,41
3837,Aditi Patil,2,71,6.5,5.2,9,87
3838,Aditya Deshmukh,6,88,7,1,3,66
3839,Akash Mehta,10,84,7,6.3,3,65
3840,Akshay Wagh,10,84,5.5,4.4,10,75
3841,Aman Yadav,9,90,7.4,4.6,10,90
3842,Amit Nair,5,66,7.9,7.2,4,64
3843,Ananya Saxena,6,92,7.4,1.8,4,70
3844,Aniket Sharma,4,84,8,5.2,7,71
3845,Anjali Jadhav,10,77,5.5,3,7,66
3846,Arjun Mishra,5,79,8,1.3,4,76
3847,Aryan Bhosale,8,80,5.8,4.1,3,50
3848,Ashish Tiwari,4,82,8.5,3,7,60
3849,Ayush Pande,8,73,6,1,4,66
3850,Bhavna Kapoor,3,69,7,4.5,6,69
3851,Chetan Pawar,8,66,6.9,3.2,8,67
3852,Deepak Khan,1,73,6.1,4,4,63
3853,Deepika Kale,2,70,6.4,1.1,7,90
3854,Dhruv Gaikwad,4,81,5.7,3.8,10,84
3855,Divya Desai,5,97,7.3,4.3,6,89
3856,Gaurav Dhumal,8,64,8.7,4.3,3,73
3857,Isha Malik,4,72,6.3,6,8,67
3858,Karan Ingale,1,62,7,7.9,5,64
3859,Kavya Singh,4,99,8.4,1.2,8,88
3860,Kiran Shinde,5,88,6.8,3.8,2,77
3861,Kunal Naik,6,69,8.3,7,8,87
3862,Manish Kadam,7,76,6.8,5.4,8,87
3863,Meera Lokhande,3,89,6.8,7.9,2,93
3864,Mohit Roy,7,99,5.6,6,6,70
3865,Neha Borkar,7,83,5.5,6.1,6,60
3866,Nikhil Gupta,8,71,7.4,1.5,7,90
3867,Nisha Chavan,6,88,8.3,2.9,7,51
3868,Pallavi Thakur,9,88,5.5,5.1,8,58
3869,Pankaj Gawande,3,86,8.6,4.7,10,92
3870,Pooja Salve,8,61,6.4,6.3,8,79
3871,Prakash Das,1,88,6.7,8,4,72
3872,Priya Mane,2,60,8.6,2.4,10,69
3873,Rahul Joshi,9,97,8.6,4,6,66
3874,Raj More,5,96,7.1,7.1,9,90
3875,Rakesh Raut,7,83,6.1,6.9,6,63
3876,Riya Sawant,7,86,5.7,6.7,4,66
3877,Rohan Rathod,7,62,6.1,5.3,8,44
3878,Rohit Iyer,3,95,8.1,8,8,46
3879,Sachin Pandey,2,71,6.3,3.5,3,51
3880,Sakshi Verma,1,70,7.8,1.8,2,56
3881,Sameer Kulkarni,9,89,5.8,1.9,8,56
3882,Sana Agrawal,3,98,6.9,4,3,77
3883,Sanjay Suryawanshi,6,80,6.4,6.6,6,70
3884,Sanya Chaudhary,5,80,7,4.2,6,40
3885,Shivam Reddy,2,82,7.3,5.3,5,68
3886,Shraddha Dubey,5,71,9,3.5,6,44
3887,Shreya Patil,1,84,8.6,6,10,70
3888,Sneha Deshmukh,2,99,7.8,2.1,6,42
3889,Sonali Mehta,2,75,5.6,4.6,9,44
3890,Sonal Wagh,9,91,8.7,2.3,6,86
3891,Sourabh Yadav,6,91,8.6,4.3,6,40
3892,Tanmay Nair,10,94,8.5,4,7,94
3893,Tanya Saxena,5,89,6.9,5.2,4,65
3894,Varun Sharma,3,97,5.7,4.6,10,86
3895,Vikas Jadhav,7,89,8,7.8,10,50
3896,Vijay Mishra,10,100,6.6,7.3,3,66
3897,Vishal Bhosale,6,89,6.4,3.1,3,89
3898,Yash Tiwari,1,94,6.6,1.8,5,44
3899,Yogesh Pande,4,96,7.2,1.5,3,64
3900,Zoya Kapoor,10,100,6.3,2.4,2,46
3901,Aarav Pawar,6,84,7.8,2.6,9,59
3902,Aditi Khan,10,89,7.6,7.2,3,94
3903,Aditya Kale,6,99,7,7.5,5,70
3904,Akash Gaikwad,1,75,5.2,2.6,10,58
3905,Akshay Desai,9,64,8.7,6.3,5,75
3906,Aman Dhumal,8,96,6.6,6.9,2,55
3907,Amit Malik,8,85,6.8,3.6,4,44
3908,Ananya Ingale,10,77,6.8,7.1,3,71
3909,Aniket Singh,2,89,6.5,7.9,7,81
3910,Anjali Shinde,10,61,7.7,7.8,5,50
3911,Arjun Naik,3,79,5.1,6.2,2,47
3912,Aryan Kadam,10,70,8.5,3.6,4,73
3913,Ashish Lokhande,2,71,5.4,2.6,6,61
3914,Ayush Roy,6,99,9,8,6,92
3915,Bhavna Borkar,8,82,7.5,2.9,5,59
3916,Chetan Gupta,1,65,5.3,4.1,10,61
3917,Deepak Chavan,1,74,7.2,2.8,6,71
3918,Deepika Thakur,9,69,6.3,4.5,8,94
3919,Dhruv Gawande,1,97,8.8,1.8,7,78
3920,Divya Salve,7,71,8,6.7,5,77
3921,Gaurav Das,10,74,7,4.5,2,84
3922,Isha Mane,7,73,6.7,3.9,8,85
3923,Karan Joshi,5,67,9,3.5,9,69
3924,Kavya More,5,91,7.7,5.1,9,56
3925,Kiran Raut,7,83,7.1,6.5,9,48
3926,Kunal Sawant,6,77,6.6,7.3,4,71
3927,Manish Rathod,6,76,6.3,6.9,6,78
3928,Meera Iyer,2,87,7.8,4.1,8,60
3929,Mohit Pandey,7,63,7.4,6.8,8,66
3930,Neha Verma,8,98,8.4,4.7,7,64
3931,Nikhil Kulkarni,8,83,7.2,5.5,2,72
3932,Nisha Agrawal,1,69,7.3,5.7,8,85
3933,Pallavi Suryawanshi,8,82,6.9,3.8,7,64
3934,Pankaj Chaudhary,8,94,8.1,4.4,2,69
3935,Pooja Reddy,2,67,6.7,5.8,6,63
3936,Prakash Dubey,9,81,8.4,3.2,8,56
3937,Priya Patil,6,84,6.3,6.2,10,79
3938,Rahul Deshmukh,5,93,7.8,3.5,9,74
3939,Raj Mehta,8,83,8.6,5.1,4,69
3940,Rakesh Wagh,6,90,8.1,6.9,8,56
3941,Riya Yadav,6,91,6.4,1.2,8,88
3942,Rohan Nair,4,96,7.8,2.7,3,85
3943,Rohit Saxena,10,74,5.8,4.9,9,81
3944,Sachin Sharma,10,88,5.2,1.7,3,85
3945,Sakshi Jadhav,2,70,8.2,2.4,8,66
3946,Sameer Mishra,8,94,8.2,6.2,8,75
3947,Sana Bhosale,1,99,5.1,1.2,10,51
3948,Sanjay Tiwari,4,72,8.8,5.3,7,83
3949,Sanya Pande,10,83,6.8,1.2,2,40
3950,Shivam Kapoor,2,93,8.6,1.8,10,68
3951,Shraddha Pawar,4,61,8.2,3.7,5,51
3952,Shreya Khan,3,88,8.6,7.8,6,73
3953,Sneha Kale,8,93,8.3,4.8,9,55
3954,Sonali Gaikwad,5,95,8.9,3.2,4,94
3955,Sonal Desai,6,68,7.5,3.9,7,46
3956,Sourabh Dhumal,10,91,5.9,5,8,86
3957,Tanmay Malik,6,92,6.6,5.3,6,77
3958,Tanya Ingale,8,60,8,2.9,8,95
3959,Varun Singh,1,88,5.6,2.4,8,58
3960,Vikas Shinde,3,85,8.7,4.5,6,79
3961,Vijay Naik,10,99,5.8,5.5,2,41
3962,Vishal Kadam,9,61,8.5,6.7,8,77
3963,Yash Lokhande,7,99,6.9,5.1,9,64
3964,Yogesh Roy,4,83,8.4,5.8,4,80
3965,Zoya Borkar,2,71,8.8,4.4,9,83
3966,Aarav Gupta,9,75,6.7,5,3,67
3967,Aditi Chavan,8,91,7.8,5.4,3,59
3968,Aditya Thakur,3,100,5.9,2.7,3,79
3969,Akash Gawande,6,72,8.2,7.5,6,90
3970,Akshay Salve,7,100,8.3,3.4,4,60
3971,Aman Das,5,85,6.2,5.2,8,87
3972,Amit Mane,10,67,5.1,4.9,7,64
3973,Ananya Joshi,2,84,6.7,7,5,89
3974,Aniket More,3,92,5.7,1.8,4,76
3975,Anjali Raut,1,62,8.3,7.2,10,77
3976,Arjun Sawant,7,63,6,2,9,78
3977,Aryan Rathod,7,60,8.8,2,5,85
3978,Ashish Iyer,10,83,8.9,7,4,88
3979,Ayush Pandey,6,62,8.6,2.8,9,61
3980,Bhavna Verma,2,98,7.4,5.3,8,81
3981,Chetan Kulkarni,5,65,6.1,4.2,6,78
3982,Deepak Agrawal,1,62,8.2,7.5,6,73
3983,Deepika Suryawanshi,7,70,7.8,6.5,8,52
3984,Dhruv Chaudhary,7,91,8.9,3.3,3,66
3985,Divya Reddy,9,97,6.5,6.7,10,51
3986,Gaurav Dubey,4,70,5.2,2.6,7,47
3987,Isha Patil,4,81,9,5.3,3,92
3988,Karan Deshmukh,1,91,8.4,6.3,10,80
3989,Kavya Mehta,5,92,5.9,5.9,10,70
3990,Kiran Wagh,5,66,7.9,5.6,10,64
3991,Kunal Yadav,8,94,5,6.8,8,44
3992,Manish Nair,8,95,7.2,4.9,4,59
3993,Meera Saxena,2,90,6.5,7.5,6,51
3994,Mohit Sharma,3,81,6.5,2,6,70
3995,Neha Jadhav,6,76,6,3.5,6,65
3996,Nikhil Mishra,4,96,6.1,6.5,3,93
3997,Nisha Bhosale,1,95,6.8,3.2,4,87
3998,Pallavi Tiwari,9,81,6,4.1,6,73
3999,Pankaj Pande,8,90,6.9,6.4,6,90
4000,Pooja Kapoor,6,76,7.3,4.8,4,58
4001,Prakash Pawar,4,90,7.8,2.3,8,46
4002,Priya Khan,9,63,7.7,2.2,10,71
4003,Rahul Kale,1,96,6,3.1,6,43
4004,Raj Gaikwad,5,81,5.2,3.1,7,92
4005,Rakesh Desai,9,84,8.3,2,3,46
4006,Riya Dhumal,10,67,8.5,6.8,3,87
4007,Rohan Malik,3,81,8.9,3,2,77
4008,Rohit Ingale,7,60,8.8,6.6,10,53
4009,Sachin Singh,2,96,7.5,7.8,4,69
4010,Sakshi Shinde,2,90,8.6,3.3,8,70
4011,Sameer Naik,4,78,6.8,7.8,7,81
4012,Sana Kadam,9,94,8.1,2.3,3,63
4013,Sanjay Lokhande,7,93,8.8,5.5,3,73
4014,Sanya Roy,5,64,8.2,7.9,9,63
4015,Shivam Borkar,3,62,6.7,6.7,9,45
4016,Shraddha Gupta,2,70,6.5,2.6,7,79
4017,Shreya Chavan,3,60,6.2,2.8,5,54
4018,Sneha Thakur,2,83,6.5,2.8,5,55
4019,Sonali Gawande,2,81,8.3,7.6,9,58
4020,Sonal Salve,7,82,7.8,2.7,3,71
4021,Sourabh Das,2,63,6,4.6,2,79
4022,Tanmay Mane,1,97,7.8,3.4,4,85
4023,Tanya Joshi,6,100,6.5,3.5,3,73
4024,Varun More,3,84,7.2,3.9,3,62
4025,Vikas Raut,5,60,6.5,3.4,6,93
4026,Vijay Sawant,2,76,7.1,5.2,9,66
4027,Vishal Rathod,3,89,7.9,4,8,48
4028,Yash Iyer,5,90,7.9,4.1,4,84
4029,Yogesh Pandey,7,69,8,4.5,5,92
4030,Zoya Verma,5,93,6.6,3.5,6,56
4031,Aarav Kulkarni,6,99,7.8,6.3,5,52
4032,Aditi Agrawal,6,80,6,4.5,10,59
4033,Aditya Suryawanshi,3,75,6.9,4.6,10,59
4034,Akash Chaudhary,3,81,7.3,2.5,10,50
4035,Akshay Reddy,5,61,7.7,1.2,5,41
4036,Aman Dubey,1,81,8.6,6.7,9,50
4037,Amit Patil,7,61,6.2,7,8,56
4038,Ananya Deshmukh,7,61,8.4,2.7,9,50
4039,Aniket Mehta,4,82,6.2,3.5,3,51
4040,Anjali Wagh,4,80,7.2,3.5,10,92
4041,Arjun Yadav,4,100,8.3,5.8,10,52
4042,Aryan Nair,7,80,7.9,2.3,9,86
4043,Ashish Saxena,8,100,8.5,7.9,7,72
4044,Ayush Sharma,2,93,8.3,1.4,6,64
4045,Bhavna Jadhav,5,73,6.1,7.8,4,83
4046,Chetan Mishra,1,97,9,1.5,2,40
4047,Deepak Bhosale,5,79,8.7,3.2,10,81
4048,Deepika Tiwari,3,84,6.7,2.8,3,63
4049,Dhruv Pande,4,64,5.2,2.8,5,86
4050,Divya Kapoor,5,68,6.2,8,6,93
4051,Gaurav Pawar,4,81,8.3,4.2,8,80
4052,Isha Khan,4,71,8.8,1.8,4,46
4053,Karan Kale,8,84,8.3,7.9,3,94
4054,Kavya Gaikwad,9,63,6.6,2.7,4,82
4055,Kiran Desai,1,70,5.2,1.5,4,41
4056,Kunal Dhumal,4,87,7.1,1.2,2,50
4057,Manish Malik,9,85,6.5,4.2,5,95
4058,Meera Ingale,6,100,5.5,7.4,6,86
4059,Mohit Singh,3,96,5.4,1.1,6,62
4060,Neha Shinde,6,93,5.6,6.1,5,93
4061,Nikhil Naik,2,60,5.8,2.8,10,66
4062,Nisha Kadam,1,84,8,2.5,4,88
4063,Pallavi Lokhande,7,69,6.5,5.9,9,72
4064,Pankaj Roy,6,70,6.7,6.2,7,76
4065,Pooja Borkar,8,68,7.4,4.9,7,40
4066,Prakash Gupta,4,78,8.8,2.4,4,94
4067,Priya Chavan,9,65,8,1,10,50
4068,Rahul Thakur,5,81,7.6,6.2,6,51
4069,Raj Gawande,8,66,8,5.2,6,64
4070,Rakesh Salve,2,80,7.9,4,4,82
4071,Riya Das,1,85,7.8,2.5,6,83
4072,Rohan Mane,8,67,7,6.3,8,75
4073,Rohit Joshi,9,64,7.3,1.5,10,88
4074,Sachin More,10,93,6.8,5.5,9,78
4075,Sakshi Raut,4,90,6.6,5.8,3,48
4076,Sameer Sawant,1,70,6.1,2.6,2,83
4077,Sana Rathod,10,96,6.4,4.4,10,54
4078,Sanjay Iyer,7,69,6.7,4.6,9,69
4079,Sanya Pandey,3,97,7.3,5.1,3,74
4080,Shivam Verma,8,64,7,7.3,9,61
4081,Shraddha Kulkarni,10,87,5.4,4.8,8,60
4082,Shreya Agrawal,3,60,6.4,1.5,10,55
4083,Sneha Suryawanshi,8,68,6.5,3.4,3,56
4084,Sonali Chaudhary,8,76,7.8,5.4,9,95
4085,Sonal Reddy,6,63,6.3,3.3,5,61
4086,Sourabh Dubey,7,78,5,6.4,6,66
4087,Tanmay Patil,3,69,5.3,2.3,4,79
4088,Tanya Deshmukh,10,64,7,2,2,53
4089,Varun Mehta,10,99,5.8,2.6,8,51
4090,Vikas Wagh,10,100,7,7.1,2,51
4091,Vijay Yadav,8,99,7.3,5.8,6,43
4092,Vishal Nair,1,66,8.7,4.6,3,65
4093,Yash Saxena,4,75,7.6,3.1,10,40
4094,Yogesh Sharma,5,73,5.1,7.4,6,61
4095,Zoya Jadhav,10,73,6.5,7.2,3,69
4096,Aarav Mishra,6,77,8.2,3.8,10,54
4097,Aditi Bhosale,6,80,6,6.3,8,54
4098,Aditya Tiwari,2,79,8.7,7.4,3,73
4099,Akash Pande,8,71,7.1,3.2,5,71
4100,Akshay Kapoor,4,100,5.4,3.3,6,84
4101,Aman Pawar,1,100,6,4.8,8,89
4102,Amit Khan,10,73,8.6,3.9,10,53
4103,Ananya Kale,2,69,9,6.3,9,56
4104,Aniket Gaikwad,1,81,8.5,4.8,2,69
4105,Anjali Desai,1,75,6.3,2.5,6,50
4106,Arjun Dhumal,5,100,8.1,3.5,2,80
4107,Aryan Malik,2,77,5.9,5.7,4,40
4108,Ashish Ingale,9,61,6.5,1.4,4,60
4109,Ayush Singh,6,65,7.8,3.4,4,94
4110,Bhavna Shinde,4,63,8.9,1.1,4,81
4111,Chetan Naik,1,75,6.8,6.7,5,68
4112,Deepak Kadam,5,72,7,1.8,6,40
4113,Deepika Lokhande,2,95,5.9,1.5,10,84
4114,Dhruv Roy,10,96,6.6,6.5,5,64
4115,Divya Borkar,3,65,5.3,1.6,2,88
4116,Gaurav Gupta,5,98,8.4,5.8,7,83
4117,Isha Chavan,1,83,5.1,3.7,4,95
4118,Karan Thakur,2,72,7.7,6.8,3,46
4119,Kavya Gawande,3,76,6.1,2.3,8,88
4120,Kiran Salve,1,78,6.9,1.6,8,79
4121,Kunal Das,8,66,6.1,2.6,5,56
4122,Manish Mane,10,95,6.6,7.5,3,87
4123,Meera Joshi,10,60,7.2,6.8,6,71
4124,Mohit More,3,62,7.6,3,6,76
4125,Neha Raut,8,71,8.8,2.4,10,93
4126,Nikhil Sawant,6,65,6.3,2.1,2,72
4127,Nisha Rathod,1,62,7.3,2.5,3,75
4128,Pallavi Iyer,1,75,8.6,2.4,9,88
4129,Pankaj Pandey,6,75,6.2,7.2,10,83
4130,Pooja Verma,5,65,8.5,1.1,7,75
4131,Prakash Kulkarni,1,93,8.8,7.2,4,90
4132,Priya Agrawal,10,96,8.4,1.3,3,90
4133,Rahul Suryawanshi,8,89,7.3,6.8,9,74
4134,Raj Chaudhary,6,81,7.9,4,7,45
4135,Rakesh Reddy,10,98,6.9,1.5,5,78
4136,Riya Dubey,10,74,7.4,6.6,5,58
4137,Rohan Patil,10,77,8.9,2.8,3,72
4138,Rohit Deshmukh,3,60,6,7.1,9,61
4139,Sachin Mehta,9,89,8.2,6.3,2,58
4140,Sakshi Wagh,6,63,7,7.9,10,94
4141,Sameer Yadav,8,87,5.7,6.8,3,53
4142,Sana Nair,9,92,7.6,2.7,3,48
4143,Sanjay Saxena,2,68,8.2,3.9,2,75
4144,Sanya Sharma,5,85,7.3,5.9,6,76
4145,Shivam Jadhav,2,72,8.3,3.2,2,94
4146,Shraddha Mishra,3,76,6.5,4.8,4,43
4147,Shreya Bhosale,5,81,8.7,2.7,9,91
4148,Sneha Tiwari,9,70,7.6,5.6,8,87
4149,Sonali Pande,9,92,8.2,3.4,5,51
4150,Sonal Kapoor,4,76,6.1,1.4,2,85
4151,Sourabh Pawar,4,78,6.8,7.8,3,87
4152,Tanmay Khan,6,93,8.6,6.9,6,46
4153,Tanya Kale,10,69,5.2,3.1,6,41
4154,Varun Gaikwad,10,78,6.6,1.9,9,77
4155,Vikas Desai,3,100,8.1,6.1,6,73
4156,Vijay Dhumal,2,76,8,2.5,5,88
4157,Vishal Malik,8,64,8.4,5.2,7,92
4158,Yash Ingale,4,71,8,6.5,9,45
4159,Yogesh Singh,2,99,8.8,2.9,9,93
4160,Zoya Shinde,1,91,7,3,3,87
4161,Aarav Naik,5,93,7.5,1.4,5,73
4162,Aditi Kadam,4,70,8.4,3.2,10,60
4163,Aditya Lokhande,6,94,7.8,5.2,9,75
4164,Akash Roy,3,76,5.4,2.1,9,71
4165,Akshay Borkar,8,92,6.5,7.7,3,61
4166,Aman Gupta,7,96,7.2,6.1,5,44
4167,Amit Chavan,5,68,8,2.4,9,80
4168,Ananya Thakur,2,98,7.2,4.7,3,57
4169,Aniket Gawande,6,85,8.1,3.7,8,53
4170,Anjali Salve,7,89,8.4,3.7,6,61
4171,Arjun Das,4,91,6.1,4.9,8,41
4172,Aryan Mane,3,66,7.5,1.8,8,61
4173,Ashish Joshi,6,90,7.2,2.5,2,86
4174,Ayush More,4,68,5.9,2,3,80
4175,Bhavna Raut,5,71,7,2.2,5,43
4176,Chetan Sawant,4,64,7.2,5.6,10,58
4177,Deepak Rathod,4,67,8.3,8,10,77
4178,Deepika Iyer,8,100,6.8,5.6,8,92
4179,Dhruv Pandey,5,73,5.3,7.9,4,64
4180,Divya Verma,5,75,6.9,5,10,95
4181,Gaurav Kulkarni,7,79,8.4,3,8,42
4182,Isha Agrawal,4,89,7.3,7.1,4,90
4183,Karan Suryawanshi,2,83,6.3,1.5,8,48
4184,Kavya Chaudhary,9,81,8.7,1.7,5,80
4185,Kiran Reddy,1,94,5.6,7.6,6,45
4186,Kunal Dubey,6,80,6.3,5.6,4,95
4187,Manish Patil,3,91,6.7,7.5,7,52
4188,Meera Deshmukh,3,97,8,1.9,4,60
4189,Mohit Mehta,1,87,8.3,6.4,10,75
4190,Neha Wagh,10,61,5.2,2.6,3,42
4191,Nikhil Yadav,5,70,8.2,3.4,4,71
4192,Nisha Nair,4,85,7.9,7.3,3,56
4193,Pallavi Saxena,8,79,8.6,3.9,4,64
4194,Pankaj Sharma,1,71,8.6,5.7,8,58
4195,Pooja Jadhav,6,73,8.1,7.2,10,87
4196,Prakash Mishra,5,63,5.8,7.1,3,65
4197,Priya Bhosale,6,69,6.3,1.1,4,82
4198,Rahul Tiwari,2,92,8.7,2.1,3,42
4199,Raj Pande,10,60,7.4,7.4,9,78
4200,Rakesh Kapoor,3,94,7.2,4.9,6,61
4201,Riya Pawar,7,73,8.7,4.4,5,73
4202,Rohan Khan,8,93,8.5,1.5,8,87
4203,Rohit Kale,4,70,7.9,1.2,2,78
4204,Sachin Gaikwad,2,93,8.5,7.7,9,59
4205,Sakshi Desai,3,83,5.5,4.3,2,52
4206,Sameer Dhumal,9,94,8,6.5,7,89
4207,Sana Malik,10,62,8.9,2.5,2,54
4208,Sanjay Ingale,10,92,5.2,2.7,3,41
4209,Sanya Singh,3,71,5.9,4.9,7,56
4210,Shivam Shinde,7,74,8.2,7.1,7,40
4211,Shraddha Naik,2,61,7.1,3,6,81
4212,Shreya Kadam,8,99,5.3,3.3,7,89
4213,Sneha Lokhande,5,86,6.1,4.9,9,64
4214,Sonali Roy,8,100,6.3,1.3,4,74
4215,Sonal Borkar,7,83,6.3,3.7,10,93
4216,Sourabh Gupta,10,66,8.5,4.9,3,91
4217,Tanmay Chavan,5,73,7.6,1,10,42
4218,Tanya Thakur,4,78,7.9,5.5,10,43
4219,Varun Gawande,6,66,5.1,1.4,5,61
4220,Vikas Salve,2,98,6.7,6,2,55
4221,Vijay Das,2,99,6.3,6.6,5,48
4222,Vishal Mane,6,83,8.4,6.9,4,48
4223,Yash Joshi,9,83,8.8,5.7,7,85
4224,Yogesh More,6,88,6.7,4.9,4,50
4225,Zoya Raut,8,87,8.9,3.2,2,66
4226,Aarav Sawant,2,62,5.1,4,10,42
4227,Aditi Rathod,5,81,6.3,1.6,9,74
4228,Aditya Iyer,7,91,8.1,5.9,6,81
4229,Akash Pandey,4,93,6.4,1.2,9,73
4230,Akshay Verma,1,84,8.7,3.9,10,55
4231,Aman Kulkarni,1,96,5.9,4.5,10,44
4232,Amit Agrawal,10,84,8.2,5.6,9,62
4233,Ananya Suryawanshi,7,75,5.8,3.4,2,83
4234,Aniket Chaudhary,3,78,5.8,4.1,8,46
4235,Anjali Reddy,3,88,6.8,5.1,10,86
4236,Arjun Dubey,1,96,8.8,7.5,3,91
4237,Aryan Patil,10,69,7.3,5.7,2,74
4238,Ashish Deshmukh,2,72,7.5,2.8,5,87
4239,Ayush Mehta,8,86,5,6.9,9,55
4240,Bhavna Wagh,3,91,5.2,1.4,9,74
4241,Chetan Yadav,4,76,5.3,2.9,7,80
4242,Deepak Nair,3,86,8.3,1.8,10,80
4243,Deepika Saxena,9,60,5.9,4.1,3,79
4244,Dhruv Sharma,1,71,6.3,5.5,9,50
4245,Divya Jadhav,4,99,7.4,4.7,9,91
4246,Gaurav Mishra,3,83,7.3,6.7,10,78
4247,Isha Bhosale,3,95,6.6,5,4,46
4248,Karan Tiwari,2,68,5,2.6,7,75
4249,Kavya Pande,10,71,6.8,4.8,4,90
4250,Kiran Kapoor,4,99,8,6.1,6,41
4251,Kunal Pawar,5,100,5.9,4.5,10,89
4252,Manish Khan,4,95,7.8,4.1,6,58
4253,Meera Kale,10,73,5.1,4.7,8,56
4254,Mohit Gaikwad,4,92,8.6,4.8,6,67
4255,Neha Desai,4,78,8.8,3.2,2,80
4256,Nikhil Dhumal,4,94,5,7,3,45
4257,Nisha Malik,4,94,6.8,2.5,8,54
4258,Pallavi Ingale,1,77,6.7,1.2,4,85
4259,Pankaj Singh,7,72,8.4,6.2,4,53
4260,Pooja Shinde,1,99,7.2,6.9,2,59
4261,Prakash Naik,3,78,7.4,5.5,9,75
4262,Priya Kadam,3,77,5.8,4.3,2,54
4263,Rahul Lokhande,3,87,5.3,7.8,6,42
4264,Raj Roy,8,98,7.8,3.6,4,69
4265,Rakesh Borkar,6,65,7.5,3.8,10,45
4266,Riya Gupta,10,100,8.3,5.1,7,61
4267,Rohan Chavan,4,77,8.4,4,2,76
4268,Rohit Thakur,10,61,7.5,4.9,7,81
4269,Sachin Gawande,1,72,7.2,7.8,3,93
4270,Sakshi Salve,6,78,8.7,2.7,7,88
4271,Sameer Das,8,87,8.2,2,4,41
4272,Sana Mane,6,83,8.5,4,8,67
4273,Sanjay Joshi,10,65,9,4.5,6,41
4274,Sanya More,4,80,6.6,6,5,84
4275,Shivam Raut,1,69,7.9,7.7,9,44
4276,Shraddha Sawant,8,71,7.8,5.8,5,83
4277,Shreya Rathod,1,89,5.7,7.9,4,40
4278,Sneha Iyer,8,92,7.5,2.7,6,46
4279,Sonali Pandey,8,66,6.7,2.5,9,91
4280,Sonal Verma,9,84,6.8,3.1,2,50
4281,Sourabh Kulkarni,5,77,5.7,6.5,4,66
4282,Tanmay Agrawal,9,73,8,2.3,7,69
4283,Tanya Suryawanshi,2,89,7.8,2.4,4,78
4284,Varun Chaudhary,5,70,7.1,3.9,8,92
4285,Vikas Reddy,2,91,5.6,3.2,2,63
4286,Vijay Dubey,8,76,7.2,5.5,4,73
4287,Vishal Patil,8,63,5.4,7.2,7,95
4288,Yash Deshmukh,9,92,6.4,2,9,46
4289,Yogesh Mehta,8,94,6.5,4.8,5,66
4290,Zoya Wagh,4,83,8.5,1.6,4,56
4291,Aarav Yadav,1,89,6.7,2.6,10,92
4292,Aditi Nair,10,66,7.4,3.2,6,74
4293,Aditya Saxena,5,73,8.5,5.1,3,76
4294,Akash Sharma,1,74,6.7,4.9,9,50
4295,Akshay Jadhav,10,91,8.5,5.5,2,93
4296,Aman Mishra,10,74,5.5,6.7,8,43
4297,Amit Bhosale,5,89,6.5,2.3,10,67
4298,Ananya Tiwari,8,72,5.4,6.2,7,79
4299,Aniket Pande,1,84,7.2,5.7,10,89
4300,Anjali Kapoor,1,68,8.8,1.6,7,55
4301,Arjun Pawar,3,82,7.6,3.4,7,58
4302,Aryan Khan,7,63,7.5,1.2,2,42
4303,Ashish Kale,2,90,6.1,1.6,3,77
4304,Ayush Gaikwad,1,61,8.7,3,8,51
4305,Bhavna Desai,7,100,6.9,2.7,8,74
4306,Chetan Dhumal,8,94,6.1,7.3,7,44
4307,Deepak Malik,8,83,9,7.3,3,67
4308,Deepika Ingale,8,97,6.7,5,2,66
4309,Dhruv Singh,9,93,6.5,6.1,2,68
4310,Divya Shinde,7,65,5.1,8,3,57
4311,Gaurav Naik,6,90,5.7,3.9,3,49
4312,Isha Kadam,9,75,8.2,4.7,10,83
4313,Karan Lokhande,4,95,6.9,5.6,9,90
4314,Kavya Roy,1,95,8.8,7.4,3,55
4315,Kiran Borkar,8,99,5.3,6.6,4,65
4316,Kunal Gupta,3,78,7.5,1.5,10,46
4317,Manish Chavan,10,67,7.9,6,6,48
4318,Meera Thakur,5,65,7.5,2.8,4,59
4319,Mohit Gawande,9,66,7.1,2.8,4,79
4320,Neha Salve,1,100,7.3,4.8,5,77
4321,Nikhil Das,7,84,7.8,5.9,6,80
4322,Nisha Mane,5,74,8.5,2.1,6,44
4323,Pallavi Joshi,5,78,6.3,3.2,6,42
4324,Pankaj More,3,67,6.8,6,7,55
4325,Pooja Raut,10,83,7.5,2.1,4,58
4326,Prakash Sawant,4,77,6.3,6.9,6,68
4327,Priya Rathod,9,92,5.7,4.2,9,72
4328,Rahul Iyer,5,60,8.9,5.1,5,50
4329,Raj Pandey,1,98,5.8,1.6,10,86
4330,Rakesh Verma,9,62,5.9,7.7,6,81
4331,Riya Kulkarni,2,77,7.5,7.4,5,57
4332,Rohan Agrawal,3,73,5.3,2.3,8,76
4333,Rohit Suryawanshi,9,89,5.1,5.6,5,56
4334,Sachin Chaudhary,9,86,5.3,6.6,5,43
4335,Sakshi Reddy,10,68,5.5,1.9,5,81
4336,Sameer Dubey,5,80,6.7,5,6,44
4337,Sana Patil,8,81,8.3,7,2,52
4338,Sanjay Deshmukh,4,79,6.4,4.5,5,56
4339,Sanya Mehta,8,60,6.7,7.5,8,90
4340,Shivam Wagh,6,67,7.4,1.3,4,72
4341,Shraddha Yadav,1,80,6.2,7.4,6,84
4342,Shreya Nair,5,70,6.7,7.8,4,90
4343,Sneha Saxena,5,82,6.5,2.1,10,90
4344,Sonali Sharma,3,66,6.4,4,4,74
4345,Sonal Jadhav,4,90,6.6,5.3,8,59
4346,Sourabh Mishra,6,67,5,7.3,8,62
4347,Tanmay Bhosale,1,86,8.5,2.1,5,49
4348,Tanya Tiwari,2,94,8.9,3.3,10,72
4349,Varun Pande,8,74,8.4,6.6,10,72
4350,Vikas Kapoor,4,65,5,3.9,2,94
4351,Vijay Pawar,7,60,8,5.2,7,50
4352,Vishal Khan,6,74,7.3,4.9,3,82
4353,Yash Kale,6,64,5.4,7.8,10,54
4354,Yogesh Gaikwad,5,96,8.7,2,10,44
4355,Zoya Desai,5,99,8.1,7.6,5,62
4356,Aarav Dhumal,9,100,5.6,4.9,5,93
4357,Aditi Malik,10,97,8.9,7.3,9,65
4358,Aditya Ingale,3,84,5.5,1.8,5,50
4359,Akash Singh,7,73,6.8,5.5,8,58
4360,Akshay Shinde,10,78,5.6,6.9,7,78
4361,Aman Naik,1,70,5.6,6.5,4,55
4362,Amit Kadam,8,94,8.9,1.1,5,52
4363,Ananya Lokhande,5,77,7.3,4.2,10,53
4364,Aniket Roy,10,75,6,1.8,6,44
4365,Anjali Borkar,6,88,8.1,2.1,5,78
4366,Arjun Gupta,9,75,8.5,5.9,10,57
4367,Aryan Chavan,2,74,8.7,7.7,7,57
4368,Ashish Thakur,2,69,8.7,5.4,7,58
4369,Ayush Gawande,10,62,8.6,1.7,5,78
4370,Bhavna Salve,6,61,7.6,2.7,8,88
4371,Chetan Das,6,76,6.4,3.7,2,81
4372,Deepak Mane,2,100,8.7,1.9,3,71
4373,Deepika Joshi,3,70,5.5,6.9,9,79
4374,Dhruv More,9,86,5.7,2.4,4,52
4375,Divya Raut,4,73,6.7,1.9,10,91
4376,Gaurav Sawant,6,72,6.1,6.1,10,74
4377,Isha Rathod,4,66,7.5,1.9,5,93
4378,Karan Iyer,3,83,8.6,3.9,10,55
4379,Kavya Pandey,2,87,7,4.6,8,48
4380,Kiran Verma,10,74,7.2,1.6,9,80
4381,Kunal Kulkarni,10,81,6.7,4.9,6,57
4382,Manish Agrawal,2,79,7.8,4.4,3,51
4383,Meera Suryawanshi,4,71,5.4,5.7,6,84
4384,Mohit Chaudhary,6,88,5.2,2.5,9,69
4385,Neha Reddy,4,82,7.6,3.5,2,83
4386,Nikhil Dubey,8,62,7.1,5.6,2,53
4387,Nisha Patil,3,80,6.6,1.2,9,43
4388,Pallavi Deshmukh,1,75,6.3,1.8,7,62
4389,Pankaj Mehta,4,92,5.2,3,6,93
4390,Pooja Wagh,6,72,7.7,1.7,8,72
4391,Prakash Yadav,2,99,6.7,1.3,8,87
4392,Priya Nair,9,85,6.8,7.9,5,87
4393,Rahul Saxena,1,65,8.6,4.2,7,90
4394,Raj Sharma,1,76,8,4.7,6,65
4395,Rakesh Jadhav,6,96,5.9,2.8,3,51
4396,Riya Mishra,6,70,7.6,1.1,8,90
4397,Rohan Bhosale,3,88,5.5,6.3,5,68
4398,Rohit Tiwari,3,92,5.8,6.1,10,57
4399,Sachin Pande,1,88,7.9,7.8,5,64
4400,Sakshi Kapoor,7,63,5.5,1.1,3,83
4401,Sameer Pawar,4,75,6.1,2,9,60
4402,Sana Khan,2,74,8.6,6,3,86
4403,Sanjay Kale,4,74,8,3.3,10,52
4404,Sanya Gaikwad,10,96,8.7,1.4,7,57
4405,Shivam Desai,3,60,8.5,3.1,6,47
4406,Shraddha Dhumal,9,82,6.3,1.6,4,88
4407,Shreya Malik,3,100,7.5,6.9,3,88
4408,Sneha Ingale,2,95,6.5,7.1,3,51
4409,Sonali Singh,3,84,7.8,5.5,9,69
4410,Sonal Shinde,4,100,6.4,3.7,3,84
4411,Sourabh Naik,2,76,5,6.4,2,73
4412,Tanmay Kadam,6,85,5.4,5.4,3,76
4413,Tanya Lokhande,4,82,8.1,6.5,7,54
4414,Varun Roy,8,61,5.3,4.6,6,41
4415,Vikas Borkar,5,61,7.4,7.7,5,92
4416,Vijay Gupta,5,96,8.4,3,10,91
4417,Vishal Chavan,5,67,8,5.2,5,92
4418,Yash Thakur,2,74,6.7,6.7,9,42
4419,Yogesh Gawande,8,85,5.8,7.3,3,77
4420,Zoya Salve,2,83,8.7,7.6,6,54
4421,Aarav Das,8,81,7.3,3.8,3,57
4422,Aditi Mane,10,100,6.6,5.9,2,63
4423,Aditya Joshi,8,92,8.8,3,8,53
4424,Akash More,5,98,5.9,5.5,8,73
4425,Akshay Raut,4,87,6.8,2.3,7,73
4426,Aman Sawant,9,100,5.4,4,6,91
4427,Amit Rathod,3,84,5.5,7.4,4,86
4428,Ananya Iyer,5,82,6.6,6.7,9,79
4429,Aniket Pandey,8,93,7.8,4.5,3,94
4430,Anjali Verma,10,95,6.4,2,6,63
4431,Arjun Kulkarni,10,62,7.8,3.8,10,43
4432,Aryan Agrawal,1,97,8.2,2,8,89
4433,Ashish Suryawanshi,9,88,8.5,1.5,9,58
4434,Ayush Chaudhary,2,96,5.2,7.3,3,64
4435,Bhavna Reddy,6,89,8.1,4.4,2,61
4436,Chetan Dubey,10,98,5.6,1.6,9,91
4437,Deepak Patil,7,71,7.8,6,7,60
4438,Deepika Deshmukh,10,67,6.5,1.5,9,78
4439,Dhruv Mehta,4,68,7.8,3.8,9,77
4440,Divya Wagh,4,70,5.9,2.6,5,71
4441,Gaurav Yadav,4,68,7.6,2.2,2,70
4442,Isha Nair,4,78,5.5,4.7,10,44
4443,Karan Saxena,7,68,5.7,6,4,89
4444,Kavya Sharma,5,66,7.5,4.4,3,58
4445,Kiran Jadhav,8,81,6.3,6.7,7,52
4446,Kunal Mishra,5,92,7.8,7.4,2,52
4447,Manish Bhosale,4,65,7.7,6.7,2,62
4448,Meera Tiwari,2,80,7.5,7.7,8,74
4449,Mohit Pande,6,87,7.9,7.5,2,70
4450,Neha Kapoor,9,88,8.2,6.8,7,86
4451,Nikhil Pawar,9,64,8.6,3,6,85
4452,Nisha Khan,3,90,5.3,2.2,2,58
4453,Pallavi Kale,5,61,7.3,6.1,10,86
4454,Pankaj Gaikwad,8,69,8,6.9,3,78
4455,Pooja Desai,7,73,5.9,6.8,7,88
4456,Prakash Dhumal,1,94,6.1,5.5,3,40
4457,Priya Malik,6,67,6.1,6.8,7,69
4458,Rahul Ingale,1,92,7.3,6,3,75
4459,Raj Singh,2,100,6.5,5.7,9,53
4460,Rakesh Shinde,7,99,7.7,1.3,6,76
4461,Riya Naik,2,72,7.4,4.2,2,80
4462,Rohan Kadam,4,63,7.6,1.2,2,47
4463,Rohit Lokhande,6,69,6,1.6,6,93
4464,Sachin Roy,7,91,8.1,4.8,6,92
4465,Sakshi Borkar,5,68,7.7,1.3,4,55
4466,Sameer Gupta,1,86,5.5,7.4,7,51
4467,Sana Chavan,8,75,5.8,4.2,9,51
4468,Sanjay Thakur,10,91,6.2,5.9,8,42
4469,Sanya Gawande,9,84,8.7,2,8,41
4470,Shivam Salve,8,84,6.3,6.9,10,57
4471,Shraddha Das,5,92,5.1,4.3,3,77
4472,Shreya Mane,9,99,5.6,4.9,2,78
4473,Sneha Joshi,5,74,5.1,5.5,3,70
4474,Sonali More,2,81,6.6,4.8,2,76
4475,Sonal Raut,9,85,8.2,4.9,4,47
4476,Sourabh Sawant,4,93,6.8,6.2,3,95
4477,Tanmay Rathod,10,79,8.4,6.6,10,51
4478,Tanya Iyer,4,75,5.2,3.1,5,60
4479,Varun Pandey,9,94,6.9,7.5,3,77
4480,Vikas Verma,6,99,8.1,3.5,6,47
4481,Vijay Kulkarni,5,83,7.7,2.9,5,64
4482,Vishal Agrawal,3,64,8.4,3.2,2,92
4483,Yash Suryawanshi,9,71,6.1,3.5,10,53
4484,Yogesh Chaudhary,1,78,7,3.2,8,74
4485,Zoya Reddy,5,88,7.7,6.9,9,73
4486,Aarav Dubey,4,87,5.7,4.9,10,44
4487,Aditi Patil,6,93,8.3,7.8,9,42
4488,Aditya Deshmukh,3,61,6.2,1.6,4,48
4489,Akash Mehta,7,79,5.4,5.3,8,40
4490,Akshay Wagh,4,88,8.1,1.7,2,69
4491,Aman Yadav,2,100,7.8,4.2,5,54
4492,Amit Nair,2,65,8.5,3.7,8,73
4493,Ananya Saxena,7,96,8.6,5.8,8,56
4494,Aniket Sharma,3,60,6.1,6.2,8,59
4495,Anjali Jadhav,4,68,7.6,2.7,8,45
4496,Arjun Mishra,7,94,9,2.4,2,84
4497,Aryan Bhosale,4,92,6,3.9,7,46
4498,Ashish Tiwari,4,99,6.9,2.7,7,91
4499,Ayush Pande,3,84,8.6,5.7,3,49
4500,Bhavna Kapoor,4,85,5.4,4.6,4,95
4501,Chetan Pawar,7,81,8.7,6.8,6,80
4502,Deepak Khan,6,80,7,7.9,7,86
4503,Deepika Kale,10,81,8.6,3.6,9,85
4504,Dhruv Gaikwad,8,71,7.5,7.4,8,64
4505,Divya Desai,1,94,7.7,6.4,10,50
4506,Gaurav Dhumal,4,74,8.1,2,4,77
4507,Isha Malik,3,85,5.3,6.9,5,76
4508,Karan Ingale,6,87,7.5,4.4,4,85
4509,Kavya Singh,3,82,8.7,6,10,53
4510,Kiran Shinde,10,85,8.8,5.9,7,85
4511,Kunal Naik,3,62,8.9,7.2,6,89
4512,Manish Kadam,6,72,7.6,6.3,7,80
4513,Meera Lokhande,2,78,7.5,6.8,4,55
4514,Mohit Roy,10,76,7.2,3.2,9,53
4515,Neha Borkar,10,97,7.4,7.8,7,47
4516,Nikhil Gupta,8,96,7.4,5.6,6,86
4517,Nisha Chavan,4,89,5.2,6.4,8,64
4518,Pallavi Thakur,1,74,5.4,7,9,57
4519,Pankaj Gawande,8,62,7.5,1.9,5,48
4520,Pooja Salve,5,90,6.3,3.4,8,67
4521,Prakash Das,10,96,6.2,6.9,9,51
4522,Priya Mane,7,80,5.8,7.5,7,86
4523,Rahul Joshi,6,93,8.2,6.3,3,58
4524,Raj More,10,98,8.9,4.4,3,64
4525,Rakesh Raut,9,82,7.5,2.8,2,77
4526,Riya Sawant,5,68,8.8,4.7,4,79
4527,Rohan Rathod,1,60,8.5,3.8,3,46
4528,Rohit Iyer,1,91,5.9,7.2,7,44
4529,Sachin Pandey,5,83,5.6,5,10,55
4530,Sakshi Verma,6,66,5.8,3.7,2,81
4531,Sameer Kulkarni,1,62,5.4,4.5,4,88
4532,Sana Agrawal,2,99,7.3,7.5,2,94
4533,Sanjay Suryawanshi,8,73,6.1,5.3,2,55
4534,Sanya Chaudhary,8,73,8.7,2.6,2,82
4535,Shivam Reddy,1,85,7.5,4.5,7,49
4536,Shraddha Dubey,6,74,6.4,4.3,10,50
4537,Shreya Patil,1,97,8.9,3.2,8,69
4538,Sneha Deshmukh,8,87,8.8,6.2,8,45
4539,Sonali Mehta,9,74,8.1,2.9,3,41
4540,Sonal Wagh,9,70,8.2,4.4,9,95
4541,Sourabh Yadav,6,95,8.9,4.1,7,85
4542,Tanmay Nair,7,84,7.4,4.3,10,77
4543,Tanya Saxena,10,97,8.5,5,5,52
4544,Varun Sharma,7,74,5.3,5.8,8,44
4545,Vikas Jadhav,5,60,7.2,2,6,47
4546,Vijay Mishra,8,96,7,3,6,63
4547,Vishal Bhosale,6,69,5.2,6.4,2,85
4548,Yash Tiwari,9,94,5.3,7.4,6,73
4549,Yogesh Pande,6,89,5.1,1.3,3,87
4550,Zoya Kapoor,9,69,6.2,1.5,8,90
4551,Aarav Pawar,1,91,5.2,7.5,8,81
4552,Aditi Khan,1,63,6.7,2,9,45
4553,Aditya Kale,1,76,8.3,7.9,6,53
4554,Akash Gaikwad,6,74,7.5,6.8,9,58
4555,Akshay Desai,8,86,7.7,1.8,10,69
4556,Aman Dhumal,3,81,5.1,1.7,6,84
4557,Amit Malik,2,85,8.4,7.8,10,94
4558,Ananya Ingale,9,79,5.6,2.8,8,95
4559,Aniket Singh,8,90,6.2,4.8,4,66
4560,Anjali Shinde,7,66,7.1,2.7,6,95
4561,Arjun Naik,5,89,8.7,5.2,2,93
4562,Aryan Kadam,5,62,9,6.9,5,49
4563,Ashish Lokhande,1,63,8.1,5.6,5,77
4564,Ayush Roy,2,89,7.9,1.3,4,64
4565,Bhavna Borkar,9,66,7.1,5.2,5,87
4566,Chetan Gupta,4,91,7.7,5.6,2,88
4567,Deepak Chavan,8,65,5.6,2.4,6,50
4568,Deepika Thakur,8,66,6.1,6.3,3,73
4569,Dhruv Gawande,4,98,8.9,5.4,4,91
4570,Divya Salve,3,67,8.9,1.1,8,77
4571,Gaurav Das,7,97,6.3,7.7,9,87
4572,Isha Mane,1,74,6,4.1,3,80
4573,Karan Joshi,5,92,5.9,2.6,7,83
4574,Kavya More,9,98,6.9,1.6,10,87
4575,Kiran Raut,8,64,5.9,3.6,7,92
4576,Kunal Sawant,8,73,7.6,3.2,2,51
4577,Manish Rathod,1,83,5.3,3.1,8,84
4578,Meera Iyer,2,95,5.4,6.6,2,61
4579,Mohit Pandey,3,67,6.1,5.5,7,72
4580,Neha Verma,3,67,8.1,1.9,6,76
4581,Nikhil Kulkarni,2,75,6.3,6,6,76
4582,Nisha Agrawal,10,68,6.9,6.1,4,51
4583,Pallavi Suryawanshi,2,70,7.6,4.6,9,85
4584,Pankaj Chaudhary,8,65,8.2,8,2,80
4585,Pooja Reddy,6,93,6.2,3,10,81
4586,Prakash Dubey,7,92,7.9,1.4,2,74
4587,Priya Patil,3,65,6.1,1.2,4,73
4588,Rahul Deshmukh,4,82,7.6,3.2,6,55
4589,Raj Mehta,7,86,6.8,4.5,6,73
4590,Rakesh Wagh,3,85,8.7,1.5,4,55
4591,Riya Yadav,7,100,8.9,5,4,89
4592,Rohan Nair,1,86,8.1,7.3,7,42
4593,Rohit Saxena,1,88,8.7,6.6,2,40
4594,Sachin Sharma,8,61,5.5,5.7,3,80
4595,Sakshi Jadhav,7,63,7.6,5.6,5,80
4596,Sameer Mishra,1,85,5.8,6.1,2,71
4597,Sana Bhosale,9,97,6.1,4.5,2,71
4598,Sanjay Tiwari,1,76,7.1,3.8,2,41
4599,Sanya Pande,10,86,8,3.1,9,86
4600,Shivam Kapoor,8,68,7.9,1.7,3,87
4601,Shraddha Pawar,10,78,8.5,4.9,3,51
4602,Shreya Khan,10,90,7.2,4.3,9,40
4603,Sneha Kale,4,87,8.7,1.8,5,69
4604,Sonali Gaikwad,8,64,8.6,2.9,6,54
4605,Sonal Desai,3,96,8.4,6.5,7,47
4606,Sourabh Dhumal,5,98,5.9,2.8,7,46
4607,Tanmay Malik,3,79,7.1,4,5,76
4608,Tanya Ingale,5,73,7.9,2.1,9,60
4609,Varun Singh,9,81,8.9,2.2,4,82
4610,Vikas Shinde,5,92,5,6.3,3,57
4611,Vijay Naik,1,78,6.3,1.5,6,74
4612,Vishal Kadam,4,61,6.4,3,9,55
4613,Yash Lokhande,8,62,6.2,7.9,10,71
4614,Yogesh Roy,6,93,8.3,4.3,8,79
4615,Zoya Borkar,6,92,5.2,5.2,2,59
4616,Aarav Gupta,5,91,6.4,5.5,8,89
4617,Aditi Chavan,3,65,7.8,2.4,3,75
4618,Aditya Thakur,6,66,6.6,3.6,9,51
4619,Akash Gawande,7,76,5.6,3.8,3,90
4620,Akshay Salve,9,69,7.4,2.6,3,67
4621,Aman Das,7,75,7.1,2.6,6,80
4622,Amit Mane,10,82,8.9,5.3,6,59
4623,Ananya Joshi,9,71,8,1.8,5,41
4624,Aniket More,1,65,8.9,1.9,6,71
4625,Anjali Raut,4,76,5.7,5,8,68
4626,Arjun Sawant,4,89,8,4.1,7,80
4627,Aryan Rathod,1,85,7.2,5.3,8,81
4628,Ashish Iyer,2,73,7.9,1.2,4,78
4629,Ayush Pandey,8,72,6.9,5.9,7,68
4630,Bhavna Verma,4,83,5.8,6.9,3,40
4631,Chetan Kulkarni,2,67,5.2,4.7,4,73
4632,Deepak Agrawal,3,94,8.4,6.9,10,93
4633,Deepika Suryawanshi,3,95,8.3,3.8,2,91
4634,Dhruv Chaudhary,2,61,5.7,1.6,6,44
4635,Divya Reddy,2,99,7.6,3.6,6,88
4636,Gaurav Dubey,8,60,8,4.1,4,48
4637,Isha Patil,9,78,7.2,7.1,2,44
4638,Karan Deshmukh,5,87,6.3,3.3,3,41
4639,Kavya Mehta,7,73,8.5,3.2,8,68
4640,Kiran Wagh,10,68,7.6,7.2,7,49
4641,Kunal Yadav,9,61,7.9,2.8,7,74
4642,Manish Nair,1,89,7.6,5.5,3,66
4643,Meera Saxena,10,61,7.9,3.3,6,87
4644,Mohit Sharma,1,79,5.6,7.7,3,51
4645,Neha Jadhav,1,76,8.7,2.3,4,54
4646,Nikhil Mishra,5,99,6.1,6.1,10,68
4647,Nisha Bhosale,8,98,8.3,4.9,6,47
4648,Pallavi Tiwari,1,93,8.6,7.9,2,65
4649,Pankaj Pande,3,89,7.6,8,7,73
4650,Pooja Kapoor,3,82,7.4,6.6,3,74
4651,Prakash Pawar,4,74,5.4,1.7,2,66
4652,Priya Khan,10,66,6.7,4.3,8,45
4653,Rahul Kale,4,99,7.4,7,7,54
4654,Raj Gaikwad,3,75,5.3,5.5,3,43
4655,Rakesh Desai,2,77,5.4,7.2,8,92
4656,Riya Dhumal,2,65,9,6.6,3,72
4657,Rohan Malik,2,71,6.3,3.2,6,57
4658,Rohit Ingale,6,86,6.4,2.4,7,56
4659,Sachin Singh,5,77,6,3.3,3,43
4660,Sakshi Shinde,5,84,7.6,5.9,8,66
4661,Sameer Naik,9,68,6.9,4.4,6,43
4662,Sana Kadam,6,63,8.2,1.3,5,79
4663,Sanjay Lokhande,2,96,7,6.2,8,51
4664,Sanya Roy,4,77,5.1,1.3,9,45
4665,Shivam Borkar,4,74,6.9,3.9,6,46
4666,Shraddha Gupta,9,71,5.2,4.2,9,41
4667,Shreya Chavan,4,86,8.3,4.5,2,62
4668,Sneha Thakur,2,83,5.5,2,7,43
4669,Sonali Gawande,8,75,5.9,6.2,4,44
4670,Sonal Salve,5,98,6.8,6.9,7,52
4671,Sourabh Das,1,96,5.8,5.9,7,71
4672,Tanmay Mane,7,68,7.2,7.7,9,52
4673,Tanya Joshi,3,86,6.8,2.8,7,62
4674,Varun More,9,99,8.8,2.1,2,64
4675,Vikas Raut,9,80,5.4,1.5,10,73
4676,Vijay Sawant,4,61,7.3,6.1,6,42
4677,Vishal Rathod,6,65,7.9,2.1,3,95
4678,Yash Iyer,6,87,5.5,7.6,3,45
4679,Yogesh Pandey,7,96,7.5,5.2,2,95
4680,Zoya Verma,1,65,8.5,6.6,3,55
4681,Aarav Kulkarni,4,82,8.2,4,4,63
4682,Aditi Agrawal,2,80,8.7,6.1,10,43
4683,Aditya Suryawanshi,7,71,7.9,4.1,9,60
4684,Akash Chaudhary,1,85,6.6,4.8,2,90
4685,Akshay Reddy,6,95,8.7,6.4,5,78
4686,Aman Dubey,8,69,5.9,2.7,4,74
4687,Amit Patil,10,62,7.3,7.2,6,60
4688,Ananya Deshmukh,3,74,8.1,6,3,91
4689,Aniket Mehta,1,72,8.5,6.2,4,83
4690,Anjali Wagh,8,89,8.7,2.7,7,54
4691,Arjun Yadav,1,82,5.3,1.6,6,73
4692,Aryan Nair,1,60,7.9,1.5,9,62
4693,Ashish Saxena,10,73,5.8,5.5,10,51
4694,Ayush Sharma,9,90,8.1,2.1,5,76
4695,Bhavna Jadhav,8,79,7.8,8,9,63
4696,Chetan Mishra,9,83,5.7,7.7,9,45
4697,Deepak Bhosale,1,70,8.3,1.2,5,88
4698,Deepika Tiwari,1,73,6.8,6.1,5,73
4699,Dhruv Pande,4,65,7.2,2.8,7,70
4700,Divya Kapoor,1,63,8.9,3.4,10,95
4701,Gaurav Pawar,9,61,7.6,2.7,8,79
4702,Isha Khan,1,85,7.4,6.8,9,94
4703,Karan Kale,6,66,5.1,7.3,9,79
4704,Kavya Gaikwad,9,83,5.8,1.3,3,49
4705,Kiran Desai,8,99,5.1,2.9,3,67
4706,Kunal Dhumal,3,88,6.3,4.1,9,68
4707,Manish Malik,5,83,6.4,4.7,6,56
4708,Meera Ingale,6,64,7.1,1.6,3,57
4709,Mohit Singh,8,80,7.8,6.8,4,73
4710,Neha Shinde,5,96,5.7,7.5,6,63
4711,Nikhil Naik,3,75,7.4,3.8,7,46
4712,Nisha Kadam,8,93,8.7,7,3,72
4713,Pallavi Lokhande,9,89,5.7,5.7,4,73
4714,Pankaj Roy,5,70,7.6,5.1,5,85
4715,Pooja Borkar,1,65,5.2,6.7,3,45
4716,Prakash Gupta,6,60,7.1,4.3,10,65
4717,Priya Chavan,9,71,8,4.8,2,90
4718,Rahul Thakur,10,73,5.1,2.9,8,54
4719,Raj Gawande,5,86,6.3,6,4,81
4720,Rakesh Salve,2,83,8.5,2.1,6,59
4721,Riya Das,6,79,5.9,2.7,4,50
4722,Rohan Mane,9,89,7.9,4.4,10,79
4723,Rohit Joshi,10,91,7.4,3.7,10,83
4724,Sachin More,1,89,5.7,2.7,5,91
4725,Sakshi Raut,3,96,8,2.3,2,80
4726,Sameer Sawant,5,74,7.1,7,3,57
4727,Sana Rathod,1,93,5.4,5.1,8,80
4728,Sanjay Iyer,9,77,8.8,3.6,9,41
4729,Sanya Pandey,2,67,7,6.9,2,58
4730,Shivam Verma,7,65,8,6.8,2,51
4731,Shraddha Kulkarni,10,63,5.9,1.8,6,69
4732,Shreya Agrawal,7,99,5.5,5,9,78
4733,Sneha Suryawanshi,8,66,8,3.1,8,72
4734,Sonali Chaudhary,3,94,7.7,4.8,2,50
4735,Sonal Reddy,9,92,6.1,6,10,61
4736,Sourabh Dubey,5,78,8,1.1,4,45
4737,Tanmay Patil,1,97,7,4.6,4,71
4738,Tanya Deshmukh,4,97,6.4,3,5,81
4739,Varun Mehta,4,97,8.1,4.7,8,53
4740,Vikas Wagh,6,80,7.5,1.8,4,69
4741,Vijay Yadav,3,72,7,6.7,7,88
4742,Vishal Nair,5,61,8.1,4.8,4,46
4743,Yash Saxena,5,94,7.2,2.5,3,93
4744,Yogesh Sharma,4,95,8.8,6.4,2,58
4745,Zoya Jadhav,7,81,8.3,1.3,5,58
4746,Aarav Mishra,4,62,6.4,5.1,2,79
4747,Aditi Bhosale,8,93,6.9,4.5,7,59
4748,Aditya Tiwari,3,72,8.8,1.3,8,62
4749,Akash Pande,9,82,8.6,2.7,7,52
4750,Akshay Kapoor,4,87,5.8,1.5,6,47
4751,Aman Pawar,1,65,6.1,6.1,3,88
4752,Amit Khan,2,62,6.5,5.9,3,45
4753,Ananya Kale,9,63,8.5,1.6,3,49
4754,Aniket Gaikwad,9,99,8.7,1.8,2,86
4755,Anjali Desai,3,99,8.2,7.2,7,84
4756,Arjun Dhumal,7,77,6.1,2.4,4,52
4757,Aryan Malik,6,77,8.5,3.1,7,86
4758,Ashish Ingale,2,76,5.1,5.8,5,80
4759,Ayush Singh,5,74,6.7,1.4,4,57
4760,Bhavna Shinde,7,82,6.5,7.6,6,44
4761,Chetan Naik,10,74,7.1,1.2,5,83
4762,Deepak Kadam,9,85,7.2,6.9,2,78
4763,Deepika Lokhande,1,75,5.9,3.5,2,65
4764,Dhruv Roy,3,85,5.8,2.1,10,55
4765,Divya Borkar,5,98,8.2,3.6,2,59
4766,Gaurav Gupta,2,68,5.3,7.8,4,55
4767,Isha Chavan,6,62,7,4.7,5,90
4768,Karan Thakur,1,81,5.8,1.4,5,51
4769,Kavya Gawande,2,64,6.3,7.6,8,65
4770,Kiran Salve,1,69,6.1,2,8,75
4771,Kunal Das,3,92,7.8,1.4,7,43
4772,Manish Mane,8,77,6.8,1.3,4,68
4773,Meera Joshi,2,82,6.2,6.8,10,75
4774,Mohit More,10,91,8.3,2.1,2,69
4775,Neha Raut,3,65,5.3,2.3,4,76
4776,Nikhil Sawant,1,79,8.1,7.6,5,67
4777,Nisha Rathod,4,61,6,5.3,5,75
4778,Pallavi Iyer,8,80,8.7,3,6,94
4779,Pankaj Pandey,2,69,5,5.1,2,60
4780,Pooja Verma,1,97,7.2,2.7,9,59
4781,Prakash Kulkarni,9,70,7.5,4.5,3,78
4782,Priya Agrawal,6,68,7.3,3.3,5,45
4783,Rahul Suryawanshi,4,60,8.3,5.4,7,56
4784,Raj Chaudhary,8,65,5.4,6.3,10,49
4785,Rakesh Reddy,9,68,6.7,3.4,7,66
4786,Riya Dubey,4,69,8.5,2,6,46
4787,Rohan Patil,6,90,8.6,3.5,4,52
4788,Rohit Deshmukh,1,96,7,6.3,8,63
4789,Sachin Mehta,4,95,7.2,6.5,7,74
4790,Sakshi Wagh,6,99,8.1,6.5,2,64
4791,Sameer Yadav,2,96,8.1,7.8,5,85
4792,Sana Nair,10,78,8.6,6.8,10,84
4793,Sanjay Saxena,10,75,8.4,7.8,9,45
4794,Sanya Sharma,3,86,6.7,5.4,3,78
4795,Shivam Jadhav,4,73,7.6,2.6,8,41
4796,Shraddha Mishra,2,84,6.9,5.3,4,49
4797,Shreya Bhosale,6,100,5.5,2.4,8,82
4798,Sneha Tiwari,2,68,8.3,1.6,6,72
4799,Sonali Pande,4,91,7.4,3.1,4,58
4800,Sonal Kapoor,6,98,5.2,3.5,10,48
4801,Sourabh Pawar,7,82,7.7,6,4,58
4802,Tanmay Khan,6,74,6.1,3.5,5,83
4803,Tanya Kale,3,70,5.3,1,10,71
4804,Varun Gaikwad,8,66,7.4,7.4,3,47
4805,Vikas Desai,7,73,7.9,5.1,3,67
4806,Vijay Dhumal,8,90,7.1,2.5,10,51
4807,Vishal Malik,5,81,5,2.8,6,46
4808,Yash Ingale,9,69,7.3,1.9,9,44
4809,Yogesh Singh,4,82,5,7.3,2,82
4810,Zoya Shinde,9,93,8.7,2.6,7,48
4811,Aarav Naik,3,60,6.1,7.6,2,49
4812,Aditi Kadam,3,60,8.5,2.9,5,88
4813,Aditya Lokhande,6,99,5,6.6,3,86
4814,Akash Roy,6,90,5.4,1.1,5,68
4815,Akshay Borkar,8,83,6.8,4.4,5,82
4816,Aman Gupta,3,97,8,3.6,10,41
4817,Amit Chavan,9,84,8.8,3.3,7,49
4818,Ananya Thakur,4,81,7.1,7.9,2,59
4819,Aniket Gawande,6,68,6.4,6,6,82
4820,Anjali Salve,10,93,5.2,2.8,8,45
4821,Arjun Das,6,91,7.3,6.3,6,77
4822,Aryan Mane,7,72,6.5,1.9,7,43
4823,Ashish Joshi,10,90,8.6,7.5,6,94
4824,Ayush More,10,89,6.9,4,10,51
4825,Bhavna Raut,5,63,8.1,2.3,7,79
4826,Chetan Sawant,5,66,8.4,2.9,7,74
4827,Deepak Rathod,2,84,5.4,2.1,10,61
4828,Deepika Iyer,6,85,6.8,7.5,4,82
4829,Dhruv Pandey,10,86,8.6,3.1,8,74
4830,Divya Verma,5,75,6.7,2,9,65
4831,Gaurav Kulkarni,4,94,7.3,6.7,5,77
4832,Isha Agrawal,2,78,8.5,2.5,10,56
4833,Karan Suryawanshi,4,68,5.9,1.7,4,81
4834,Kavya Chaudhary,3,64,8.6,5.7,10,79
4835,Kiran Reddy,10,95,6.6,1.1,2,66
4836,Kunal Dubey,6,88,7.4,6.8,4,76
4837,Manish Patil,2,78,6.3,4.9,4,86
4838,Meera Deshmukh,1,68,7.1,2.7,5,75
4839,Mohit Mehta,9,63,5.2,4.3,5,56
4840,Neha Wagh,10,66,5.3,2.8,8,55
4841,Nikhil Yadav,8,64,6.7,4.7,5,93
4842,Nisha Nair,2,81,6.3,5,7,85
4843,Pallavi Saxena,1,68,7.5,6.4,3,57
4844,Pankaj Sharma,2,65,5.2,4.3,2,80
4845,Pooja Jadhav,8,71,5.7,6.5,5,42
4846,Prakash Mishra,8,88,5.8,1.5,3,78
4847,Priya Bhosale,9,80,6.8,7.4,2,51
4848,Rahul Tiwari,1,66,6,2.3,2,57
4849,Raj Pande,2,90,5.6,6.9,4,91
4850,Rakesh Kapoor,10,80,7.4,4.5,3,47
4851,Riya Pawar,10,67,8,1.7,3,84
4852,Rohan Khan,8,88,7.7,3.5,4,62
4853,Rohit Kale,2,100,6.1,7.4,4,64
4854,Sachin Gaikwad,1,82,8.4,6.8,10,65
4855,Sakshi Desai,1,66,7.4,6.1,7,90
4856,Sameer Dhumal,7,72,7.5,3.7,8,68
4857,Sana Malik,9,84,5.9,5.1,8,53
4858,Sanjay Ingale,7,100,6,2.6,2,40
4859,Sanya Singh,3,98,6.9,5.5,6,53
4860,Shivam Shinde,8,98,6,2.8,7,48
4861,Shraddha Naik,1,94,7.8,6.8,10,47
4862,Shreya Kadam,9,83,6.2,5.9,5,95
4863,Sneha Lokhande,9,86,5.6,3.7,4,64
4864,Sonali Roy,8,90,5.6,5.6,8,95
4865,Sonal Borkar,9,89,5.5,3.3,3,68
4866,Sourabh Gupta,6,86,6.8,2.1,9,52
4867,Tanmay Chavan,5,65,5,2.6,5,48
4868,Tanya Thakur,4,96,7.2,2.9,2,82
4869,Varun Gawande,10,60,6.2,2.6,5,46
4870,Vikas Salve,7,77,7.2,5.7,10,42
4871,Vijay Das,2,77,8.7,6.2,5,61
4872,Vishal Mane,10,100,8.5,4.2,2,57
4873,Yash Joshi,1,63,7.3,7.9,5,53
4874,Yogesh More,6,79,6.7,7.2,8,68
4875,Zoya Raut,2,74,7.8,1.6,2,72
4876,Aarav Sawant,7,64,8.7,4.2,10,64
4877,Aditi Rathod,5,69,7,7.4,8,69
4878,Aditya Iyer,5,77,5.4,2.5,8,77
4879,Akash Pandey,7,97,8.1,3.6,8,49
4880,Akshay Verma,8,75,5,7.6,3,60
4881,Aman Kulkarni,4,96,8.1,6.4,9,40
4882,Amit Agrawal,10,90,5.3,6.8,3,94
4883,Ananya Suryawanshi,5,93,5.4,7.2,3,76
4884,Aniket Chaudhary,2,95,8.1,2.2,2,84
4885,Anjali Reddy,1,89,7.8,5.9,3,83
4886,Arjun Dubey,3,90,7.2,6.6,3,40
4887,Aryan Patil,7,66,8.3,2.6,9,67
4888,Ashish Deshmukh,6,89,8.4,1.3,2,88
4889,Ayush Mehta,4,61,6.8,2.2,7,72
4890,Bhavna Wagh,5,90,9,6.2,2,73
4891,Chetan Yadav,9,86,6.4,5.9,10,93
4892,Deepak Nair,6,91,5.7,7.2,7,81
4893,Deepika Saxena,1,86,8.4,3.2,6,82
4894,Dhruv Sharma,1,75,6.7,5.4,2,84
4895,Divya Jadhav,5,75,8.5,1.2,9,58
4896,Gaurav Mishra,5,84,5.2,7.5,5,94
4897,Isha Bhosale,9,79,5.4,4.9,3,87
4898,Karan Tiwari,6,73,5.2,6.2,8,41
4899,Kavya Pande,8,80,7.4,3,10,70
4900,Kiran Kapoor,6,82,8.3,1.6,2,53
4901,Kunal Pawar,4,69,6.6,1.4,3,69
4902,Manish Khan,7,86,5.4,6.7,7,85
4903,Meera Kale,7,72,6.5,2.1,2,78
4904,Mohit Gaikwad,8,70,6.4,6.8,8,84
4905,Neha Desai,2,77,7.6,2.9,7,64
4906,Nikhil Dhumal,7,64,7.6,4.8,6,44
4907,Nisha Malik,3,84,5.4,2.8,4,89
4908,Pallavi Ingale,8,90,6.7,1.4,6,44
4909,Pankaj Singh,8,99,7.6,4.8,2,49
4910,Pooja Shinde,7,71,6,3.6,8,80
4911,Prakash Naik,10,82,6.6,4,7,63
4912,Priya Kadam,6,80,7.5,5.2,6,66
4913,Rahul Lokhande,1,89,6.6,3.2,9,43
4914,Raj Roy,7,85,5.1,4.9,6,49
4915,Rakesh Borkar,8,93,5.9,5.6,5,79
4916,Riya Gupta,2,94,8.1,1.6,9,71
4917,Rohan Chavan,2,64,6,3.5,10,55
4918,Rohit Thakur,3,74,8.3,1.6,9,62
4919,Sachin Gawande,9,86,6.9,1,6,63
4920,Sakshi Salve,6,82,6.9,1.4,5,91
4921,Sameer Das,10,79,8.1,5.1,3,89
4922,Sana Mane,9,67,6.5,1.6,5,66
4923,Sanjay Joshi,6,83,6,7.1,9,50
4924,Sanya More,7,90,5.4,6.3,9,71
4925,Shivam Raut,4,61,7.7,1.1,3,40
4926,Shraddha Sawant,1,84,6.9,5,6,76
4927,Shreya Rathod,4,97,8.2,1.1,8,72
4928,Sneha Iyer,6,83,6.8,1.8,8,90
4929,Sonali Pandey,2,99,6.7,7.9,9,64
4930,Sonal Verma,3,74,6.2,4.2,2,71
4931,Sourabh Kulkarni,1,60,5.8,1.2,6,43
4932,Tanmay Agrawal,8,87,8.3,7,2,86
4933,Tanya Suryawanshi,9,68,5.4,7.4,8,56
4934,Varun Chaudhary,9,60,8.6,4.8,6,82
4935,Vikas Reddy,4,67,5.1,5.9,5,53
4936,Vijay Dubey,6,98,7.1,6.5,9,59
4937,Vishal Patil,10,92,5.2,6.1,9,54
4938,Yash Deshmukh,6,71,8.1,4.5,4,90
4939,Yogesh Mehta,3,84,5.8,6.8,9,84
4940,Zoya Wagh,4,73,7.3,4.7,10,79
4941,Aarav Yadav,8,67,8.7,2.8,2,57
4942,Aditi Nair,5,100,7.6,1,8,81
4943,Aditya Saxena,9,93,5.7,3.5,3,67
4944,Akash Sharma,9,74,8.2,1.6,9,80
4945,Akshay Jadhav,1,74,6.8,1.4,8,54
4946,Aman Mishra,8,93,5.1,4.3,9,70
4947,Amit Bhosale,4,78,6.9,7.6,7,93
4948,Ananya Tiwari,6,75,8.2,1.7,4,44
4949,Aniket Pande,3,75,6.7,2.9,8,83
4950,Anjali Kapoor,4,78,8,6.8,4,79
4951,Arjun Pawar,4,81,7.8,3.8,2,63
4952,Aryan Khan,1,61,6.8,6.3,3,90
4953,Ashish Kale,8,79,6.3,4.8,9,80
4954,Ayush Gaikwad,2,78,7.9,5.2,5,69
4955,Bhavna Desai,4,71,6.5,2.1,3,57
4956,Chetan Dhumal,2,74,5.7,3.5,2,78
4957,Deepak Malik,2,77,6.3,5.4,2,44
4958,Deepika Ingale,4,75,8.5,1.2,8,54
4959,Dhruv Singh,10,97,6.1,2.3,3,64
4960,Divya Shinde,10,81,5.9,3.7,9,52
4961,Gaurav Naik,4,80,5.5,5.7,7,71
4962,Isha Kadam,6,70,5.2,4.6,3,88
4963,Karan Lokhande,10,97,8.9,6,10,59
4964,Kavya Roy,3,60,7.1,6.1,6,62
4965,Kiran Borkar,10,82,7.9,1.2,5,62
4966,Kunal Gupta,2,66,8.1,7.3,8,80
4967,Manish Chavan,3,91,6.4,6.8,7,80
4968,Meera Thakur,4,75,8.2,2.9,8,53
4969,Mohit Gawande,1,72,8.8,4.4,7,90
4970,Neha Salve,9,62,8,3.2,10,76
4971,Nikhil Das,9,92,7.8,7.3,5,90
4972,Nisha Mane,4,76,6.7,3.7,3,89
4973,Pallavi Joshi,9,70,8.4,3.8,3,72
4974,Pankaj More,8,94,5.4,7.4,4,79
4975,Pooja Raut,9,60,8,5.2,8,75
4976,Prakash Sawant,9,79,6.4,2,9,74
4977,Priya Rathod,6,66,7.3,5.4,4,69
4978,Rahul Iyer,2,65,8.6,6.6,2,52
4979,Raj Pandey,10,60,7.4,3.4,8,60
4980,Rakesh Verma,7,67,5.1,4.7,9,79
4981,Riya Kulkarni,10,98,7.9,5.4,2,81
4982,Rohan Agrawal,10,78,8.7,4.6,3,66
4983,Rohit Suryawanshi,2,100,7.6,8,5,46
4984,Sachin Chaudhary,5,70,8.4,4.5,6,47
4985,Sakshi Reddy,2,91,8.3,5.5,2,90
4986,Sameer Dubey,1,63,8.4,6.6,7,47
4987,Sana Patil,10,64,6.4,2,6,55
4988,Sanjay Deshmukh,10,60,6.9,1.3,8,43
4989,Sanya Mehta,10,96,8.4,7.8,10,52
4990,Shivam Wagh,9,87,8.6,6.1,3,87
4991,Shraddha Yadav,7,90,5.6,3.8,6,55
4992,Shreya Nair,6,98,5.7,1.1,9,86
4993,Sneha Saxena,10,73,6.4,2.2,2,85
4994,Sonali Sharma,6,89,8.1,1.1,9,79
4995,Sonal Jadhav,7,80,8.5,3.8,5,55
4996,Sourabh Mishra,3,82,7.3,4.9,9,95
4997,Tanmay Bhosale,8,87,5.5,2.1,7,74
4998,Tanya Tiwari,9,79,6.2,5.5,10,83
4999,Varun Pande,7,60,8.4,7.7,3,59
5000,Vikas Kapoor,5,63,6.4,7.9,9,77
5001,Vijay Pawar,2,80,5.4,6.8,7,76
5002,Vishal Khan,1,83,6.2,4.1,8,73
5003,Yash Kale,7,90,8.2,4.8,8,73
5004,Yogesh Gaikwad,7,83,7,4.5,7,79
5005,Zoya Desai,8,67,5.7,2.1,6,95
5006,Aarav Dhumal,10,75,6.3,7,9,88
5007,Aditi Malik,5,78,8.8,5.7,6,57
5008,Aditya Ingale,9,100,6.7,5.5,10,89
5009,Akash Singh,8,81,6.8,2.5,8,59
5010,Akshay Shinde,3,86,5.6,2.1,7,53
5011,Aman Naik,9,90,6.2,7.1,7,51
5012,Amit Kadam,1,74,8.3,2.3,4,79
5013,Ananya Lokhande,6,99,8.1,1.5,8,65
5014,Aniket Roy,10,87,6.7,5.4,4,86
5015,Anjali Borkar,7,94,8.6,5.9,7,86
5016,Arjun Gupta,10,90,6.5,1.8,9,70
5017,Aryan Chavan,1,85,8.5,2.4,6,51
5018,Ashish Thakur,6,61,5.1,6.5,10,46
5019,Ayush Gawande,8,83,6.4,7.5,3,93
5020,Bhavna Salve,7,65,8.4,4.3,3,57
5021,Chetan Das,9,84,8.6,6.5,4,40
5022,Deepak Mane,5,88,8,3.2,10,62
5023,Deepika Joshi,7,82,7.7,5.9,6,85
5024,Dhruv More,5,72,8.3,4.9,4,45
5025,Divya Raut,9,62,7.8,6.9,10,78
5026,Gaurav Sawant,2,87,6,6.4,5,63
5027,Isha Rathod,3,88,6.9,3,4,90
5028,Karan Iyer,1,79,7.6,2,10,65
5029,Kavya Pandey,8,89,7.4,6.7,3,69
5030,Kiran Verma,3,91,8.5,1.2,10,65
5031,Kunal Kulkarni,4,81,6.9,5.8,2,78
5032,Manish Agrawal,9,61,5.7,4.3,7,43
5033,Meera Suryawanshi,4,95,5.9,1.5,7,42
5034,Mohit Chaudhary,2,79,8.4,5.8,10,72
5035,Neha Reddy,1,87,5,4.4,10,62
5036,Nikhil Dubey,3,97,8.5,7,9,49
5037,Nisha Patil,10,74,5.2,2.5,10,83
5038,Pallavi Deshmukh,6,85,6.6,1,9,81
5039,Pankaj Mehta,10,60,8.2,1.9,6,46
5040,Pooja Wagh,3,96,6.6,2.9,9,50
5041,Prakash Yadav,4,62,8.3,5.6,8,83
5042,Priya Nair,2,82,5.4,3.5,5,66
5043,Rahul Saxena,4,74,7,1.8,9,57
5044,Raj Sharma,6,61,7.3,7.9,2,69
5045,Rakesh Jadhav,9,78,8.6,1.8,2,59
5046,Riya Mishra,4,98,5.4,3.5,3,45
5047,Rohan Bhosale,8,66,6.4,7.1,6,76
5048,Rohit Tiwari,7,71,7.6,5.6,2,78
5049,Sachin Pande,3,67,8.9,3.2,4,44
5050,Sakshi Kapoor,10,65,8.4,7.8,4,53
5051,Sameer Pawar,5,69,8.4,4.5,4,74
5052,Sana Khan,2,83,7.1,1.1,2,82
5053,Sanjay Kale,10,92,7.3,1,4,91
5054,Sanya Gaikwad,10,88,8.4,7.6,4,73
5055,Shivam Desai,1,91,8.5,3,8,45
5056,Shraddha Dhumal,10,89,8.2,6.7,7,59
5057,Shreya Malik,10,75,8.3,1.3,4,54
5058,Sneha Ingale,9,96,8.5,2,3,95
5059,Sonali Singh,3,67,5.5,7,6,40
5060,Sonal Shinde,7,88,6.2,8,4,61
5061,Sourabh Naik,6,64,8.9,1.4,8,69
5062,Tanmay Kadam,7,91,7.2,2.2,4,56
5063,Tanya Lokhande,7,63,5.7,6.1,10,80
5064,Varun Roy,7,68,7,4.7,2,47
5065,Vikas Borkar,6,76,7.6,3.8,9,91
5066,Vijay Gupta,7,88,8.3,2.4,8,62
5067,Vishal Chavan,6,61,8.2,7.6,8,60
5068,Yash Thakur,1,70,5.2,2.2,10,91
5069,Yogesh Gawande,1,73,6.8,2.9,6,48
5070,Zoya Salve,10,89,5.1,3.3,8,66
5071,Aarav Das,10,99,8.6,2,6,41
5072,Aditi Mane,6,85,5.7,4.8,8,68
5073,Aditya Joshi,2,80,7.5,3.4,6,58
5074,Akash More,8,73,7.3,5.3,10,81
5075,Akshay Raut,2,93,7.5,3.6,4,68
5076,Aman Sawant,4,64,7.3,1.8,8,75
5077,Amit Rathod,4,65,7.9,7.1,3,90
5078,Ananya Iyer,1,68,7.5,4.6,2,93
5079,Aniket Pandey,9,70,5.4,3.3,8,52
5080,Anjali Verma,6,78,6.5,1.1,3,68
5081,Arjun Kulkarni,4,98,7.2,5.2,2,83
5082,Aryan Agrawal,6,86,6.3,6.5,7,47
5083,Ashish Suryawanshi,1,75,8,5.6,7,66
5084,Ayush Chaudhary,5,68,6.3,6.5,7,71
5085,Bhavna Reddy,6,86,8.3,2.1,6,88
5086,Chetan Dubey,4,70,5.6,7.8,9,44
5087,Deepak Patil,9,100,8.1,2.5,2,88
5088,Deepika Deshmukh,3,79,5.7,2.9,3,53
5089,Dhruv Mehta,2,82,7.1,4.6,5,88
5090,Divya Wagh,6,97,6.3,1,10,76
5091,Gaurav Yadav,9,72,7.5,4.1,8,62
5092,Isha Nair,4,79,5.9,2.4,6,47
5093,Karan Saxena,1,81,8.2,6.2,10,59
5094,Kavya Sharma,10,71,7.3,6.3,10,81
5095,Kiran Jadhav,5,62,8.8,5.3,2,51
5096,Kunal Mishra,2,71,7.8,4,6,77
5097,Manish Bhosale,7,64,7.4,3.2,10,52
5098,Meera Tiwari,4,87,8.3,6.8,3,44
5099,Mohit Pande,10,60,5.9,4.5,3,74
5100,Neha Kapoor,3,72,7.5,4.5,5,85
5101,Nikhil Pawar,6,96,6.6,1.8,10,93
5102,Nisha Khan,6,83,8,2.5,3,68
5103,Pallavi Kale,3,87,5.1,3.5,7,73
5104,Pankaj Gaikwad,5,87,6.7,5.9,4,78
5105,Pooja Desai,2,72,7.6,6.9,8,63
5106,Prakash Dhumal,7,85,6.8,8,10,42
5107,Priya Malik,8,69,6,4,2,53
5108,Rahul Ingale,10,86,6.9,4.2,5,61
5109,Raj Singh,4,88,8.4,6.4,7,76
5110,Rakesh Shinde,3,95,5.8,3.2,3,57
5111,Riya Naik,6,97,6.5,4.8,7,51
5112,Rohan Kadam,7,60,9,5.7,5,90
5113,Rohit Lokhande,10,72,8.7,2.7,2,45
5114,Sachin Roy,1,82,5.1,3,7,84
5115,Sakshi Borkar,3,73,7.1,3.5,2,45
5116,Sameer Gupta,3,85,5.3,5,3,57
5117,Sana Chavan,3,95,8.7,2.9,3,87
5118,Sanjay Thakur,5,70,6.8,2.5,2,87
5119,Sanya Gawande,9,96,6.7,2,5,61
5120,Shivam Salve,1,96,6.1,6.7,9,40
5121,Shraddha Das,9,97,7.3,7.2,4,92
5122,Shreya Mane,7,63,5.6,7.3,4,89
5123,Sneha Joshi,7,72,8.2,6.8,9,67
5124,Sonali More,7,65,7,2,10,41
5125,Sonal Raut,2,64,7.3,1.7,4,78
5126,Sourabh Sawant,8,62,8.4,4.5,2,83
5127,Tanmay Rathod,3,78,5.7,4.6,8,86
5128,Tanya Iyer,6,63,5.7,6.1,7,80
5129,Varun Pandey,7,72,6.7,2.6,10,88
5130,Vikas Verma,7,100,8.1,7.5,7,68
5131,Vijay Kulkarni,4,96,5.2,3.2,10,49
5132,Vishal Agrawal,4,98,8.2,5,3,78
5133,Yash Suryawanshi,5,61,7,7,3,52
5134,Yogesh Chaudhary,1,87,7.2,4.7,7,75
5135,Zoya Reddy,8,85,7.3,6.3,8,48
5136,Aarav Dubey,1,65,5.2,6.2,5,42
5137,Aditi Patil,5,97,6,6.5,5,64
5138,Aditya Deshmukh,7,76,8,6.7,5,73
5139,Akash Mehta,1,100,6.6,3.7,2,48
5140,Akshay Wagh,10,64,7.2,3.5,9,83
5141,Aman Yadav,4,86,8.8,6.6,10,76
5142,Amit Nair,1,65,5.2,5.1,10,84
5143,Ananya Saxena,7,98,6.8,5.3,6,60
5144,Aniket Sharma,6,84,6.4,3.9,3,76
5145,Anjali Jadhav,7,63,5.4,2.4,5,93
5146,Arjun Mishra,8,68,8.8,4.2,8,50
5147,Aryan Bhosale,5,74,8.8,7.8,3,85
5148,Ashish Tiwari,9,60,6.2,3,3,75
5149,Ayush Pande,4,60,8.8,2.9,10,80
5150,Bhavna Kapoor,6,97,5.1,1.9,2,75
5151,Chetan Pawar,2,100,8.9,4.4,7,78
5152,Deepak Khan,7,81,8.3,3,3,83
5153,Deepika Kale,3,97,5.9,5.8,2,42
5154,Dhruv Gaikwad,7,86,7.4,1.9,7,41
5155,Divya Desai,9,61,8.2,2.7,3,44
5156,Gaurav Dhumal,9,89,6.3,1.4,8,92
5157,Isha Malik,10,60,6.4,1.3,9,64
5158,Karan Ingale,2,93,7.5,6.7,6,95
5159,Kavya Singh,2,75,5.6,7.3,3,91
5160,Kiran Shinde,10,65,5.5,6.3,10,59
5161,Kunal Naik,4,70,6,7.1,5,45
5162,Manish Kadam,1,88,8,1.6,8,87
5163,Meera Lokhande,3,94,6.5,7.3,3,63
5164,Mohit Roy,9,83,7,4.3,3,56
5165,Neha Borkar,4,66,5.8,6.4,8,84
5166,Nikhil Gupta,1,96,5.8,5.3,3,66
5167,Nisha Chavan,8,92,7.6,3.4,6,57
5168,Pallavi Thakur,2,76,5.4,2.9,7,62
5169,Pankaj Gawande,4,82,7.7,1.8,3,92
5170,Pooja Salve,1,99,6.6,3.9,4,56
5171,Prakash Das,7,75,7.7,4.5,3,92
5172,Priya Mane,5,61,6.5,7.9,2,72
5173,Rahul Joshi,9,65,8.4,1.3,10,43
5174,Raj More,4,84,5.2,5.1,2,46
5175,Rakesh Raut,3,100,8.6,4.7,9,74
5176,Riya Sawant,2,90,6.1,1.2,5,47
5177,Rohan Rathod,3,85,5.2,3.3,4,48
5178,Rohit Iyer,5,73,7.2,4,6,65
5179,Sachin Pandey,1,78,5.9,4.5,10,64
5180,Sakshi Verma,5,61,6.8,2.6,7,92
5181,Sameer Kulkarni,9,75,8.2,1.2,2,90
5182,Sana Agrawal,8,85,8.2,3.1,8,92
5183,Sanjay Suryawanshi,7,97,7.4,6.9,8,44
5184,Sanya Chaudhary,9,97,8.9,6.7,10,85
5185,Shivam Reddy,8,93,6.9,2.3,3,92
5186,Shraddha Dubey,7,60,5.2,5.5,9,74
5187,Shreya Patil,9,93,8.3,7.5,5,95
5188,Sneha Deshmukh,2,68,5.9,2.2,5,84
5189,Sonali Mehta,9,85,5.7,1.9,7,77
5190,Sonal Wagh,3,98,5.3,1.2,6,62
5191,Sourabh Yadav,8,96,6.3,2.2,4,59
5192,Tanmay Nair,10,87,6.3,6.7,3,62
5193,Tanya Saxena,5,72,6.2,6.7,7,54
5194,Varun Sharma,1,81,7.4,4.8,10,72
5195,Vikas Jadhav,4,88,8,3.3,4,64
5196,Vijay Mishra,5,81,8.8,6.6,6,56
5197,Vishal Bhosale,10,76,5.4,2.4,4,50
5198,Yash Tiwari,10,76,5.6,2,4,68
5199,Yogesh Pande,6,84,7.4,1.6,9,41
5200,Zoya Kapoor,10,61,5.4,7,8,60
5201,Aarav Pawar,5,100,6.5,6,6,43
5202,Aditi Khan,5,64,7.5,5.4,6,58
5203,Aditya Kale,9,100,8.1,6.1,5,77
5204,Akash Gaikwad,7,61,5.9,2,10,75
5205,Akshay Desai,6,81,7.7,3.7,10,41
5206,Aman Dhumal,5,77,7.6,6.7,2,79
5207,Amit Malik,8,83,8.4,7.4,9,56
5208,Ananya Ingale,8,77,6.3,4.6,5,66
5209,Aniket Singh,5,96,8,1.9,7,77
5210,Anjali Shinde,1,60,8,7.8,10,42
5211,Arjun Naik,2,100,6,3.8,5,49
5212,Aryan Kadam,2,88,7.5,3.2,6,49
5213,Ashish Lokhande,5,91,7.7,1.8,7,58
5214,Ayush Roy,7,65,6.1,1.1,4,40
5215,Bhavna Borkar,9,62,6.8,5.2,4,41
5216,Chetan Gupta,3,76,6.7,5.3,7,68
5217,Deepak Chavan,8,73,8.1,2.6,3,46
5218,Deepika Thakur,7,92,5,2.1,7,64
5219,Dhruv Gawande,1,96,7,4.7,4,52
5220,Divya Salve,4,77,5.7,4,2,95
5221,Gaurav Das,4,91,7.6,3.1,2,47
5222,Isha Mane,9,62,7.7,2.5,4,66
5223,Karan Joshi,10,90,7,7,2,66
5224,Kavya More,9,64,7.2,7.9,4,81
5225,Kiran Raut,6,87,6.3,3.5,5,47
5226,Kunal Sawant,5,75,6.3,5.9,4,94
5227,Manish Rathod,4,77,8,7.1,6,57
5228,Meera Iyer,8,71,5.5,1.2,5,41
5229,Mohit Pandey,1,76,8.1,7.4,2,80
5230,Neha Verma,3,95,7.6,4.5,5,70
5231,Nikhil Kulkarni,2,93,8.5,4.9,2,76
5232,Nisha Agrawal,5,73,6,4.8,8,91
5233,Pallavi Suryawanshi,3,72,7,2.7,5,61
5234,Pankaj Chaudhary,2,80,5.2,6.5,7,90
5235,Pooja Reddy,4,88,8.7,6.1,3,92
5236,Prakash Dubey,9,67,7.7,1.7,5,70
5237,Priya Patil,6,89,7.5,4.9,9,84
5238,Rahul Deshmukh,9,98,7.9,7.7,3,41
5239,Raj Mehta,10,94,6.1,7.1,10,74
5240,Rakesh Wagh,10,82,7.4,5.4,5,44
5241,Riya Yadav,4,73,8.2,2.4,3,64
5242,Rohan Nair,9,73,5.4,3.4,3,81
5243,Rohit Saxena,10,90,8.8,2.1,6,43
5244,Sachin Sharma,10,78,8.6,6.8,10,62
5245,Sakshi Jadhav,4,64,8.9,6.5,6,63
5246,Sameer Mishra,3,87,8.2,7.4,3,53
5247,Sana Bhosale,6,65,6.2,1.4,5,70
5248,Sanjay Tiwari,10,100,7.3,7.8,9,85
5249,Sanya Pande,10,77,5.5,7.8,10,95
5250,Shivam Kapoor,6,74,8,5.7,7,90
5251,Shraddha Pawar,2,62,5.6,7.2,9,93
5252,Shreya Khan,5,66,8.5,4.1,9,51
5253,Sneha Kale,8,98,6,3.2,5,46
5254,Sonali Gaikwad,6,82,5.6,2.1,9,50
5255,Sonal Desai,4,96,5.3,1.2,2,94
5256,Sourabh Dhumal,4,99,7.8,1.3,9,52
5257,Tanmay Malik,1,62,5.7,5.8,7,82
5258,Tanya Ingale,3,75,5.8,3.4,7,62
5259,Varun Singh,7,94,5.7,1.4,10,78
5260,Vikas Shinde,3,80,6.2,1.8,4,82
5261,Vijay Naik,10,80,8.8,5.7,3,90
5262,Vishal Kadam,1,83,6.9,7.6,7,44
5263,Yash Lokhande,6,88,6,3.9,8,58
5264,Yogesh Roy,5,98,5.7,6.4,2,46
5265,Zoya Borkar,9,96,5.1,7.8,6,62
5266,Aarav Gupta,9,85,6.5,6,5,60
5267,Aditi Chavan,6,83,5.4,6.1,9,88
5268,Aditya Thakur,7,74,5.1,5.3,9,79
5269,Akash Gawande,7,64,5.4,7.8,3,45
5270,Akshay Salve,6,89,6.3,3.1,7,64
5271,Aman Das,2,60,8,6.5,8,79
5272,Amit Mane,5,88,5.3,3.9,4,81
5273,Ananya Joshi,3,80,7.7,2.1,10,85
5274,Aniket More,5,92,7.5,6.2,10,52
5275,Anjali Raut,7,98,8.5,6.8,3,89
5276,Arjun Sawant,3,82,5.7,7,2,90
5277,Aryan Rathod,3,83,8.2,7.5,7,52
5278,Ashish Iyer,9,79,8.5,6.2,9,76
5279,Ayush Pandey,4,75,8.9,4.7,8,78
5280,Bhavna Verma,2,63,8.2,7.6,8,89
5281,Chetan Kulkarni,8,61,5.5,2.5,8,44
5282,Deepak Agrawal,8,89,8.8,1.5,3,53
5283,Deepika Suryawanshi,9,97,8.3,4,2,88
5284,Dhruv Chaudhary,8,62,5.8,5.1,2,42
5285,Divya Reddy,10,73,5.7,5.8,10,66
5286,Gaurav Dubey,6,84,8.7,6.7,10,56
5287,Isha Patil,3,88,5.6,1.2,9,74
5288,Karan Deshmukh,9,90,8.1,6.6,2,66
5289,Kavya Mehta,3,88,6.6,5.2,9,87
5290,Kiran Wagh,3,63,7.9,7.7,10,44
5291,Kunal Yadav,9,70,5.4,3.4,9,68
5292,Manish Nair,9,79,7.9,5.3,5,69
5293,Meera Saxena,4,62,7,6.4,2,68
5294,Mohit Sharma,8,74,8.6,4.6,5,44
5295,Neha Jadhav,10,75,5.8,2.1,3,66
5296,Nikhil Mishra,8,100,5.4,1.3,7,89
5297,Nisha Bhosale,1,73,5.8,1.8,9,73
5298,Pallavi Tiwari,7,99,5.3,4.5,6,46
5299,Pankaj Pande,2,88,8.9,5.5,2,80
5300,Pooja Kapoor,9,88,5.5,5,5,92
5301,Prakash Pawar,1,93,5.8,6,9,85
5302,Priya Khan,10,94,8.2,1.3,7,45
5303,Rahul Kale,2,69,6,2,2,41
5304,Raj Gaikwad,5,77,5.9,6.3,5,49
5305,Rakesh Desai,3,81,7.7,6.5,5,59
5306,Riya Dhumal,9,100,6.6,5.9,2,91
5307,Rohan Malik,4,61,8.3,6.2,5,64
5308,Rohit Ingale,8,79,7.6,7.7,9,94
5309,Sachin Singh,1,68,6.2,7.6,3,45
5310,Sakshi Shinde,5,68,7.4,5.5,6,82
5311,Sameer Naik,10,91,8.5,3.2,7,82
5312,Sana Kadam,10,68,6.5,1.1,8,93
5313,Sanjay Lokhande,3,92,7.9,5.4,4,69
5314,Sanya Roy,4,100,6.7,4,7,73
5315,Shivam Borkar,5,91,7.2,2,8,40
5316,Shraddha Gupta,6,66,7.9,2.5,7,89
5317,Shreya Chavan,6,65,5.2,7.6,9,75
5318,Sneha Thakur,2,77,6.8,1.5,3,79
5319,Sonali Gawande,8,82,5.4,6.5,2,58
5320,Sonal Salve,3,91,7.9,7.3,10,44
5321,Sourabh Das,4,77,7.4,5.8,8,80
5322,Tanmay Mane,9,66,6.3,1.4,6,81
5323,Tanya Joshi,7,100,5.3,6.9,7,50
5324,Varun More,4,97,8.7,5.6,10,86
5325,Vikas Raut,10,86,6.3,2.9,9,40
5326,Vijay Sawant,4,88,6.1,5.4,9,76
5327,Vishal Rathod,6,98,5.4,2,7,44
5328,Yash Iyer,3,79,7.3,6,8,82
5329,Yogesh Pandey,2,65,6.1,7.3,7,64
5330,Zoya Verma,5,84,8.4,4.7,6,58
5331,Aarav Kulkarni,6,78,7.7,7.7,8,81
5332,Aditi Agrawal,9,92,5,4.1,2,84
5333,Aditya Suryawanshi,4,91,7.3,7,9,73
5334,Akash Chaudhary,9,79,5.9,6.4,4,81
5335,Akshay Reddy,7,75,5.1,1.6,6,40
5336,Aman Dubey,1,77,7.5,7.4,7,86
5337,Amit Patil,8,85,5.8,7.4,4,73
5338,Ananya Deshmukh,6,86,8.6,3.5,4,48
5339,Aniket Mehta,4,80,7.3,6.6,3,67
5340,Anjali Wagh,5,81,5.8,2.6,2,75
5341,Arjun Yadav,4,100,8.9,1.2,9,84
5342,Aryan Nair,7,70,7.2,2.5,6,69
5343,Ashish Saxena,6,67,5.7,4.4,8,54
5344,Ayush Sharma,5,92,7.1,1.4,3,54
5345,Bhavna Jadhav,3,98,8.8,2.1,9,80
5346,Chetan Mishra,4,84,6.7,7.7,4,88
5347,Deepak Bhosale,5,76,6.7,4.5,6,75
5348,Deepika Tiwari,5,74,6.8,6.8,6,84
5349,Dhruv Pande,4,79,6.1,2.4,8,74
5350,Divya Kapoor,6,62,5.6,1.6,3,67
5351,Gaurav Pawar,3,81,7.3,6.5,10,62
5352,Isha Khan,6,71,8.6,3.4,3,67
5353,Karan Kale,2,70,7.9,4.2,7,40
5354,Kavya Gaikwad,5,82,5.4,7.9,3,72
5355,Kiran Desai,8,99,6.6,3.2,10,50
5356,Kunal Dhumal,9,68,5,4.3,7,90
5357,Manish Malik,7,97,6.2,5.4,10,87
5358,Meera Ingale,8,81,7.7,1.6,10,67
5359,Mohit Singh,1,99,6.2,6,4,74
5360,Neha Shinde,4,75,8.4,4.2,4,42
5361,Nikhil Naik,7,100,6.9,2.2,3,72
5362,Nisha Kadam,9,87,7.7,4,8,87
5363,Pallavi Lokhande,6,87,8.5,4.2,2,69
5364,Pankaj Roy,9,83,7.7,5.5,3,88
5365,Pooja Borkar,3,78,8.6,7.6,10,44
5366,Prakash Gupta,2,81,8.2,6.4,7,94
5367,Priya Chavan,1,94,7.3,3.7,6,59
5368,Rahul Thakur,6,92,6.2,7.8,3,41
5369,Raj Gawande,7,60,6.2,6.5,9,74
5370,Rakesh Salve,3,88,8.5,1.2,9,74
5371,Riya Das,8,94,5.2,1.8,2,47
5372,Rohan Mane,8,90,8.8,2.5,8,59
5373,Rohit Joshi,4,80,6.3,1.6,4,91
5374,Sachin More,3,73,8,4.4,8,50
5375,Sakshi Raut,8,87,6.3,3.4,4,44
5376,Sameer Sawant,7,87,8.8,7.8,2,86
5377,Sana Rathod,2,75,5.1,4.3,8,78
5378,Sanjay Iyer,3,76,6.4,2.5,9,67
5379,Sanya Pandey,5,75,8.5,7.8,8,56
5380,Shivam Verma,6,61,6.1,4.6,3,88
5381,Shraddha Kulkarni,2,61,6.1,1.5,6,88
5382,Shreya Agrawal,10,63,8.6,1.6,6,40
5383,Sneha Suryawanshi,4,77,8.3,5.7,9,86
5384,Sonali Chaudhary,4,80,5.4,4.5,8,66
5385,Sonal Reddy,1,76,7.3,5.4,9,58
5386,Sourabh Dubey,9,99,5.9,6.9,7,59
5387,Tanmay Patil,3,69,5.9,5.8,10,65
5388,Tanya Deshmukh,10,76,7.5,7,9,72
5389,Varun Mehta,5,70,5.5,6.2,3,93
5390,Vikas Wagh,9,72,6.9,5.7,8,41
5391,Vijay Yadav,2,83,6,1.9,2,74
5392,Vishal Nair,2,72,8.4,4.4,8,43
5393,Yash Saxena,9,73,7.2,4,3,40
5394,Yogesh Sharma,9,87,5.9,4.8,4,56
5395,Zoya Jadhav,6,94,8.7,3.7,7,83
5396,Aarav Mishra,1,68,8.3,5.3,5,59
5397,Aditi Bhosale,10,64,6.1,3.7,7,60
5398,Aditya Tiwari,4,69,8.8,4.9,6,90
5399,Akash Pande,10,83,6.1,3.8,7,55
5400,Akshay Kapoor,9,99,6.2,7.3,7,82
5401,Aman Pawar,9,66,6.5,3.6,3,86
5402,Amit Khan,7,61,5.7,6.1,8,76
5403,Ananya Kale,7,81,7.7,5.3,10,94
5404,Aniket Gaikwad,6,100,7.2,3.7,7,95
5405,Anjali Desai,1,82,8.6,6.7,7,43
5406,Arjun Dhumal,4,97,6,7.5,8,49
5407,Aryan Malik,8,86,5.7,6.3,2,61
5408,Ashish Ingale,9,61,6.4,7.6,3,77
5409,Ayush Singh,6,77,5.6,4.1,7,55
5410,Bhavna Shinde,8,91,8.8,7.4,5,75
5411,Chetan Naik,1,80,7.9,7.1,8,90
5412,Deepak Kadam,5,67,8.2,6.3,10,40
5413,Deepika Lokhande,6,67,8,6.8,9,88
5414,Dhruv Roy,9,87,6,6.1,3,67
5415,Divya Borkar,4,78,5.6,4.6,4,90
5416,Gaurav Gupta,3,83,6.7,4.9,3,78
5417,Isha Chavan,4,75,8.3,3.9,2,42
5418,Karan Thakur,2,73,6.3,5.7,8,90
5419,Kavya Gawande,6,87,5,3.3,8,42
5420,Kiran Salve,7,60,7.6,6.2,3,54
5421,Kunal Das,9,77,5.8,4.5,8,70
5422,Manish Mane,10,75,7.2,3.5,6,90
5423,Meera Joshi,1,91,5.1,2,9,49
5424,Mohit More,3,89,7,2.8,8,70
5425,Neha Raut,4,77,6.6,5.5,4,46
5426,Nikhil Sawant,3,70,8.5,3.6,6,59
5427,Nisha Rathod,9,69,7.9,1.2,4,54
5428,Pallavi Iyer,2,68,5.1,3.3,10,63
5429,Pankaj Pandey,1,71,8.2,3.6,6,79
5430,Pooja Verma,9,91,8.2,2.6,9,80
5431,Prakash Kulkarni,10,61,7.7,3,6,77
5432,Priya Agrawal,3,61,8.7,5.9,6,41
5433,Rahul Suryawanshi,4,82,8.2,6.2,3,83
5434,Raj Chaudhary,6,69,5.9,7.7,10,76
5435,Rakesh Reddy,6,94,6.5,1.8,8,43
5436,Riya Dubey,10,90,6.4,3.2,4,93
5437,Rohan Patil,5,91,7,1.5,9,82
5438,Rohit Deshmukh,1,78,8.8,5.3,4,78
5439,Sachin Mehta,5,77,7.5,1.1,2,67
5440,Sakshi Wagh,6,77,6.3,2.4,8,84
5441,Sameer Yadav,6,68,8.8,5.1,8,57
5442,Sana Nair,6,83,7.8,3.5,7,80
5443,Sanjay Saxena,10,95,6.1,4.8,8,74
5444,Sanya Sharma,9,70,8.6,5.5,4,74
5445,Shivam Jadhav,3,62,6.4,6.9,4,84
5446,Shraddha Mishra,4,83,7.1,3.8,5,49
5447,Shreya Bhosale,7,76,6.9,3,3,45
5448,Sneha Tiwari,5,92,8.7,4.8,4,71
5449,Sonali Pande,5,95,6.1,1.5,2,85
5450,Sonal Kapoor,2,98,6.3,1.3,4,54
5451,Sourabh Pawar,3,76,7.6,4.2,6,71
5452,Tanmay Khan,8,96,8.5,2.5,5,93
5453,Tanya Kale,9,64,5.5,1.1,5,74
5454,Varun Gaikwad,8,75,5.8,5.8,10,44
5455,Vikas Desai,4,70,8.8,6.7,2,89
5456,Vijay Dhumal,2,97,8.1,2,9,94
5457,Vishal Malik,2,84,6.4,4.9,2,79
5458,Yash Ingale,4,75,6.4,7.9,6,74
5459,Yogesh Singh,6,66,6.9,2.9,3,72
5460,Zoya Shinde,9,92,7.7,6.1,6,74
5461,Aarav Naik,9,86,7.2,2.1,10,58
5462,Aditi Kadam,1,94,8.1,7.5,2,76
5463,Aditya Lokhande,8,77,5.2,1,6,68
5464,Akash Roy,3,66,8.3,3.1,6,84
5465,Akshay Borkar,2,73,5.2,7.8,6,86
5466,Aman Gupta,6,85,8.5,5.7,7,79
5467,Amit Chavan,1,69,5.2,2.5,4,95
5468,Ananya Thakur,4,62,5.5,6.5,9,65
5469,Aniket Gawande,6,93,5.7,7.3,4,82
5470,Anjali Salve,3,81,5.9,4.4,5,59
5471,Arjun Das,6,76,6.6,2.1,6,84
5472,Aryan Mane,5,82,7.6,2.8,10,54
5473,Ashish Joshi,8,90,8.6,7.6,6,79
5474,Ayush More,2,60,7.1,2.1,9,40
5475,Bhavna Raut,1,78,7.1,3.2,3,82
5476,Chetan Sawant,6,70,6.3,2,2,56
5477,Deepak Rathod,3,63,8.2,1.7,6,53
5478,Deepika Iyer,8,61,5.4,4.7,10,58
5479,Dhruv Pandey,1,78,6.2,3.8,4,63
5480,Divya Verma,6,82,5.4,1.3,4,47
5481,Gaurav Kulkarni,10,80,5.9,2,3,71
5482,Isha Agrawal,1,92,7.3,1.3,10,46
5483,Karan Suryawanshi,4,78,5.5,1.2,2,70
5484,Kavya Chaudhary,9,84,5.4,2.2,7,60
5485,Kiran Reddy,6,93,8.3,6.2,5,73
5486,Kunal Dubey,2,86,5.5,1.1,5,48
5487,Manish Patil,3,97,7.4,3.1,8,94
5488,Meera Deshmukh,8,69,6.4,5,5,40
5489,Mohit Mehta,9,92,8.6,6.2,2,87
5490,Neha Wagh,4,88,7.8,5.7,7,59
5491,Nikhil Yadav,5,83,5.2,7.9,2,86
5492,Nisha Nair,8,60,8.6,2.9,9,73
5493,Pallavi Saxena,2,82,6.7,1,10,86
5494,Pankaj Sharma,3,95,6.2,1.3,9,71
5495,Pooja Jadhav,8,86,7.7,1.7,5,84
5496,Prakash Mishra,2,60,7.9,7.8,5,76
5497,Priya Bhosale,8,71,6.2,5,7,78
5498,Rahul Tiwari,5,83,6.4,6.6,9,72
5499,Raj Pande,10,93,5.6,7.9,8,54
5500,Rakesh Kapoor,1,78,7.4,6.9,6,87
5501,Riya Pawar,10,95,8.8,3.9,9,87
5502,Rohan Khan,3,92,6.7,7.1,5,80
5503,Rohit Kale,1,70,9,4,8,55
5504,Sachin Gaikwad,8,67,5.7,1.8,4,62
5505,Sakshi Desai,6,97,8.2,4.8,6,80
5506,Sameer Dhumal,9,84,8.7,7.4,9,50
5507,Sana Malik,2,94,7.8,6.5,4,46
5508,Sanjay Ingale,1,97,5.4,3.8,7,62
5509,Sanya Singh,6,77,6.3,7,4,70
5510,Shivam Shinde,9,61,5.3,4.2,5,90
5511,Shraddha Naik,5,97,7.4,5.8,4,57
5512,Shreya Kadam,8,83,9,3.3,7,52
5513,Sneha Lokhande,10,64,6.5,2.4,8,79
5514,Sonali Roy,9,81,5.7,3.2,9,89
5515,Sonal Borkar,6,61,6.1,7.1,5,87
5516,Sourabh Gupta,7,71,7.3,7.9,3,75
5517,Tanmay Chavan,6,74,7.3,2.8,10,40
5518,Tanya Thakur,7,78,5.9,2.2,5,76
5519,Varun Gawande,6,83,8,1.5,7,46
5520,Vikas Salve,6,94,5.4,6.3,5,84
5521,Vijay Das,5,74,7.5,4.7,9,91
5522,Vishal Mane,7,90,6.7,4.9,2,74
5523,Yash Joshi,8,98,5.5,1.3,2,53
5524,Yogesh More,10,90,7.5,1.6,5,56
5525,Zoya Raut,7,70,7.7,7.4,5,80
5526,Aarav Sawant,2,87,6.8,5,8,82
5527,Aditi Rathod,6,71,8.2,2.5,6,85
5528,Aditya Iyer,4,79,7,2.5,4,45
5529,Akash Pandey,1,86,6.1,2.7,2,81
5530,Akshay Verma,1,72,8.8,1.4,9,93
5531,Aman Kulkarni,6,60,8.8,1.3,6,41
5532,Amit Agrawal,10,94,5.4,6,10,64
5533,Ananya Suryawanshi,6,89,8.8,2.8,4,81
5534,Aniket Chaudhary,5,65,8.1,3.7,4,69
5535,Anjali Reddy,1,75,5.4,4.8,4,93
5536,Arjun Dubey,7,70,7.1,3.2,5,77
5537,Aryan Patil,1,100,5.1,4.4,3,60
5538,Ashish Deshmukh,9,98,7.4,7.1,3,74
5539,Ayush Mehta,9,88,8.7,2.7,9,79
5540,Bhavna Wagh,10,78,6.5,6.5,8,83
5541,Chetan Yadav,3,62,7,2.8,6,55
5542,Deepak Nair,2,70,5.9,2.3,6,91
5543,Deepika Saxena,3,63,7.2,1.5,6,95
5544,Dhruv Sharma,8,92,8.2,5.8,7,52
5545,Divya Jadhav,3,63,5.9,3.9,4,51
5546,Gaurav Mishra,9,87,7.2,6.4,9,61
5547,Isha Bhosale,2,99,6.4,1.9,2,57
5548,Karan Tiwari,1,72,8,5.2,8,50
5549,Kavya Pande,3,88,7.8,1.1,9,49
5550,Kiran Kapoor,8,96,7.8,2.6,6,79
5551,Kunal Pawar,7,77,6.5,5.3,4,93
5552,Manish Khan,4,78,7.4,1.4,9,45
5553,Meera Kale,7,68,7.6,3.6,9,71
5554,Mohit Gaikwad,7,77,7.7,4.9,10,55
5555,Neha Desai,6,95,7.3,6.1,2,53
5556,Nikhil Dhumal,6,87,8.5,5.9,7,72
5557,Nisha Malik,2,68,6,2,2,47
5558,Pallavi Ingale,3,81,5.2,1.5,2,44
5559,Pankaj Singh,6,88,8.9,3.6,2,88
5560,Pooja Shinde,2,63,5.2,2.7,8,64
5561,Prakash Naik,5,91,8.6,3.1,8,43
5562,Priya Kadam,2,68,7.4,3.4,10,89
5563,Rahul Lokhande,8,72,8.7,3.8,7,76
5564,Raj Roy,2,77,7.3,4.6,7,81
5565,Rakesh Borkar,1,80,8.3,1.1,3,74
5566,Riya Gupta,7,97,7.9,3.1,8,66
5567,Rohan Chavan,3,69,7.1,2.9,10,83
5568,Rohit Thakur,4,70,6.5,2.7,5,59
5569,Sachin Gawande,4,75,5,6.5,8,78
5570,Sakshi Salve,3,95,6,2.8,6,89
5571,Sameer Das,8,99,8.8,2.1,6,86
5572,Sana Mane,7,78,6.1,7,9,71
5573,Sanjay Joshi,3,88,8,3.7,4,42
5574,Sanya More,7,97,7,2.3,9,40
5575,Shivam Raut,8,94,6.2,6.3,10,64
5576,Shraddha Sawant,6,87,9,5.6,3,77
5577,Shreya Rathod,6,82,5.2,7.6,6,44
5578,Sneha Iyer,10,100,7.3,7.1,2,63
5579,Sonali Pandey,5,69,6.8,5.9,5,62
5580,Sonal Verma,4,74,5.3,2.1,5,65
5581,Sourabh Kulkarni,6,89,5.9,4.4,7,71
5582,Tanmay Agrawal,9,60,7.8,1.8,5,55
5583,Tanya Suryawanshi,8,80,5.4,4.8,5,73
5584,Varun Chaudhary,1,95,8.2,7.4,8,65
5585,Vikas Reddy,5,67,7.5,1,8,91
5586,Vijay Dubey,8,92,5.4,7.1,2,58
5587,Vishal Patil,3,76,6.1,4.8,5,91
5588,Yash Deshmukh,10,95,5.5,2.1,8,93
5589,Yogesh Mehta,9,86,8.2,7,2,57
5590,Zoya Wagh,9,66,7.1,4.8,6,62
5591,Aarav Yadav,1,90,5,4.1,6,79
5592,Aditi Nair,6,62,7.2,4.5,8,65
5593,Aditya Saxena,6,69,6.9,2,8,79
5594,Akash Sharma,7,96,7.6,1.8,6,54
5595,Akshay Jadhav,9,95,5.1,5.6,5,93
5596,Aman Mishra,4,61,5.1,7.2,9,79
5597,Amit Bhosale,6,75,6.4,5.9,5,44
5598,Ananya Tiwari,7,63,7.8,6.9,5,53
5599,Aniket Pande,8,71,7.7,6.9,5,74
5600,Anjali Kapoor,8,99,6.1,1.2,5,56
5601,Arjun Pawar,4,67,5.9,6.4,7,62
5602,Aryan Khan,10,86,7.7,6.4,7,76
5603,Ashish Kale,1,92,5.1,3.4,10,59
5604,Ayush Gaikwad,5,96,7.2,3.9,6,90
5605,Bhavna Desai,7,74,6.7,6.2,8,74
5606,Chetan Dhumal,1,88,6,7.9,4,63
5607,Deepak Malik,5,79,7.1,7.9,10,55
5608,Deepika Ingale,6,64,5.9,4.3,10,56
5609,Dhruv Singh,7,69,7.3,6.5,7,42
5610,Divya Shinde,2,90,5.6,4.3,8,44
5611,Gaurav Naik,3,88,6.6,7.1,7,83
5612,Isha Kadam,3,81,7,5.5,3,83
5613,Karan Lokhande,7,92,5.1,7.6,10,44
5614,Kavya Roy,4,88,7.4,8,8,70
5615,Kiran Borkar,6,73,8,3.3,5,58
5616,Kunal Gupta,8,72,8.8,7.9,4,79
5617,Manish Chavan,8,98,5.8,5.8,8,73
5618,Meera Thakur,2,99,5.8,2.7,5,84
5619,Mohit Gawande,10,61,6.2,1,9,74
5620,Neha Salve,2,92,8.6,5.8,3,51
5621,Nikhil Das,1,65,6.6,2.6,6,77
5622,Nisha Mane,1,95,6.2,2.6,3,86
5623,Pallavi Joshi,3,84,8,4.9,8,95
5624,Pankaj More,9,88,5.2,1.2,5,79
5625,Pooja Raut,3,88,7.2,3.9,3,62
5626,Prakash Sawant,7,84,6.8,6.6,6,68
5627,Priya Rathod,5,70,7.5,1.2,7,47
5628,Rahul Iyer,1,93,7.9,5.4,4,75
5629,Raj Pandey,5,82,6.3,2.1,10,47
5630,Rakesh Verma,1,82,7.5,7,2,54
5631,Riya Kulkarni,5,73,7.1,3.7,4,68
5632,Rohan Agrawal,6,60,5.5,6.7,4,66
5633,Rohit Suryawanshi,6,82,8.5,6.1,10,61
5634,Sachin Chaudhary,3,74,8,7.1,4,76
5635,Sakshi Reddy,8,87,8.7,4.6,3,91
5636,Sameer Dubey,6,74,7.9,4.4,7,91
5637,Sana Patil,3,99,6,1.3,4,68
5638,Sanjay Deshmukh,5,87,6.7,4.7,4,70
5639,Sanya Mehta,2,78,6.5,4.7,4,65
5640,Shivam Wagh,10,89,5.1,5.2,6,90
5641,Shraddha Yadav,8,86,6.6,1.9,8,88
5642,Shreya Nair,3,85,6.4,4.8,6,43
5643,Sneha Saxena,7,83,5,4.2,10,84
5644,Sonali Sharma,7,98,8.4,5.2,4,41
5645,Sonal Jadhav,7,73,5.6,5.6,9,79
5646,Sourabh Mishra,1,77,7,3.5,8,58
5647,Tanmay Bhosale,9,70,8.1,4.5,2,69
5648,Tanya Tiwari,10,83,7.4,3.8,8,83
5649,Varun Pande,10,100,5.7,6.4,10,53
5650,Vikas Kapoor,10,84,7.5,6.6,8,47
5651,Vijay Pawar,10,68,8,3.1,4,71
5652,Vishal Khan,8,97,8.4,2.8,5,86
5653,Yash Kale,1,92,6.3,5.7,9,46
5654,Yogesh Gaikwad,5,78,5.1,6.4,4,61
5655,Zoya Desai,3,66,7.4,1.1,6,70
5656,Aarav Dhumal,3,76,5.9,4,7,52
5657,Aditi Malik,9,92,8.1,3.2,9,87
5658,Aditya Ingale,9,83,7.7,6.4,10,73
5659,Akash Singh,6,67,8.1,2,8,68
5660,Akshay Shinde,8,66,8.9,6.4,5,47
5661,Aman Naik,2,99,7.3,5.6,5,43
5662,Amit Kadam,3,78,8.6,6.9,7,49
5663,Ananya Lokhande,9,88,7.6,7.9,2,41
5664,Aniket Roy,5,74,5.7,4.3,5,69
5665,Anjali Borkar,6,63,8.2,5.9,5,88
5666,Arjun Gupta,5,76,7.8,6,10,82
5667,Aryan Chavan,3,88,8.9,6.9,9,52
5668,Ashish Thakur,9,73,6,4.6,4,50
5669,Ayush Gawande,8,84,6.3,1.8,7,69
5670,Bhavna Salve,7,77,8.3,7.9,6,83
5671,Chetan Das,4,73,5.3,1.4,9,83
5672,Deepak Mane,7,70,7.5,7.7,6,69
5673,Deepika Joshi,10,70,7.1,2.8,7,54
5674,Dhruv More,7,70,5.7,4.4,8,67
5675,Divya Raut,5,89,5.7,7.7,9,81
5676,Gaurav Sawant,3,73,8.2,5.7,8,89
5677,Isha Rathod,6,90,5.1,5.1,4,44
5678,Karan Iyer,4,72,8,3.3,8,83
5679,Kavya Pandey,7,73,7.9,3,4,81
5680,Kiran Verma,1,97,7.6,1.2,8,51
5681,Kunal Kulkarni,2,95,6.6,5.1,10,43
5682,Manish Agrawal,8,76,5.1,4,6,57
5683,Meera Suryawanshi,4,71,8.2,2.6,10,55
5684,Mohit Chaudhary,5,89,5.5,3.7,3,46
5685,Neha Reddy,6,62,6.1,7.6,5,54
5686,Nikhil Dubey,5,78,8.8,6.9,9,50
5687,Nisha Patil,8,84,6.2,4,8,89
5688,Pallavi Deshmukh,3,87,6,7.9,4,44
5689,Pankaj Mehta,8,64,8.9,4.2,6,69
5690,Pooja Wagh,3,60,5.3,3.4,2,58
5691,Prakash Yadav,4,71,5.6,3.7,9,87
5692,Priya Nair,6,64,6.8,7.1,3,66
5693,Rahul Saxena,9,80,8.2,2.9,7,72
5694,Raj Sharma,3,97,8.5,2.6,6,62
5695,Rakesh Jadhav,6,71,8,7.7,7,85
5696,Riya Mishra,1,78,8.9,6.1,5,77
5697,Rohan Bhosale,1,68,5.1,6.3,2,70
5698,Rohit Tiwari,8,61,7.5,6.2,7,62
5699,Sachin Pande,8,88,5.5,5.8,10,65
5700,Sakshi Kapoor,4,70,8.6,1.6,7,54
5701,Sameer Pawar,7,82,8.7,6.3,2,76
5702,Sana Khan,4,88,6.2,2.7,2,56
5703,Sanjay Kale,3,94,8.3,1.9,4,56
5704,Sanya Gaikwad,5,67,7.5,7.9,4,66
5705,Shivam Desai,4,83,5.4,1.2,3,91
5706,Shraddha Dhumal,9,97,7.4,1.2,10,64
5707,Shreya Malik,5,79,8.9,3.2,8,90
5708,Sneha Ingale,4,61,6.2,6.9,8,69
5709,Sonali Singh,6,70,5,7.8,10,44
5710,Sonal Shinde,8,92,8.9,1.8,9,72
5711,Sourabh Naik,3,92,6.7,3.8,3,91
5712,Tanmay Kadam,10,72,6.7,6.1,2,89
5713,Tanya Lokhande,5,68,7.9,5.5,8,50
5714,Varun Roy,7,71,7.4,2.6,10,55
5715,Vikas Borkar,10,69,6.2,3.3,8,78
5716,Vijay Gupta,5,90,5.4,5.2,9,64
5717,Vishal Chavan,2,94,8.3,1.2,7,86
5718,Yash Thakur,8,61,6.9,6.3,6,69
5719,Yogesh Gawande,1,90,7.7,2.9,3,53
5720,Zoya Salve,5,90,8.4,6.8,8,58
5721,Aarav Das,10,85,5.1,5.8,4,46
5722,Aditi Mane,5,95,8.4,5.5,4,56
5723,Aditya Joshi,7,61,8,6.4,9,82
5724,Akash More,6,88,8.8,1.5,7,52
5725,Akshay Raut,3,65,5.9,2.8,6,64
5726,Aman Sawant,4,96,6.3,4.7,9,50
5727,Amit Rathod,6,80,7.6,6.4,8,67
5728,Ananya Iyer,2,63,8.7,6.9,6,94
5729,Aniket Pandey,5,90,9,3.7,10,82
5730,Anjali Verma,5,90,6.7,6.6,2,82
5731,Arjun Kulkarni,9,79,7.2,2.5,6,54
5732,Aryan Agrawal,2,72,5.7,1.6,5,57
5733,Ashish Suryawanshi,9,60,7.8,2.7,3,45
5734,Ayush Chaudhary,5,97,8.3,7.3,8,91
5735,Bhavna Reddy,7,67,8.2,4.8,2,93
5736,Chetan Dubey,6,94,6.4,4.4,8,58
5737,Deepak Patil,3,84,8.9,6.2,8,79
5738,Deepika Deshmukh,10,88,5.5,1.1,6,51
5739,Dhruv Mehta,3,88,7,1.8,4,76
5740,Divya Wagh,1,95,7.2,1.7,10,45
5741,Gaurav Yadav,8,61,7.1,1.9,8,58
5742,Isha Nair,7,100,8,4.2,3,62
5743,Karan Saxena,9,61,7.4,3,8,95
5744,Kavya Sharma,5,100,5.3,6.5,3,66
5745,Kiran Jadhav,1,70,5.7,6.9,7,52
5746,Kunal Mishra,1,94,7.1,7.5,4,42
5747,Manish Bhosale,5,63,7.8,2.4,7,49
5748,Meera Tiwari,3,78,7.1,4.5,9,53
5749,Mohit Pande,10,82,6.4,1.3,9,57
5750,Neha Kapoor,2,99,5.2,2.7,8,47
5751,Nikhil Pawar,9,65,8.1,5.3,8,81
5752,Nisha Khan,3,61,7,4,8,61
5753,Pallavi Kale,2,86,7.2,5.8,10,53
5754,Pankaj Gaikwad,3,62,6.9,6.9,9,69
5755,Pooja Desai,2,91,6.1,1.4,8,57
5756,Prakash Dhumal,5,61,6.1,7.6,5,78
5757,Priya Malik,4,99,5.3,1.3,4,69
5758,Rahul Ingale,6,81,7.8,7.9,4,92
5759,Raj Singh,6,98,6.1,5.5,7,76
5760,Rakesh Shinde,1,65,6.2,1.3,7,60
5761,Riya Naik,2,71,9,3.8,5,48
5762,Rohan Kadam,2,78,6.5,2.8,5,45
5763,Rohit Lokhande,2,61,7,6.6,8,76
5764,Sachin Roy,1,64,6.5,2.6,6,41
5765,Sakshi Borkar,4,73,6.2,6.8,2,61
5766,Sameer Gupta,6,90,5,3.2,3,41
5767,Sana Chavan,4,89,8.4,7.9,4,59
5768,Sanjay Thakur,4,63,6.9,2.9,5,89
5769,Sanya Gawande,5,62,7.9,5.8,8,44
5770,Shivam Salve,6,86,8.8,6.6,6,94
5771,Shraddha Das,4,74,5,2.5,5,94
5772,Shreya Mane,3,92,7.7,1.5,2,88
5773,Sneha Joshi,5,72,5.5,4.9,2,78
5774,Sonali More,1,74,6.8,5.7,10,49
5775,Sonal Raut,5,68,8.4,6.7,9,45
5776,Sourabh Sawant,10,70,5.3,2.9,2,91
5777,Tanmay Rathod,4,88,9,7.1,6,60
5778,Tanya Iyer,2,79,7.3,7.4,10,65
5779,Varun Pandey,8,87,6.6,6.5,8,44
5780,Vikas Verma,2,63,5.1,1.1,2,43
5781,Vijay Kulkarni,2,81,7.3,1.6,5,70
5782,Vishal Agrawal,2,78,7,8,9,62
5783,Yash Suryawanshi,9,97,5.9,6.1,4,79
5784,Yogesh Chaudhary,10,77,7,5.4,6,86
5785,Zoya Reddy,6,64,5.1,7.3,4,43
5786,Aarav Dubey,7,88,9,1.3,3,94
5787,Aditi Patil,7,66,6.3,6.3,9,91
5788,Aditya Deshmukh,7,97,6.9,5.6,4,72
5789,Akash Mehta,6,75,8.1,6.9,7,60
5790,Akshay Wagh,10,92,7.9,6.4,5,49
5791,Aman Yadav,8,86,8.6,4.4,7,53
5792,Amit Nair,1,79,8.8,1.5,9,79
5793,Ananya Saxena,4,83,5.8,7.4,6,47
5794,Aniket Sharma,10,67,6.6,6.3,3,94
5795,Anjali Jadhav,5,63,7.7,3.5,4,48
5796,Arjun Mishra,3,91,5.2,7.9,4,82
5797,Aryan Bhosale,9,99,7.9,3.2,8,87
5798,Ashish Tiwari,7,95,5,3.6,8,56
5799,Ayush Pande,6,72,8.7,7.8,3,66
5800,Bhavna Kapoor,5,74,7.9,5.7,7,72
5801,Chetan Pawar,2,74,7.3,7.2,6,84
5802,Deepak Khan,4,88,6.7,7.2,5,42
5803,Deepika Kale,5,85,9,4.8,9,52
5804,Dhruv Gaikwad,10,92,7.9,2.9,2,48
5805,Divya Desai,4,98,8.2,6.9,8,57
5806,Gaurav Dhumal,2,76,8.3,4.5,7,77
5807,Isha Malik,5,87,5.1,5,4,63
5808,Karan Ingale,10,80,5.2,4.8,4,67
5809,Kavya Singh,5,99,5.8,1.1,3,65
5810,Kiran Shinde,4,74,7.6,1.3,7,40
5811,Kunal Naik,7,67,7.5,5.3,7,45
5812,Manish Kadam,7,75,6.3,6.6,4,52
5813,Meera Lokhande,3,85,8.9,4.2,5,42
5814,Mohit Roy,10,99,5.4,2.3,10,86
5815,Neha Borkar,6,93,8.1,3.8,8,95
5816,Nikhil Gupta,1,60,6.9,6.4,7,67
5817,Nisha Chavan,5,80,6.7,1.8,3,77
5818,Pallavi Thakur,10,66,5.1,4.9,7,43
5819,Pankaj Gawande,4,74,7.9,5.9,5,43
5820,Pooja Salve,6,98,8.1,3.9,9,73
5821,Prakash Das,7,100,6.3,5.2,3,83
5822,Priya Mane,8,66,7.1,7.2,10,92
5823,Rahul Joshi,9,65,7.4,2.5,10,60
5824,Raj More,2,88,6.5,1.9,9,63
5825,Rakesh Raut,6,76,7.5,1.4,6,84
5826,Riya Sawant,6,77,6.7,6.1,7,47
5827,Rohan Rathod,2,95,8.5,7.3,10,93
5828,Rohit Iyer,7,97,7.9,5.8,9,56
5829,Sachin Pandey,2,96,5.4,7.8,9,41
5830,Sakshi Verma,5,92,8.2,6,3,84
5831,Sameer Kulkarni,4,100,6.4,3,5,94
5832,Sana Agrawal,2,89,8.7,2.8,8,66
5833,Sanjay Suryawanshi,9,96,7.4,5.7,3,49
5834,Sanya Chaudhary,3,82,5.1,5.7,8,48
5835,Shivam Reddy,3,62,7.9,4.7,5,56
5836,Shraddha Dubey,9,93,5.5,4.7,7,69
5837,Shreya Patil,9,98,8.5,3.9,10,75
5838,Sneha Deshmukh,1,72,8.8,3.4,9,79
5839,Sonali Mehta,3,77,7.8,5.4,5,80
5840,Sonal Wagh,8,83,7.1,6.2,8,53
5841,Sourabh Yadav,8,86,7.4,6.7,2,49
5842,Tanmay Nair,10,87,6.7,3.2,8,93
5843,Tanya Saxena,6,76,5.3,7,3,47
5844,Varun Sharma,1,95,8.7,3.1,10,68
5845,Vikas Jadhav,9,93,6.3,3.1,4,56
5846,Vijay Mishra,2,98,6.3,6.6,8,80
5847,Vishal Bhosale,2,83,5.8,7.8,7,58
5848,Yash Tiwari,7,63,9,7.5,4,45
5849,Yogesh Pande,7,94,8.8,1.8,9,57
5850,Zoya Kapoor,1,63,6.4,3,3,45
5851,Aarav Pawar,2,67,6,6.3,10,49
5852,Aditi Khan,6,71,8.2,6.6,6,66
5853,Aditya Kale,3,67,6.7,4.5,6,94
5854,Akash Gaikwad,7,89,8.9,1.1,4,51
5855,Akshay Desai,5,78,8.6,4.5,2,84
5856,Aman Dhumal,6,68,8,1.2,8,69
5857,Amit Malik,5,60,5.4,3,8,94
5858,Ananya Ingale,4,68,7.8,5.6,9,69
5859,Aniket Singh,4,88,8.9,1.9,10,45
5860,Anjali Shinde,7,92,6.5,6,4,62
5861,Arjun Naik,6,72,8.5,5.3,7,44
5862,Aryan Kadam,6,63,6.6,4,10,52
5863,Ashish Lokhande,6,82,8.9,3.6,7,70
5864,Ayush Roy,3,92,7.6,7.4,8,90
5865,Bhavna Borkar,10,62,5.4,4.9,8,74
5866,Chetan Gupta,6,92,6.9,7.2,10,60
5867,Deepak Chavan,8,66,5.2,3.9,5,75
5868,Deepika Thakur,9,70,6.6,5.2,3,53
5869,Dhruv Gawande,10,85,8.7,7.7,10,45
5870,Divya Salve,7,62,5.9,1.9,6,81
5871,Gaurav Das,8,72,8.8,2.8,3,87
5872,Isha Mane,5,65,5.4,7.4,7,74
5873,Karan Joshi,8,68,7.7,4,9,67
5874,Kavya More,4,91,8.9,2.9,8,65
5875,Kiran Raut,8,69,7.6,8,5,60
5876,Kunal Sawant,1,61,8.6,1.7,10,94
5877,Manish Rathod,10,68,9,5.3,2,68
5878,Meera Iyer,3,63,7.6,6.5,10,88
5879,Mohit Pandey,7,85,8.1,6.5,3,42
5880,Neha Verma,1,99,5.1,4.1,4,59
5881,Nikhil Kulkarni,2,66,6.7,1.3,4,52
5882,Nisha Agrawal,10,89,6.2,6.9,5,46
5883,Pallavi Suryawanshi,9,74,8.3,6.6,2,95
5884,Pankaj Chaudhary,3,62,7.7,2.7,8,42
5885,Pooja Reddy,2,88,7.5,3.4,3,70
5886,Prakash Dubey,9,68,8.7,4.6,3,52
5887,Priya Patil,10,81,5.4,1.8,2,44
5888,Rahul Deshmukh,2,80,8.8,6.7,10,95
5889,Raj Mehta,7,84,5.4,7.5,2,56
5890,Rakesh Wagh,3,65,6.4,3.2,8,59
5891,Riya Yadav,8,70,7.5,7.5,7,50
5892,Rohan Nair,5,90,6.4,6.6,9,78
5893,Rohit Saxena,2,98,7.7,6.1,6,91
5894,Sachin Sharma,4,60,8.1,7.8,10,58
5895,Sakshi Jadhav,6,76,8.3,3.3,6,85
5896,Sameer Mishra,8,96,5.7,7.4,3,62
5897,Sana Bhosale,1,71,5.7,1.7,10,70
5898,Sanjay Tiwari,10,78,5.2,4.3,5,84
5899,Sanya Pande,7,97,7,4.9,2,93
5900,Shivam Kapoor,9,99,5.6,1.9,7,74
5901,Shraddha Pawar,10,86,6.3,6.2,4,60
5902,Shreya Khan,2,88,8.4,4.3,9,66
5903,Sneha Kale,1,85,8.8,4.2,3,88
5904,Sonali Gaikwad,8,71,8.3,5.1,8,59
5905,Sonal Desai,2,96,5,1.9,9,66
5906,Sourabh Dhumal,2,61,7.3,2.4,3,83
5907,Tanmay Malik,5,62,5.7,2.3,7,87
5908,Tanya Ingale,10,84,6.5,7.7,7,65
5909,Varun Singh,8,94,6.7,6.4,10,90
5910,Vikas Shinde,6,93,8.8,4.7,4,88
5911,Vijay Naik,2,87,7.5,5.6,6,65
5912,Vishal Kadam,4,75,6.1,5.5,5,55
5913,Yash Lokhande,7,74,7.6,2.8,5,49
5914,Yogesh Roy,2,77,8.8,1.6,10,46
5915,Zoya Borkar,6,70,5.2,4.9,7,50
5916,Aarav Gupta,1,77,8.3,2.8,3,43
5917,Aditi Chavan,4,64,5.9,7.1,9,56
5918,Aditya Thakur,3,73,5.6,2.7,2,95
5919,Akash Gawande,7,98,8.6,5,9,52
5920,Akshay Salve,10,88,5,3.9,5,61
5921,Aman Das,2,65,8,6.2,8,61
5922,Amit Mane,8,71,5.3,7.7,9,69
5923,Ananya Joshi,7,70,7.5,3.9,9,68
5924,Aniket More,10,71,7.5,1.3,3,72
5925,Anjali Raut,10,88,8.5,5.6,5,44
5926,Arjun Sawant,2,96,8.3,1.9,2,57
5927,Aryan Rathod,8,89,7.7,1.7,7,90
5928,Ashish Iyer,6,80,6.5,5.6,5,94
5929,Ayush Pandey,2,66,5.7,1.7,10,40
5930,Bhavna Verma,3,65,7.5,1.9,7,75
5931,Chetan Kulkarni,10,93,7,4.1,5,47
5932,Deepak Agrawal,6,87,5.3,4.2,3,69
5933,Deepika Suryawanshi,4,80,8.8,7.4,4,40
5934,Dhruv Chaudhary,4,83,6.3,2.9,9,82
5935,Divya Reddy,9,94,5,3.8,3,95
5936,Gaurav Dubey,3,93,8.6,6,9,46
5937,Isha Patil,2,63,7.3,6.8,7,62
5938,Karan Deshmukh,6,76,7.9,3.4,6,50
5939,Kavya Mehta,10,61,5.6,5.4,6,50
5940,Kiran Wagh,2,75,6.6,5.4,2,84
5941,Kunal Yadav,3,86,7.6,3.1,4,46
5942,Manish Nair,5,68,6,1.8,6,46
5943,Meera Saxena,2,66,7.8,5.8,6,60
5944,Mohit Sharma,7,80,5.9,2.9,3,57
5945,Neha Jadhav,3,81,5.8,3.2,9,94
5946,Nikhil Mishra,2,89,5,5,6,62
5947,Nisha Bhosale,3,60,6.1,2.1,5,70
5948,Pallavi Tiwari,10,70,6,2.7,8,45
5949,Pankaj Pande,10,91,8.1,4.1,3,59
5950,Pooja Kapoor,6,87,7.3,7.1,2,51
5951,Prakash Pawar,5,96,5.7,6.4,4,60
5952,Priya Khan,9,93,7.3,3.2,2,57
5953,Rahul Kale,2,94,5.9,3.1,5,46
5954,Raj Gaikwad,7,80,6.7,7.9,3,71
5955,Rakesh Desai,7,99,8.6,5.6,7,68
5956,Riya Dhumal,8,77,7.9,5.8,2,69
5957,Rohan Malik,3,97,7.6,1.4,3,63
5958,Rohit Ingale,8,76,6.1,1.7,4,69
5959,Sachin Singh,7,78,5.5,3.1,7,80
5960,Sakshi Shinde,9,88,8,6.9,5,54
5961,Sameer Naik,2,76,7.3,7.4,8,50
5962,Sana Kadam,7,66,7.5,2.3,9,77
5963,Sanjay Lokhande,9,96,8.9,6,5,47
5964,Sanya Roy,3,78,6.4,7.1,2,59
5965,Shivam Borkar,8,98,8.2,7.2,10,72
5966,Shraddha Gupta,1,76,7.2,4.2,5,72
5967,Shreya Chavan,8,99,5.9,2.8,6,81
5968,Sneha Thakur,7,84,5.2,7.7,10,66
5969,Sonali Gawande,2,91,7.5,2.9,7,67
5970,Sonal Salve,1,90,6.2,2.8,7,42
5971,Sourabh Das,8,68,7.8,2.4,5,84
5972,Tanmay Mane,3,93,7.8,4.7,9,53
5973,Tanya Joshi,5,98,6.8,1.8,3,87
5974,Varun More,1,87,7.1,5,6,76
5975,Vikas Raut,10,98,7.5,7.6,5,91
5976,Vijay Sawant,6,94,6.9,4.5,2,89
5977,Vishal Rathod,10,87,8.5,7.8,4,61
5978,Yash Iyer,2,79,5.3,7.3,3,62
5979,Yogesh Pandey,3,95,8.9,6.5,2,90
5980,Zoya Verma,7,67,5.1,5.3,8,89
5981,Aarav Kulkarni,7,83,5.8,7.2,8,79
5982,Aditi Agrawal,8,93,7.8,4.9,9,91
5983,Aditya Suryawanshi,10,98,5.3,2.5,2,74
5984,Akash Chaudhary,9,70,6,7.5,6,41
5985,Akshay Reddy,2,63,5.6,4.5,7,71
5986,Aman Dubey,4,73,7.9,7.4,6,60
5987,Amit Patil,10,95,7.3,3.8,2,41
5988,Ananya Deshmukh,6,81,5.3,3.4,6,71
5989,Aniket Mehta,9,62,6.8,6.4,3,71
5990,Anjali Wagh,6,64,5.8,5.4,2,80
5991,Arjun Yadav,1,73,8.9,4.1,8,83
5992,Aryan Nair,5,74,5.4,7.2,2,58
5993,Ashish Saxena,9,65,7.4,4.6,4,95
5994,Ayush Sharma,7,80,6.9,1.1,10,64
5995,Bhavna Jadhav,2,79,7.3,5.9,10,64
5996,Chetan Mishra,3,68,8.8,1.4,2,50
5997,Deepak Bhosale,9,69,6.4,4.4,5,95
5998,Deepika Tiwari,10,87,8,2.3,5,62
5999,Dhruv Pande,8,99,6.8,2.7,7,49
6000,Divya Kapoor,1,100,7.6,7.9,8,87
6001,Gaurav Pawar,7,82,6.5,1.8,2,93
6002,Isha Khan,9,61,5.9,6.3,5,51
6003,Karan Kale,7,96,5.3,5.5,4,73
6004,Kavya Gaikwad,6,98,5.4,2.4,10,90
6005,Kiran Desai,5,71,8.8,7.5,4,77
6006,Kunal Dhumal,3,76,8.2,2.4,2,64
6007,Manish Malik,3,61,6,4.6,7,72
6008,Meera Ingale,8,92,7.1,6.5,9,45
6009,Mohit Singh,1,91,7.9,6.3,9,95
6010,Neha Shinde,1,60,6.4,3.2,3,68
6011,Nikhil Naik,4,88,6.8,6.9,8,42
6012,Nisha Kadam,8,76,7.9,7.7,3,58
6013,Pallavi Lokhande,7,82,5.9,4.3,3,62
6014,Pankaj Roy,6,68,7.1,5.6,6,95
6015,Pooja Borkar,6,93,5.8,3.6,9,89
6016,Prakash Gupta,2,76,5,3.5,9,57
6017,Priya Chavan,4,94,7.8,4.3,7,49
6018,Rahul Thakur,1,66,7.8,2.4,5,42
6019,Raj Gawande,8,84,9,5.8,7,71
6020,Rakesh Salve,8,72,5.7,2.2,4,64
6021,Riya Das,3,99,8,1,3,69
6022,Rohan Mane,3,82,8.8,4.1,5,55
6023,Rohit Joshi,4,89,7.6,1.5,3,85
6024,Sachin More,9,63,8.9,4.9,2,68
6025,Sakshi Raut,5,87,9,4.6,8,91
6026,Sameer Sawant,8,64,8.2,2,9,53
6027,Sana Rathod,5,74,9,2.7,8,54
6028,Sanjay Iyer,7,69,7.5,1.2,10,72
6029,Sanya Pandey,6,60,7,5.2,6,78
6030,Shivam Verma,3,84,8.7,3.1,8,56
6031,Shraddha Kulkarni,9,69,8.3,6,3,70
6032,Shreya Agrawal,8,81,5.4,5.4,6,68
6033,Sneha Suryawanshi,8,91,6.2,3.6,2,77
6034,Sonali Chaudhary,10,67,6,1.2,7,75
6035,Sonal Reddy,3,89,8.4,3.2,5,51
6036,Sourabh Dubey,1,72,5.9,3.3,6,46
6037,Tanmay Patil,6,73,6.2,3.3,9,55
6038,Tanya Deshmukh,4,83,7.1,7.7,2,47
6039,Varun Mehta,5,85,5.3,2.2,6,70
6040,Vikas Wagh,3,86,8.8,2.9,5,68
6041,Vijay Yadav,4,68,7,6.8,8,40
6042,Vishal Nair,4,83,5.8,7.5,7,86
6043,Yash Saxena,4,70,6.1,4.3,8,80
6044,Yogesh Sharma,8,71,8.2,4.8,9,66
6045,Zoya Jadhav,6,98,7.5,1.4,4,49
6046,Aarav Mishra,5,64,6.9,6.7,5,49
6047,Aditi Bhosale,2,76,6.3,5.2,5,92
6048,Aditya Tiwari,6,78,8.6,4.4,9,53
6049,Akash Pande,2,70,8.1,3.1,6,88
6050,Akshay Kapoor,4,92,7.9,4.1,8,77
6051,Aman Pawar,5,79,6.8,6.1,4,74
6052,Amit Khan,2,89,8.9,1.6,10,86
6053,Ananya Kale,4,75,7.8,4.5,6,89
6054,Aniket Gaikwad,3,96,6.7,1.2,10,55
6055,Anjali Desai,9,89,8.8,6.4,6,95
6056,Arjun Dhumal,9,73,8.6,2.5,2,47
6057,Aryan Malik,1,99,8,7.3,4,83
6058,Ashish Ingale,7,95,8.1,4.3,5,61
6059,Ayush Singh,7,84,6.7,4.2,3,75
6060,Bhavna Shinde,4,60,7,3.5,8,86
6061,Chetan Naik,5,84,5.8,4.6,5,65
6062,Deepak Kadam,8,88,7.4,3.4,9,44
6063,Deepika Lokhande,4,74,6.5,3.5,10,85
6064,Dhruv Roy,1,65,6.4,2.4,2,47
6065,Divya Borkar,4,83,8.8,3.4,4,79
6066,Gaurav Gupta,3,92,5.7,6.7,7,64
6067,Isha Chavan,4,73,8.3,2.7,9,66
6068,Karan Thakur,3,78,6.1,6.7,10,54
6069,Kavya Gawande,2,60,5.1,7,3,68
6070,Kiran Salve,10,88,5.2,5.7,4,50
6071,Kunal Das,2,95,6.7,1.2,3,52
6072,Manish Mane,8,91,6.8,4.9,5,66
6073,Meera Joshi,8,77,6.3,6.8,7,84
6074,Mohit More,7,61,7.7,3.6,5,68
6075,Neha Raut,10,80,6.9,3,8,89
6076,Nikhil Sawant,1,98,5.3,3.2,5,55
6077,Nisha Rathod,4,63,6.4,4,7,40
6078,Pallavi Iyer,2,68,5.4,1.5,7,57
6079,Pankaj Pandey,6,94,5.3,2.7,4,46
6080,Pooja Verma,7,83,5.8,5.5,2,69
6081,Prakash Kulkarni,9,66,7.8,4.3,3,95
6082,Priya Agrawal,4,60,7.8,2.7,9,67
6083,Rahul Suryawanshi,3,76,8.4,7.5,8,49
6084,Raj Chaudhary,10,84,8,3.1,3,72
6085,Rakesh Reddy,7,94,7.1,1.9,5,81
6086,Riya Dubey,8,96,6.3,2.4,9,88
6087,Rohan Patil,5,78,5,3.1,9,66
6088,Rohit Deshmukh,5,77,7.6,4.7,2,63
6089,Sachin Mehta,4,98,6.2,1.5,9,69
6090,Sakshi Wagh,8,91,6,7,9,51
6091,Sameer Yadav,3,68,8.9,7.1,3,46
6092,Sana Nair,10,87,5.7,3.2,5,83
6093,Sanjay Saxena,2,89,5.1,6.4,2,47
6094,Sanya Sharma,5,69,8.8,5.2,7,78
6095,Shivam Jadhav,4,100,6.2,6.9,9,72
6096,Shraddha Mishra,7,72,6.6,2.9,3,66
6097,Shreya Bhosale,7,82,5.3,5.3,5,61
6098,Sneha Tiwari,10,80,6.6,1.5,6,95
6099,Sonali Pande,8,88,8.9,1.1,2,84
6100,Sonal Kapoor,3,96,7.8,7.1,4,49
6101,Sourabh Pawar,3,76,6.9,3.1,3,94
6102,Tanmay Khan,9,75,6.2,4.1,2,47
6103,Tanya Kale,5,90,6.5,2.6,8,85
6104,Varun Gaikwad,1,99,7.4,7.1,8,63
6105,Vikas Desai,9,97,6,3.7,2,62
6106,Vijay Dhumal,7,90,5.6,2.3,3,68
6107,Vishal Malik,1,88,7.8,5.3,2,67
6108,Yash Ingale,8,91,8.5,2.4,10,47
6109,Yogesh Singh,7,98,8.6,2.8,7,48
6110,Zoya Shinde,7,60,8.4,5.7,6,81
6111,Aarav Naik,9,84,7.1,7.7,2,78
6112,Aditi Kadam,5,61,8.2,6.3,2,62
6113,Aditya Lokhande,5,83,8.7,1.9,10,65
6114,Akash Roy,7,76,5.1,3.2,10,61
6115,Akshay Borkar,2,72,6.6,6.6,6,88
6116,Aman Gupta,2,96,5.8,2.9,3,43
6117,Amit Chavan,9,89,9,6.2,2,76
6118,Ananya Thakur,3,83,8.7,4.3,9,57
6119,Aniket Gawande,6,96,8.2,7.2,6,49
6120,Anjali Salve,3,64,6.2,3.5,4,48
6121,Arjun Das,3,86,8.8,7.5,2,63
6122,Aryan Mane,6,66,5.1,3.9,7,48
6123,Ashish Joshi,9,69,5.8,6.1,9,77
6124,Ayush More,5,67,7.5,2.4,9,58
6125,Bhavna Raut,2,82,8.2,4.7,8,88
6126,Chetan Sawant,3,85,8.5,3.2,2,48
6127,Deepak Rathod,2,90,6.2,1.1,8,59
6128,Deepika Iyer,9,78,6.6,4.1,8,61
6129,Dhruv Pandey,4,98,6.8,2.2,9,77
6130,Divya Verma,4,75,5.1,7.7,3,56
6131,Gaurav Kulkarni,1,66,8.5,6.7,9,49
6132,Isha Agrawal,5,61,6.4,6.2,8,62
6133,Karan Suryawanshi,10,65,5.8,4.2,8,90
6134,Kavya Chaudhary,5,78,6.6,2.8,3,85
6135,Kiran Reddy,7,76,7.8,3.3,9,72
6136,Kunal Dubey,2,95,8.5,2.4,2,95
6137,Manish Patil,2,65,5.9,4.9,4,83
6138,Meera Deshmukh,8,70,5.7,6.7,3,82
6139,Mohit Mehta,1,100,8.8,2.3,4,62
6140,Neha Wagh,5,61,7.2,1,7,67
6141,Nikhil Yadav,4,77,6.5,1.9,10,92
6142,Nisha Nair,1,68,5.8,4.2,10,91
6143,Pallavi Saxena,6,81,9,1.1,2,80
6144,Pankaj Sharma,10,99,7.9,3.8,10,45
6145,Pooja Jadhav,1,69,5.9,1.8,2,48
6146,Prakash Mishra,9,75,5.4,1.8,8,65
6147,Priya Bhosale,6,78,5.8,6,3,70
6148,Rahul Tiwari,8,92,6,8,9,74
6149,Raj Pande,1,100,5.4,2.4,5,55
6150,Rakesh Kapoor,9,63,5.9,2.6,9,83
6151,Riya Pawar,1,80,5.5,3.1,6,86
6152,Rohan Khan,10,90,6.5,6.5,6,51
6153,Rohit Kale,7,60,6.9,4.5,5,83
6154,Sachin Gaikwad,4,93,6.8,5,4,48
6155,Sakshi Desai,1,69,8.3,4.8,6,67
6156,Sameer Dhumal,7,81,6,7.6,7,89
6157,Sana Malik,1,100,8.5,1.2,3,56
6158,Sanjay Ingale,7,86,8.6,2.1,3,78
6159,Sanya Singh,8,100,8.8,3.7,5,87
6160,Shivam Shinde,3,84,5.7,4.4,9,67
6161,Shraddha Naik,3,68,6,1.8,5,87
6162,Shreya Kadam,3,88,7.5,7.3,5,75
6163,Sneha Lokhande,3,85,5.6,5.7,10,68
6164,Sonali Roy,2,72,5.3,7.5,4,46
6165,Sonal Borkar,3,63,5.3,7.6,5,80
6166,Sourabh Gupta,7,86,7.4,4.6,9,57
6167,Tanmay Chavan,4,83,8.2,7,6,55
6168,Tanya Thakur,8,91,6,6.2,3,91
6169,Varun Gawande,9,65,8.7,3.5,3,59
6170,Vikas Salve,8,82,8.2,5.6,10,60
6171,Vijay Das,6,93,5.3,7.7,9,92
6172,Vishal Mane,4,96,6.6,6.3,10,56
6173,Yash Joshi,10,98,5.3,6,6,81
6174,Yogesh More,3,68,8.7,2.6,7,69
6175,Zoya Raut,5,67,8,6.8,3,44
6176,Aarav Sawant,5,83,7.7,3.7,8,72
6177,Aditi Rathod,8,78,7.7,5.4,7,65
6178,Aditya Iyer,6,69,6.1,5.7,2,80
6179,Akash Pandey,8,64,8.7,4.6,9,62
6180,Akshay Verma,10,65,8.7,2.2,5,53
6181,Aman Kulkarni,4,73,8,5.9,10,52
6182,Amit Agrawal,9,90,6.9,2.7,9,69
6183,Ananya Suryawanshi,2,62,5.2,2.9,5,95
6184,Aniket Chaudhary,10,64,5.1,1.9,2,65
6185,Anjali Reddy,2,70,5.6,5.3,3,47
6186,Arjun Dubey,9,95,7.4,1.8,4,86
6187,Aryan Patil,4,100,8.2,3.4,4,57
6188,Ashish Deshmukh,10,78,8.8,7.2,5,63
6189,Ayush Mehta,2,61,5.7,4.2,10,87
6190,Bhavna Wagh,5,60,6.1,7.3,8,46
6191,Chetan Yadav,10,95,5.2,4.4,3,47
6192,Deepak Nair,1,78,9,2.3,8,51
6193,Deepika Saxena,3,63,8.1,6.3,2,61
6194,Dhruv Sharma,1,94,6.9,3.5,2,88
6195,Divya Jadhav,4,81,7.3,7.8,7,75
6196,Gaurav Mishra,4,74,7.2,2.8,3,83
6197,Isha Bhosale,7,78,6,6.8,5,58
6198,Karan Tiwari,3,69,5.7,4.5,9,63
6199,Kavya Pande,2,98,6.2,6.9,5,62
6200,Kiran Kapoor,2,92,6,2.3,3,46
6201,Kunal Pawar,10,68,7.2,5.4,10,70
6202,Manish Khan,10,90,6.2,1.8,4,58
6203,Meera Kale,3,67,7.9,6.6,7,93
6204,Mohit Gaikwad,2,78,7.3,2.6,3,78
6205,Neha Desai,1,90,7.1,4,3,88
6206,Nikhil Dhumal,10,61,8.8,5.6,8,50
6207,Nisha Malik,8,89,6.3,4.3,10,46
6208,Pallavi Ingale,8,69,7.5,6.5,2,64
6209,Pankaj Singh,3,88,5,5.8,10,71
6210,Pooja Shinde,7,80,7.9,1.9,4,71
6211,Prakash Naik,1,61,7,6.4,10,76
6212,Priya Kadam,7,91,5.8,4,6,86
6213,Rahul Lokhande,6,70,5,5.2,8,58
6214,Raj Roy,4,99,7.8,2.5,2,56
6215,Rakesh Borkar,8,94,7.7,4,3,54
6216,Riya Gupta,7,67,7.7,6.7,10,60
6217,Rohan Chavan,5,84,6.7,7.5,3,73
6218,Rohit Thakur,2,74,7.6,7.6,9,84
6219,Sachin Gawande,1,84,7.3,5.9,3,63
6220,Sakshi Salve,10,82,6,1.6,7,63
6221,Sameer Das,3,72,7.1,4.1,5,90
6222,Sana Mane,4,86,7.1,2.4,5,59
6223,Sanjay Joshi,7,70,8.3,5.9,8,49
6224,Sanya More,3,97,6.7,2.1,3,59
6225,Shivam Raut,4,98,6.7,7.8,5,42
6226,Shraddha Sawant,8,66,8.9,2.4,6,60
6227,Shreya Rathod,6,89,8.6,1.4,5,90
6228,Sneha Iyer,7,98,6,6.9,4,85
6229,Sonali Pandey,1,65,8.6,2.4,2,90
6230,Sonal Verma,5,90,5.6,1.2,7,56
6231,Sourabh Kulkarni,5,98,8.4,4.8,2,63
6232,Tanmay Agrawal,7,69,5.7,7.8,3,87
6233,Tanya Suryawanshi,2,83,6.7,2.9,4,82
6234,Varun Chaudhary,2,92,8.9,3.9,8,50
6235,Vikas Reddy,8,73,5.4,2.7,3,87
6236,Vijay Dubey,7,69,8.4,4.9,4,45
6237,Vishal Patil,9,76,7,3.3,2,54
6238,Yash Deshmukh,3,73,5.4,5.1,6,69
6239,Yogesh Mehta,10,89,8.8,4.3,3,76
6240,Zoya Wagh,3,75,7.2,7.5,3,84
6241,Aarav Yadav,7,75,8.5,5.7,4,81
6242,Aditi Nair,2,98,8.5,5.8,4,55
6243,Aditya Saxena,10,83,5.1,4.4,2,60
6244,Akash Sharma,4,98,6.1,3.1,6,80
6245,Akshay Jadhav,9,89,6.3,3.2,6,92
6246,Aman Mishra,4,96,7.1,4.5,6,88
6247,Amit Bhosale,8,68,5.3,2.3,5,94
6248,Ananya Tiwari,5,98,6.6,1.9,10,77
6249,Aniket Pande,1,98,8.3,3.6,4,67
6250,Anjali Kapoor,2,61,5.7,1.9,5,82
6251,Arjun Pawar,7,74,7.8,2.6,6,44
6252,Aryan Khan,2,76,6.8,4.7,2,92
6253,Ashish Kale,3,77,5.3,6.5,10,91
6254,Ayush Gaikwad,6,91,5.7,2.6,6,68
6255,Bhavna Desai,3,88,5.6,6.5,8,69
6256,Chetan Dhumal,2,68,7.5,1.1,4,69
6257,Deepak Malik,7,84,5.3,8,8,47
6258,Deepika Ingale,7,99,8.3,4.6,9,51
6259,Dhruv Singh,8,78,8.2,4.3,7,80
6260,Divya Shinde,10,98,5.3,5.6,3,41
6261,Gaurav Naik,2,86,8.6,4.3,8,78
6262,Isha Kadam,5,97,8.8,3.9,9,57
6263,Karan Lokhande,3,97,5.2,3.6,8,47
6264,Kavya Roy,10,60,8.8,7.8,7,73
6265,Kiran Borkar,6,92,6.1,7,6,55
6266,Kunal Gupta,1,67,7.7,4.5,3,65
6267,Manish Chavan,7,93,5.7,6.9,8,88
6268,Meera Thakur,1,93,8.3,2,5,79
6269,Mohit Gawande,3,70,8.4,4.7,4,94
6270,Neha Salve,8,62,8.9,4.2,6,62
6271,Nikhil Das,6,77,9,3.3,2,62
6272,Nisha Mane,8,72,5.3,7.4,6,78
6273,Pallavi Joshi,6,82,7.6,6.8,6,47
6274,Pankaj More,9,63,6.1,7.3,5,87
6275,Pooja Raut,6,61,5.5,5.4,8,59
6276,Prakash Sawant,1,77,5.6,3.6,7,66
6277,Priya Rathod,1,91,8.7,6.3,5,68
6278,Rahul Iyer,8,72,7.7,1.8,8,43
6279,Raj Pandey,1,73,5.2,7,3,56
6280,Rakesh Verma,4,66,8.9,1.2,6,47
6281,Riya Kulkarni,1,71,8.2,6.7,3,74
6282,Rohan Agrawal,4,72,6.2,5.9,7,79
6283,Rohit Suryawanshi,6,70,6.9,1.6,2,40
6284,Sachin Chaudhary,2,74,7.9,2,9,40
6285,Sakshi Reddy,5,71,7.7,4.2,2,85
6286,Sameer Dubey,10,87,6.9,3.1,6,58
6287,Sana Patil,1,73,7,7.1,7,87
6288,Sanjay Deshmukh,1,90,5.2,2.3,5,76
6289,Sanya Mehta,3,84,7,3.9,3,83
6290,Shivam Wagh,9,86,6.4,2.8,4,61
6291,Shraddha Yadav,5,83,6.1,1.9,9,56
6292,Shreya Nair,7,97,6.1,2.8,3,80
6293,Sneha Saxena,1,70,7.6,7,8,75
6294,Sonali Sharma,8,100,6.7,6,4,71
6295,Sonal Jadhav,1,68,6.7,7.4,2,60
6296,Sourabh Mishra,8,65,5.6,3.8,5,74
6297,Tanmay Bhosale,2,93,8.8,2.7,2,61
6298,Tanya Tiwari,9,96,5.9,1.2,8,89
6299,Varun Pande,3,63,6.6,4.5,8,79
6300,Vikas Kapoor,2,84,5.8,1.3,3,62
6301,Vijay Pawar,4,81,7.8,1,8,87
6302,Vishal Khan,1,69,6.7,5.2,8,43
6303,Yash Kale,2,81,6.7,2.2,8,86
6304,Yogesh Gaikwad,6,88,8.5,4.9,2,63
6305,Zoya Desai,4,83,8,5,3,52
6306,Aarav Dhumal,4,81,7.1,6.1,3,86
6307,Aditi Malik,9,96,6.9,3.7,9,76
6308,Aditya Ingale,2,69,8.8,5.9,4,44
6309,Akash Singh,4,85,8.8,3.6,6,54
6310,Akshay Shinde,2,72,7.8,1.7,6,65
6311,Aman Naik,5,99,8,3.2,10,75
6312,Amit Kadam,4,70,8.6,1.1,3,85
6313,Ananya Lokhande,1,95,8.9,4.2,9,60
6314,Aniket Roy,1,85,5.3,6.2,3,85
6315,Anjali Borkar,9,68,9,6.5,10,84
6316,Arjun Gupta,1,91,7.8,2.6,7,61
6317,Aryan Chavan,8,69,7.4,1.7,4,92
6318,Ashish Thakur,10,70,6.7,2.3,5,92
6319,Ayush Gawande,5,74,6.3,7.9,8,56
6320,Bhavna Salve,4,87,8.2,3.2,5,71
6321,Chetan Das,8,76,7.6,4,2,88
6322,Deepak Mane,10,83,5.8,1.5,4,70
6323,Deepika Joshi,2,82,7.4,6.5,10,81
6324,Dhruv More,10,68,5.6,4.1,5,84
6325,Divya Raut,10,69,7,1.6,6,71
6326,Gaurav Sawant,2,72,7.3,4.3,3,60
6327,Isha Rathod,1,69,7.5,6,2,69
6328,Karan Iyer,8,97,5.6,4.3,4,86
6329,Kavya Pandey,1,75,5.4,7.8,9,57
6330,Kiran Verma,7,76,6,7.1,6,87
6331,Kunal Kulkarni,1,87,7.4,4.6,5,51
6332,Manish Agrawal,7,92,8.7,7.6,6,65
6333,Meera Suryawanshi,3,88,8.1,6.7,9,44
6334,Mohit Chaudhary,1,82,8,3.6,10,87
6335,Neha Reddy,1,100,6.3,6.4,4,79
6336,Nikhil Dubey,2,96,5.4,4.5,9,46
6337,Nisha Patil,6,68,8.6,4.8,9,52
6338,Pallavi Deshmukh,1,66,7,4.6,2,69
6339,Pankaj Mehta,9,76,5.4,6.6,10,67
6340,Pooja Wagh,7,94,7.1,7.4,4,46
6341,Prakash Yadav,3,99,7.7,3.2,8,89
6342,Priya Nair,10,88,6.3,5.5,9,65
6343,Rahul Saxena,7,88,5,5.4,7,77
6344,Raj Sharma,7,69,7.5,7.2,4,82
6345,Rakesh Jadhav,2,84,5.2,4.1,9,49
6346,Riya Mishra,8,67,6.7,2.3,6,58
6347,Rohan Bhosale,6,82,8.3,2.4,8,81
6348,Rohit Tiwari,10,67,9,1.4,8,83
6349,Sachin Pande,5,63,6.5,1.7,4,52
6350,Sakshi Kapoor,7,99,5.1,3.1,6,57
6351,Sameer Pawar,4,96,7,1.7,3,83
6352,Sana Khan,1,88,6.1,7.1,2,59
6353,Sanjay Kale,2,85,8.6,3.5,8,44
6354,Sanya Gaikwad,9,69,7.8,3.6,3,67
6355,Shivam Desai,8,83,6.6,6.3,6,47
6356,Shraddha Dhumal,4,90,8,3.1,2,73
6357,Shreya Malik,7,82,6.4,6,7,92
6358,Sneha Ingale,1,71,7.1,6.8,3,45
6359,Sonali Singh,1,76,8.7,3.5,4,55
6360,Sonal Shinde,6,94,5.8,4.3,3,71
6361,Sourabh Naik,7,70,6.3,3.3,10,48
6362,Tanmay Kadam,10,99,8.5,4,7,69
6363,Tanya Lokhande,8,90,6.8,5.1,7,52
6364,Varun Roy,3,96,6.3,3.4,5,75
6365,Vikas Borkar,9,80,5.1,4.2,9,60
6366,Vijay Gupta,5,69,6.7,4.5,2,91
6367,Vishal Chavan,9,61,7,1.2,5,86
6368,Yash Thakur,2,81,6.6,2.1,2,95
6369,Yogesh Gawande,1,76,6.1,4.8,8,48
6370,Zoya Salve,1,64,6.5,1,10,93
6371,Aarav Das,10,98,7.6,5.9,8,40
6372,Aditi Mane,1,99,8.6,7.3,3,52
6373,Aditya Joshi,10,75,7.6,6.3,9,88
6374,Akash More,8,87,7.6,3.2,4,88
6375,Akshay Raut,2,76,8.3,4.1,5,56
6376,Aman Sawant,9,80,5.7,5.6,7,87
6377,Amit Rathod,2,85,6.2,5.8,6,44
6378,Ananya Iyer,2,77,5.2,7.8,3,58
6379,Aniket Pandey,6,92,6.4,4.5,6,41
6380,Anjali Verma,3,67,9,2.7,3,68
6381,Arjun Kulkarni,3,87,6.3,3.5,8,90
6382,Aryan Agrawal,2,100,8.4,7.5,2,74
6383,Ashish Suryawanshi,7,94,5.3,5.4,9,69
6384,Ayush Chaudhary,1,61,6.8,7,10,51
6385,Bhavna Reddy,3,64,6.4,6.1,8,74
6386,Chetan Dubey,6,85,5.8,7.8,7,58
6387,Deepak Patil,5,97,6.5,4.5,5,74
6388,Deepika Deshmukh,7,94,7.6,7.6,6,47
6389,Dhruv Mehta,3,97,7,7.2,6,69
6390,Divya Wagh,7,66,8.4,6.9,9,67
6391,Gaurav Yadav,8,81,8.6,7.6,3,83
6392,Isha Nair,4,89,6.9,4.7,7,90
6393,Karan Saxena,3,85,8.9,6.2,6,90
6394,Kavya Sharma,6,91,5.3,4.9,4,59
6395,Kiran Jadhav,6,68,6.1,6.4,5,75
6396,Kunal Mishra,1,78,6.7,6.3,6,76
6397,Manish Bhosale,6,78,7.3,6.3,2,87
6398,Meera Tiwari,2,98,7.2,4,6,85
6399,Mohit Pande,6,68,7.3,6.6,3,40
6400,Neha Kapoor,10,73,8.6,7.1,5,84
6401,Nikhil Pawar,6,60,6.1,5.5,4,66
6402,Nisha Khan,8,66,8.3,4.2,8,93
6403,Pallavi Kale,4,100,7.2,7,10,73
6404,Pankaj Gaikwad,10,94,7,6.4,2,61
6405,Pooja Desai,9,70,6.2,4.3,4,51
6406,Prakash Dhumal,10,88,6.2,5.1,3,93
6407,Priya Malik,8,84,6.6,5.8,6,48
6408,Rahul Ingale,7,97,8.1,5.8,5,45
6409,Raj Singh,6,72,6.9,3.2,6,47
6410,Rakesh Shinde,10,100,5.6,3,2,70
6411,Riya Naik,9,75,8,7.2,9,55
6412,Rohan Kadam,5,89,7.7,7.6,10,72
6413,Rohit Lokhande,1,76,8.8,3.8,10,86
6414,Sachin Roy,1,87,7.1,7.4,6,56
6415,Sakshi Borkar,3,73,7.6,4.3,8,41
6416,Sameer Gupta,1,94,6.9,2.2,2,60
6417,Sana Chavan,3,86,7.7,6.1,7,73
6418,Sanjay Thakur,2,71,6.7,1.3,7,80
6419,Sanya Gawande,10,99,5.6,1.8,8,43
6420,Shivam Salve,1,89,8.9,7.6,9,89
6421,Shraddha Das,7,77,7.9,4.6,2,73
6422,Shreya Mane,4,65,7.4,2.9,5,66
6423,Sneha Joshi,2,99,6.9,4.4,6,54
6424,Sonali More,8,90,7.8,5,6,93
6425,Sonal Raut,10,87,5.5,5.5,6,48
6426,Sourabh Sawant,8,94,6.3,3.4,8,65
6427,Tanmay Rathod,10,84,5.5,3.7,7,66
6428,Tanya Iyer,6,69,5.5,4.8,4,70
6429,Varun Pandey,7,69,5.1,5.4,7,52
6430,Vikas Verma,2,63,8,7.4,7,92
6431,Vijay Kulkarni,9,62,5.9,3.7,3,61
6432,Vishal Agrawal,8,89,8.3,7.1,7,79
6433,Yash Suryawanshi,3,94,8.6,8,6,75
6434,Yogesh Chaudhary,4,66,5.7,3.4,9,51
6435,Zoya Reddy,7,83,7.8,1.2,5,92
6436,Aarav Dubey,1,65,6.8,5.2,10,65
6437,Aditi Patil,9,76,8.7,7.3,6,74
6438,Aditya Deshmukh,3,92,6.9,1.4,10,76
6439,Akash Mehta,1,93,6.5,2.4,2,68
6440,Akshay Wagh,4,98,6.2,5.7,3,75
6441,Aman Yadav,9,72,8.6,6.7,3,71
6442,Amit Nair,3,98,5.9,1.6,9,81
6443,Ananya Saxena,6,92,8.3,3.5,6,66
6444,Aniket Sharma,9,73,5.8,2.7,8,85
6445,Anjali Jadhav,1,73,7.6,7.8,2,71
6446,Arjun Mishra,8,64,6.8,5.8,5,95
6447,Aryan Bhosale,3,97,5.4,4.3,5,71
6448,Ashish Tiwari,7,68,5.5,7,10,73
6449,Ayush Pande,2,70,6.1,4.8,2,67
6450,Bhavna Kapoor,2,76,8.1,7.4,9,62
6451,Chetan Pawar,8,65,7.9,2.7,5,84
6452,Deepak Khan,9,93,5.8,1.2,8,75
6453,Deepika Kale,10,88,6.9,4,4,61
6454,Dhruv Gaikwad,7,66,5.4,2.4,2,85
6455,Divya Desai,5,66,7.9,6.9,8,46
6456,Gaurav Dhumal,2,60,8.2,4.7,3,43
6457,Isha Malik,3,98,8.6,3,3,76
6458,Karan Ingale,7,77,8.5,6.4,10,65
6459,Kavya Singh,4,86,6.4,4.7,4,84
6460,Kiran Shinde,5,66,6,4.5,10,77
6461,Kunal Naik,2,69,8.6,2.3,5,83
6462,Manish Kadam,5,82,5.6,8,4,54
6463,Meera Lokhande,3,68,5.2,5.6,6,54
6464,Mohit Roy,2,85,6.3,7,4,54
6465,Neha Borkar,2,97,8,6.3,10,76
6466,Nikhil Gupta,6,72,7.8,4.5,7,77
6467,Nisha Chavan,4,84,8.9,1.1,8,95
6468,Pallavi Thakur,1,97,6.4,5.7,2,52
6469,Pankaj Gawande,6,96,6.1,1.7,4,45
6470,Pooja Salve,2,60,6.5,7.7,7,93
6471,Prakash Das,1,64,8.1,2.7,6,69
6472,Priya Mane,2,100,5.9,3.6,10,60
6473,Rahul Joshi,5,97,8.8,4.9,8,57
6474,Raj More,10,73,7.1,4.5,4,89
6475,Rakesh Raut,3,81,8.1,5.6,6,84
6476,Riya Sawant,3,83,8.3,6.5,8,49
6477,Rohan Rathod,3,87,6.9,6.3,5,58
6478,Rohit Iyer,4,90,8,7.4,6,88
6479,Sachin Pandey,8,75,6.5,4.3,9,81
6480,Sakshi Verma,4,96,8.2,4.7,4,85
6481,Sameer Kulkarni,7,62,8.3,7.1,2,48
6482,Sana Agrawal,9,61,7.3,3,5,72
6483,Sanjay Suryawanshi,10,99,5.9,2.7,3,43
6484,Sanya Chaudhary,6,67,8.9,1.1,6,65
6485,Shivam Reddy,8,100,8.8,6.2,9,45
6486,Shraddha Dubey,10,71,7.5,5.8,8,55
6487,Shreya Patil,8,74,8.9,2.9,8,54
6488,Sneha Deshmukh,3,61,7,1.9,6,50
6489,Sonali Mehta,2,98,6.5,1.3,9,87
6490,Sonal Wagh,2,74,6.8,4.4,10,60
6491,Sourabh Yadav,9,66,5.2,2.4,8,48
6492,Tanmay Nair,6,79,7.2,6.6,3,95
6493,Tanya Saxena,3,66,7.7,7.7,4,41
6494,Varun Sharma,4,92,5.4,6.4,10,48
6495,Vikas Jadhav,3,62,6,7,2,87
6496,Vijay Mishra,9,80,7.9,7.9,6,65
6497,Vishal Bhosale,7,76,8.2,6.2,7,60
6498,Yash Tiwari,9,61,8.9,5,5,57
6499,Yogesh Pande,4,62,6,6.7,8,72
6500,Zoya Kapoor,5,81,8.4,4.9,2,60
6501,Aarav Pawar,2,76,5.7,4,3,44
6502,Aditi Khan,10,65,5.5,1.2,4,93
6503,Aditya Kale,6,65,7.9,5.5,3,90
6504,Akash Gaikwad,6,92,6.8,7.3,5,49
6505,Akshay Desai,5,89,8.2,5.9,6,68
6506,Aman Dhumal,3,84,6.1,3.8,10,65
6507,Amit Malik,10,94,5.9,5.3,6,45
6508,Ananya Ingale,5,62,7.2,6.7,8,62
6509,Aniket Singh,7,88,5.5,6.3,2,75
6510,Anjali Shinde,1,90,6.1,4.4,2,45
6511,Arjun Naik,3,68,5.7,3.5,5,60
6512,Aryan Kadam,9,81,6.3,3.8,4,54
6513,Ashish Lokhande,1,91,8.1,7.4,10,59
6514,Ayush Roy,2,84,5.5,2.2,6,75
6515,Bhavna Borkar,9,70,7.4,7,6,62
6516,Chetan Gupta,4,87,7.3,2.4,9,83
6517,Deepak Chavan,3,91,7.2,7.9,9,68
6518,Deepika Thakur,6,60,6.9,4.1,8,78
6519,Dhruv Gawande,2,83,7.7,6.1,5,74
6520,Divya Salve,1,80,8.4,6.1,3,85
6521,Gaurav Das,1,75,5.6,6.4,2,48
6522,Isha Mane,1,61,8.3,6.5,2,95
6523,Karan Joshi,2,63,5.2,1.3,9,82
6524,Kavya More,7,90,6.9,2.9,3,51
6525,Kiran Raut,3,93,7,2.6,5,41
6526,Kunal Sawant,1,77,5.8,5.9,6,41
6527,Manish Rathod,1,98,5.4,5.8,7,79
6528,Meera Iyer,5,98,5.3,3.1,2,63
6529,Mohit Pandey,9,87,5.1,6.6,6,50
6530,Neha Verma,4,83,7.3,3.2,4,57
6531,Nikhil Kulkarni,1,99,5.6,3.4,5,65
6532,Nisha Agrawal,3,85,8.2,3.8,9,42
6533,Pallavi Suryawanshi,5,98,8.6,6.2,6,71
6534,Pankaj Chaudhary,2,100,6.2,1.1,5,42
6535,Pooja Reddy,10,67,5.7,7.3,2,76
6536,Prakash Dubey,8,87,6.6,5.8,10,43
6537,Priya Patil,4,89,8.5,5.1,7,84
6538,Rahul Deshmukh,10,93,6.6,2.7,8,54
6539,Raj Mehta,4,74,5.4,6.5,5,68
6540,Rakesh Wagh,2,95,8.9,7.1,4,61
6541,Riya Yadav,10,79,7,4.5,4,89
6542,Rohan Nair,10,75,6.4,3,2,84
6543,Rohit Saxena,4,66,8.6,3.7,9,93
6544,Sachin Sharma,6,73,8.7,3.9,6,80
6545,Sakshi Jadhav,2,99,7,3.1,5,94
6546,Sameer Mishra,7,89,6.2,6,8,52
6547,Sana Bhosale,7,89,6.9,3.4,3,57
6548,Sanjay Tiwari,8,96,5.9,6.7,6,85
6549,Sanya Pande,6,70,6.9,4.2,5,41
6550,Shivam Kapoor,8,87,5.9,5.4,10,50
6551,Shraddha Pawar,6,75,7.5,7.6,9,80
6552,Shreya Khan,9,94,8,4.1,8,62
6553,Sneha Kale,2,77,8.9,2.2,4,54
6554,Sonali Gaikwad,5,95,8.4,4.8,6,56
6555,Sonal Desai,5,90,5.3,4.5,10,82
6556,Sourabh Dhumal,6,91,5.8,6.5,2,66
6557,Tanmay Malik,2,97,7.1,7,7,40
6558,Tanya Ingale,4,92,6,6,5,68
6559,Varun Singh,10,73,5.1,7.8,8,83
6560,Vikas Shinde,2,81,8,2.9,6,49
6561,Vijay Naik,7,79,6.4,2.7,8,43
6562,Vishal Kadam,7,62,5.3,3,4,75
6563,Yash Lokhande,5,84,7,5.7,9,89
6564,Yogesh Roy,1,77,8.9,2.6,9,43
6565,Zoya Borkar,1,76,7.7,1.6,7,76
6566,Aarav Gupta,3,64,5.6,7.8,5,83
6567,Aditi Chavan,2,80,7.1,3.2,3,49
6568,Aditya Thakur,1,83,8.6,2.6,3,54
6569,Akash Gawande,2,64,5.2,3.5,5,68
6570,Akshay Salve,2,86,7.6,2.1,9,74
6571,Aman Das,9,66,7.9,1.3,10,68
6572,Amit Mane,7,65,7.8,3.1,7,50
6573,Ananya Joshi,1,76,5.6,3.4,10,89
6574,Aniket More,7,75,8.6,6.7,3,63
6575,Anjali Raut,2,97,6.3,4,8,69
6576,Arjun Sawant,5,62,5.2,6.2,6,70
6577,Aryan Rathod,1,74,5.3,6.1,3,70
6578,Ashish Iyer,1,90,6.8,6.5,8,56
6579,Ayush Pandey,2,70,5.2,7.4,10,57
6580,Bhavna Verma,5,100,8.1,4.5,6,47
6581,Chetan Kulkarni,5,90,8.5,1.7,4,80
6582,Deepak Agrawal,4,98,5.1,1.3,4,57
6583,Deepika Suryawanshi,7,98,8.2,2.3,7,42
6584,Dhruv Chaudhary,8,64,8.9,6.8,8,42
6585,Divya Reddy,8,78,5.1,5,3,94
6586,Gaurav Dubey,6,90,7.9,2,8,63
6587,Isha Patil,6,60,9,1.9,8,73
6588,Karan Deshmukh,5,78,8.2,7.2,2,69
6589,Kavya Mehta,3,88,7,4.6,5,87
6590,Kiran Wagh,5,92,8.5,2.2,4,89
6591,Kunal Yadav,1,77,7.8,7.3,9,83
6592,Manish Nair,10,95,6.2,6,7,94
6593,Meera Saxena,4,87,5.9,4.3,6,52
6594,Mohit Sharma,8,61,7.1,4.3,4,65
6595,Neha Jadhav,10,71,6.5,5.7,6,56
6596,Nikhil Mishra,5,98,6.3,3.4,10,86
6597,Nisha Bhosale,9,60,5.7,8,10,55
6598,Pallavi Tiwari,5,64,8.4,6.5,3,84
6599,Pankaj Pande,2,74,7.8,5.5,6,52
6600,Pooja Kapoor,1,100,6.3,5.8,8,78
6601,Prakash Pawar,2,88,6,8,4,40
6602,Priya Khan,10,66,5.5,1.1,10,84
6603,Rahul Kale,5,76,5.5,1.2,6,86
6604,Raj Gaikwad,4,98,7.5,6.5,5,71
6605,Rakesh Desai,5,68,5.4,2.5,10,70
6606,Riya Dhumal,3,83,8.8,5.8,7,65
6607,Rohan Malik,9,79,6.1,4.5,2,73
6608,Rohit Ingale,10,91,5.1,3.2,2,71
6609,Sachin Singh,1,90,8.4,2.6,10,67
6610,Sakshi Shinde,8,94,6.5,6.4,7,69
6611,Sameer Naik,4,64,6.4,2.2,9,46
6612,Sana Kadam,1,78,5.5,2.1,10,66
6613,Sanjay Lokhande,10,88,7.6,4.1,8,64
6614,Sanya Roy,1,77,6.4,1.8,10,90
6615,Shivam Borkar,3,87,8.3,5.5,10,56
6616,Shraddha Gupta,1,86,7.5,7.9,5,94
6617,Shreya Chavan,5,75,8.5,6.2,7,89
6618,Sneha Thakur,6,64,7.5,5.2,9,83
6619,Sonali Gawande,4,99,8.1,3.8,10,79
6620,Sonal Salve,1,93,7.8,7.9,9,57
6621,Sourabh Das,2,96,6.9,7.2,9,49
6622,Tanmay Mane,10,72,7.8,6.7,4,84
6623,Tanya Joshi,9,72,7.7,2.6,5,79
6624,Varun More,10,73,5,1.9,9,86
6625,Vikas Raut,6,61,7.8,2.2,3,70
6626,Vijay Sawant,6,66,6,2.8,3,90
6627,Vishal Rathod,8,72,7.2,1.6,9,44
6628,Yash Iyer,7,100,5.4,7.2,10,46
6629,Yogesh Pandey,5,68,5.1,2.3,5,43
6630,Zoya Verma,3,80,5.1,2.6,9,58
6631,Aarav Kulkarni,5,82,5.6,7.2,5,48
6632,Aditi Agrawal,1,74,5.1,7.7,6,42
6633,Aditya Suryawanshi,2,97,5.5,2.6,10,85
6634,Akash Chaudhary,8,63,7.2,3.1,5,48
6635,Akshay Reddy,9,95,6.6,6.6,9,86
6636,Aman Dubey,2,90,8.9,7.8,10,75
6637,Amit Patil,1,72,8.2,5.5,8,74
6638,Ananya Deshmukh,1,91,5.6,4.1,2,46
6639,Aniket Mehta,8,77,6.7,5.7,10,40
6640,Anjali Wagh,4,99,6.7,6.5,6,47
6641,Arjun Yadav,4,61,6.4,1.8,4,57
6642,Aryan Nair,1,61,7,4,6,93
6643,Ashish Saxena,10,82,7.7,7,5,62
6644,Ayush Sharma,5,98,7.6,5.9,5,53
6645,Bhavna Jadhav,8,62,6.4,2.1,8,55
6646,Chetan Mishra,8,91,7.8,6.3,3,58
6647,Deepak Bhosale,2,98,6.2,5.7,7,72
6648,Deepika Tiwari,9,79,8.3,2.9,4,85
6649,Dhruv Pande,6,95,8.9,3.4,9,43
6650,Divya Kapoor,7,91,6.2,3.2,10,83
6651,Gaurav Pawar,3,68,8.1,8,6,41
6652,Isha Khan,9,95,8.3,2.3,9,58
6653,Karan Kale,10,88,7,6.8,4,72
6654,Kavya Gaikwad,5,60,5.4,4.7,9,45
6655,Kiran Desai,1,83,8.1,7.2,6,54
6656,Kunal Dhumal,9,86,6.6,7.9,6,75
6657,Manish Malik,9,92,5.8,7.7,2,78
6658,Meera Ingale,6,91,7.5,7,7,44
6659,Mohit Singh,6,79,6.7,3.9,9,83
6660,Neha Shinde,3,72,5.4,2.9,6,62
6661,Nikhil Naik,1,67,8.9,3.2,3,74
6662,Nisha Kadam,10,63,6,5.6,8,51
6663,Pallavi Lokhande,5,86,7,3.4,7,95
6664,Pankaj Roy,3,99,7.7,4,9,82
6665,Pooja Borkar,7,63,5.5,1.6,10,76
6666,Prakash Gupta,1,88,8,6.4,4,50
6667,Priya Chavan,1,83,7.6,1.8,4,83
6668,Rahul Thakur,3,67,7,3.4,10,61
6669,Raj Gawande,5,68,7.1,5.1,3,75
6670,Rakesh Salve,4,71,8.8,4.7,10,76
6671,Riya Das,2,88,8.6,7.3,3,85
6672,Rohan Mane,4,72,5.4,5.6,5,86
6673,Rohit Joshi,4,93,6.5,6.5,3,61
6674,Sachin More,6,75,7.1,3.1,10,44
6675,Sakshi Raut,6,64,8.7,1.9,6,64
6676,Sameer Sawant,9,63,8.3,6.2,9,62
6677,Sana Rathod,9,76,6.5,2.1,2,58
6678,Sanjay Iyer,3,76,8.5,6.8,2,67
6679,Sanya Pandey,10,90,6.5,7.6,6,72
6680,Shivam Verma,6,79,6.1,3,2,74
6681,Shraddha Kulkarni,2,66,7.4,6.3,6,60
6682,Shreya Agrawal,4,68,6.4,4.1,8,74
6683,Sneha Suryawanshi,8,83,7.5,3.1,6,95
6684,Sonali Chaudhary,9,73,6.6,4,9,76
6685,Sonal Reddy,4,87,8.2,5.5,2,73
6686,Sourabh Dubey,2,97,8.8,7.9,4,55
6687,Tanmay Patil,2,74,6.1,3.1,3,58
6688,Tanya Deshmukh,2,82,7,5.9,6,42
6689,Varun Mehta,7,94,7.9,3.3,5,68
6690,Vikas Wagh,6,68,5.6,2.8,6,44
6691,Vijay Yadav,5,80,8.2,5.4,3,83
6692,Vishal Nair,7,72,7.3,6.3,6,93
6693,Yash Saxena,9,85,5.6,6,8,85
6694,Yogesh Sharma,8,90,8.5,7.6,2,48
6695,Zoya Jadhav,2,65,6.7,1.8,9,75
6696,Aarav Mishra,6,67,5.7,4.8,3,64
6697,Aditi Bhosale,9,60,5.8,3,9,40
6698,Aditya Tiwari,8,60,8.1,6.7,9,80
6699,Akash Pande,4,62,8.7,1.4,6,88
6700,Akshay Kapoor,4,88,6.5,2.2,2,65
6701,Aman Pawar,9,97,5.3,6.4,5,90
6702,Amit Khan,1,76,5.4,3.5,7,43
6703,Ananya Kale,6,96,7.6,5.8,5,88
6704,Aniket Gaikwad,2,89,6.5,8,7,78
6705,Anjali Desai,9,93,6.7,4.2,9,77
6706,Arjun Dhumal,1,90,6.3,4.7,10,68
6707,Aryan Malik,1,68,6.9,7.8,5,41
6708,Ashish Ingale,4,81,7.6,6.2,10,65
6709,Ayush Singh,3,81,7.2,2.4,4,93
6710,Bhavna Shinde,5,86,5.7,6.6,10,65
6711,Chetan Naik,3,92,7,4.6,3,43
6712,Deepak Kadam,4,64,6.8,6.5,6,67
6713,Deepika Lokhande,6,87,7.2,5.2,8,48
6714,Dhruv Roy,6,94,5.4,2.6,2,63
6715,Divya Borkar,10,64,5.6,6.7,5,75
6716,Gaurav Gupta,5,77,7.1,1,4,43
6717,Isha Chavan,6,96,6.1,7.2,9,65
6718,Karan Thakur,7,60,7.5,6.7,6,68
6719,Kavya Gawande,2,66,6.5,7.8,2,82
6720,Kiran Salve,7,92,5.9,1.2,2,43
6721,Kunal Das,9,67,7.6,4.1,2,75
6722,Manish Mane,4,88,6.6,2.2,2,74
6723,Meera Joshi,2,96,5.6,3.6,6,40
6724,Mohit More,4,80,8.2,3.5,4,46
6725,Neha Raut,3,79,6.7,5.2,3,75
6726,Nikhil Sawant,6,77,8.7,4.1,5,88
6727,Nisha Rathod,9,75,5.8,7.8,5,88
6728,Pallavi Iyer,6,75,8.5,2.9,7,83
6729,Pankaj Pandey,2,82,8.3,3.9,6,87
6730,Pooja Verma,4,96,5.4,5.9,10,73
6731,Prakash Kulkarni,7,100,7.1,2.9,5,48
6732,Priya Agrawal,4,95,7.6,6.1,5,69
6733,Rahul Suryawanshi,6,64,7,6,5,59
6734,Raj Chaudhary,7,72,6.6,6,2,54
6735,Rakesh Reddy,4,91,8.8,5.7,8,46
6736,Riya Dubey,7,82,7.8,6.7,6,41
6737,Rohan Patil,4,73,8.9,8,5,82
6738,Rohit Deshmukh,2,72,8.4,1.4,5,49
6739,Sachin Mehta,4,64,8.3,4.5,6,75
6740,Sakshi Wagh,5,73,7.9,6.7,10,56
6741,Sameer Yadav,1,77,7.6,1,5,67
6742,Sana Nair,9,77,8.5,4.8,5,62
6743,Sanjay Saxena,6,82,7.5,5.6,3,56
6744,Sanya Sharma,1,71,5.3,2.3,4,66
6745,Shivam Jadhav,9,68,7.3,3.8,8,84
6746,Shraddha Mishra,9,96,5.4,6.5,8,68
6747,Shreya Bhosale,1,76,8.8,1.5,9,84
6748,Sneha Tiwari,2,70,7.6,1.9,6,91
6749,Sonali Pande,4,86,7.2,6.7,10,67
6750,Sonal Kapoor,6,82,5.8,6.7,6,84
6751,Sourabh Pawar,8,83,7.1,5.1,3,46
6752,Tanmay Khan,5,69,6.4,3.9,3,71
6753,Tanya Kale,7,89,7.7,1.7,6,66
6754,Varun Gaikwad,1,67,7.4,6.7,5,40
6755,Vikas Desai,7,94,7,2.7,2,90
6756,Vijay Dhumal,10,77,6,7.4,2,81
6757,Vishal Malik,6,76,7.1,6.4,7,72
6758,Yash Ingale,5,75,6.8,1.6,8,78
6759,Yogesh Singh,3,77,8.4,5.4,3,82
6760,Zoya Shinde,10,87,8.6,7.4,4,83
6761,Aarav Naik,1,80,8,7.2,6,56
6762,Aditi Kadam,3,65,6.3,5.3,3,63
6763,Aditya Lokhande,2,83,5.2,2.2,9,59
6764,Akash Roy,9,70,8.7,5.8,7,91
6765,Akshay Borkar,5,64,9,5.7,5,46
6766,Aman Gupta,10,94,5.5,5.1,7,90
6767,Amit Chavan,7,72,7.7,2.9,3,59
6768,Ananya Thakur,6,84,6.7,7.3,4,83
6769,Aniket Gawande,6,67,5.6,4.5,6,49
6770,Anjali Salve,3,73,9,3.1,10,87
6771,Arjun Das,6,75,8.7,2.8,9,70
6772,Aryan Mane,7,65,8.9,3,7,95
6773,Ashish Joshi,10,99,5.6,4.2,5,62
6774,Ayush More,6,72,7,2.6,10,95
6775,Bhavna Raut,10,83,8.6,4.6,3,86
6776,Chetan Sawant,10,83,7.7,2.3,4,40
6777,Deepak Rathod,6,77,6.7,2.9,5,61
6778,Deepika Iyer,5,84,7.1,1.8,6,62
6779,Dhruv Pandey,2,83,5.2,3.5,8,51
6780,Divya Verma,3,63,7.4,3.8,5,89
6781,Gaurav Kulkarni,9,87,8.4,3.8,10,44
6782,Isha Agrawal,2,64,5,6.1,5,54
6783,Karan Suryawanshi,4,77,5.6,4.4,7,54
6784,Kavya Chaudhary,7,74,7.1,5.9,2,63
6785,Kiran Reddy,3,78,7.2,1.2,3,79
6786,Kunal Dubey,10,62,6.4,4.1,3,40
6787,Manish Patil,7,88,5.1,1.6,2,75
6788,Meera Deshmukh,1,77,8,4.2,9,62
6789,Mohit Mehta,3,62,6,5.3,7,74
6790,Neha Wagh,8,60,7.6,6.6,9,43
6791,Nikhil Yadav,9,82,7.2,4.9,4,88
6792,Nisha Nair,10,87,6.7,3.7,2,72
6793,Pallavi Saxena,9,82,7.4,2.9,4,54
6794,Pankaj Sharma,1,89,7.8,7.7,2,84
6795,Pooja Jadhav,8,91,7.3,2.4,4,66
6796,Prakash Mishra,2,95,7.2,1.3,2,61
6797,Priya Bhosale,1,100,6.7,1.9,3,49
6798,Rahul Tiwari,7,96,6.7,8,7,67
6799,Raj Pande,5,92,7,7.3,10,52
6800,Rakesh Kapoor,7,77,6.8,3.2,4,81
6801,Riya Pawar,9,80,6.8,1,10,60
6802,Rohan Khan,1,85,5.8,6.4,8,46
6803,Rohit Kale,6,66,7.9,3.1,3,79
6804,Sachin Gaikwad,9,87,5.5,1.2,2,87
6805,Sakshi Desai,5,84,8.6,4.2,3,86
6806,Sameer Dhumal,6,81,7.5,4,8,67
6807,Sana Malik,5,94,5.2,3.5,8,57
6808,Sanjay Ingale,10,88,7.6,5.6,9,52
6809,Sanya Singh,1,98,6.4,6.1,6,62
6810,Shivam Shinde,9,100,8.7,4.9,2,45
6811,Shraddha Naik,9,93,8.7,1.1,10,89
6812,Shreya Kadam,9,72,8.4,1.2,9,53
6813,Sneha Lokhande,5,67,7.3,7.2,8,83
6814,Sonali Roy,6,72,8.7,2.3,10,61
6815,Sonal Borkar,4,89,7.6,3.8,4,78
6816,Sourabh Gupta,3,95,8.5,1.7,6,91
6817,Tanmay Chavan,9,96,5.6,2.6,6,62
6818,Tanya Thakur,6,88,8.6,4.4,4,94
6819,Varun Gawande,8,87,7.6,2.6,10,59
6820,Vikas Salve,2,99,6.2,5.6,7,54
6821,Vijay Das,8,88,9,3.6,10,80
6822,Vishal Mane,7,65,7.7,6.5,4,47
6823,Yash Joshi,10,80,8.6,5.2,6,45
6824,Yogesh More,2,74,5,2.8,10,60
6825,Zoya Raut,6,86,7.2,6.7,3,70
6826,Aarav Sawant,6,86,7.9,7.5,6,66
6827,Aditi Rathod,6,72,5.1,1.8,9,43
6828,Aditya Iyer,1,72,8.1,5.7,9,70
6829,Akash Pandey,5,63,7.6,5.4,8,74
6830,Akshay Verma,3,72,6.1,5.7,7,55
6831,Aman Kulkarni,7,93,7.8,1.2,2,71
6832,Amit Agrawal,3,86,5.5,1.2,4,59
6833,Ananya Suryawanshi,5,98,8.3,3.1,9,43
6834,Aniket Chaudhary,7,97,8.5,1.6,6,81
6835,Anjali Reddy,1,95,6.9,3.6,5,63
6836,Arjun Dubey,8,67,7,7.1,9,95
6837,Aryan Patil,8,73,6.6,3.5,5,50
6838,Ashish Deshmukh,1,62,6.4,3.7,5,40
6839,Ayush Mehta,1,63,8.5,2.9,5,84
6840,Bhavna Wagh,9,69,6.2,4,5,88
6841,Chetan Yadav,3,71,6.6,6.6,6,91
6842,Deepak Nair,9,60,6.2,6.8,10,95
6843,Deepika Saxena,5,94,7.6,3.9,10,57
6844,Dhruv Sharma,4,81,8.3,3.8,5,78
6845,Divya Jadhav,3,86,5.7,2.4,5,41
6846,Gaurav Mishra,7,86,6,7.8,9,63
6847,Isha Bhosale,2,99,5.4,3.2,7,90
6848,Karan Tiwari,5,66,5.6,3.4,3,75
6849,Kavya Pande,4,74,6.6,4,6,87
6850,Kiran Kapoor,2,72,8.1,1.6,9,92
6851,Kunal Pawar,4,82,7.2,3.3,5,84
6852,Manish Khan,6,81,5.2,7.5,7,78
6853,Meera Kale,7,92,7.5,1.5,8,59
6854,Mohit Gaikwad,1,82,8.2,2.7,3,69
6855,Neha Desai,9,69,6.6,2.5,10,44
6856,Nikhil Dhumal,9,83,6,2.6,2,72
6857,Nisha Malik,7,99,8.1,7.7,3,94
6858,Pallavi Ingale,10,83,5.1,6,4,48
6859,Pankaj Singh,5,84,8.3,7.4,2,67
6860,Pooja Shinde,9,67,8.2,7,7,90
6861,Prakash Naik,8,60,8.6,5.4,6,59
6862,Priya Kadam,6,68,5.4,4.9,5,72
6863,Rahul Lokhande,2,61,5.4,4.6,10,83
6864,Raj Roy,6,78,8.5,5.8,4,84
6865,Rakesh Borkar,10,96,6.9,5.9,9,77
6866,Riya Gupta,10,78,6.6,5.2,7,43
6867,Rohan Chavan,5,86,7.3,4.1,8,42
6868,Rohit Thakur,3,95,5.2,5.7,10,82
6869,Sachin Gawande,8,91,7.6,2.1,4,93
6870,Sakshi Salve,1,86,8.8,4.9,3,54
6871,Sameer Das,2,92,7.7,4.6,9,71
6872,Sana Mane,6,71,6.9,4.7,7,43
6873,Sanjay Joshi,10,77,8.8,4.6,3,50
6874,Sanya More,4,76,7.8,6.3,10,67
6875,Shivam Raut,5,92,5.2,6.3,8,40
6876,Shraddha Sawant,4,76,7.7,3.3,6,72
6877,Shreya Rathod,5,98,5.2,3.5,3,70
6878,Sneha Iyer,1,67,6.2,1.1,10,45
6879,Sonali Pandey,6,67,7.5,1.8,6,73
6880,Sonal Verma,6,89,5.9,2.8,7,65
6881,Sourabh Kulkarni,4,91,5.2,6.4,2,45
6882,Tanmay Agrawal,3,87,7.5,6.6,8,52
6883,Tanya Suryawanshi,8,72,6.1,2.7,9,70
6884,Varun Chaudhary,2,60,7.1,7.1,9,85
6885,Vikas Reddy,1,73,6,3.6,5,64
6886,Vijay Dubey,1,79,7.7,6.6,3,75
6887,Vishal Patil,9,76,8.6,4.3,5,64
6888,Yash Deshmukh,4,97,5.3,6,7,88
6889,Yogesh Mehta,2,95,8.1,3.5,4,94
6890,Zoya Wagh,9,91,5.6,1.5,7,63
6891,Aarav Yadav,2,60,6.3,2.8,10,56
6892,Aditi Nair,4,65,6.4,5.9,3,72
6893,Aditya Saxena,1,77,5.8,7.4,4,89
6894,Akash Sharma,7,85,5.3,5.4,6,73
6895,Akshay Jadhav,7,87,8.1,6.4,3,59
6896,Aman Mishra,8,72,8.2,1.1,8,83
6897,Amit Bhosale,3,64,9,6.3,2,50
6898,Ananya Tiwari,4,73,8.7,6.8,2,55
6899,Aniket Pande,10,92,6.7,3.9,5,48
6900,Anjali Kapoor,9,100,5.5,4.5,5,91
6901,Arjun Pawar,1,98,5,1.4,8,92
6902,Aryan Khan,7,84,7.1,2.2,3,93
6903,Ashish Kale,9,63,8.4,1.4,9,41
6904,Ayush Gaikwad,6,99,6.1,6.1,3,90
6905,Bhavna Desai,7,66,5.8,6.6,10,52
6906,Chetan Dhumal,1,71,6.8,1.8,6,93
6907,Deepak Malik,1,99,8.6,7.5,8,59
6908,Deepika Ingale,1,80,6.8,6.9,2,57
6909,Dhruv Singh,2,68,7.9,5,8,76
6910,Divya Shinde,10,80,6.9,7.8,5,84
6911,Gaurav Naik,7,63,6.5,7.2,6,61
6912,Isha Kadam,8,72,6.8,2.6,2,86
6913,Karan Lokhande,3,99,8.1,7.7,7,41
6914,Kavya Roy,10,72,8,4.1,10,90
6915,Kiran Borkar,2,96,6.7,2.1,10,68
6916,Kunal Gupta,10,82,6.1,2.4,9,70
6917,Manish Chavan,1,86,5.6,5.8,8,89
6918,Meera Thakur,1,88,5,7.9,3,43
6919,Mohit Gawande,1,82,5.5,4.1,5,89
6920,Neha Salve,8,61,5.7,5,2,51
6921,Nikhil Das,3,97,7.8,3.1,4,95
6922,Nisha Mane,5,79,8.3,6.9,4,80
6923,Pallavi Joshi,5,86,7.9,1.8,8,59
6924,Pankaj More,8,82,7.9,5.1,2,43
6925,Pooja Raut,4,86,9,5.1,10,46
6926,Prakash Sawant,1,74,8.9,1,8,46
6927,Priya Rathod,4,94,6.1,7.6,8,43
6928,Rahul Iyer,3,69,5.6,7.8,7,74
6929,Raj Pandey,8,86,5.6,4.3,4,88
6930,Rakesh Verma,8,83,8.6,6.1,6,84
6931,Riya Kulkarni,1,80,5.4,6.9,7,81
6932,Rohan Agrawal,8,60,6.4,1.8,9,94
6933,Rohit Suryawanshi,1,75,7.1,1.6,8,75
6934,Sachin Chaudhary,7,61,7.5,5.8,9,45
6935,Sakshi Reddy,4,80,7.4,4.9,6,67
6936,Sameer Dubey,4,88,8.1,5.8,5,82
6937,Sana Patil,5,81,7.3,5,9,65
6938,Sanjay Deshmukh,4,91,8.4,6.1,7,57
6939,Sanya Mehta,8,74,5.3,2.1,5,67
6940,Shivam Wagh,10,72,8.4,2.5,5,83
6941,Shraddha Yadav,9,78,7.4,2.7,7,60
6942,Shreya Nair,5,69,5.9,3.9,7,59
6943,Sneha Saxena,6,92,8.9,6.3,5,66
6944,Sonali Sharma,5,93,8.8,6.8,3,63
6945,Sonal Jadhav,8,77,8.4,3.8,10,51
6946,Sourabh Mishra,6,92,8.6,5.2,4,55
6947,Tanmay Bhosale,5,61,6.5,3.1,3,46
6948,Tanya Tiwari,5,66,5.9,4.3,4,82
6949,Varun Pande,4,71,5.7,7.6,9,51
6950,Vikas Kapoor,6,75,8.5,2.9,3,94
6951,Vijay Pawar,7,69,8.3,6.5,8,94
6952,Vishal Khan,5,80,8.9,1.3,5,77
6953,Yash Kale,9,92,8.4,3.4,7,95
6954,Yogesh Gaikwad,9,78,7.5,5.6,8,88
6955,Zoya Desai,5,78,5.6,6.4,4,82
6956,Aarav Dhumal,10,62,5.7,5.1,5,59
6957,Aditi Malik,2,71,6.9,7.1,9,86
6958,Aditya Ingale,10,93,8.1,6.7,10,59
6959,Akash Singh,3,93,5.7,5.3,9,45
6960,Akshay Shinde,6,64,8.7,3.4,4,71
6961,Aman Naik,3,60,7.7,3.5,4,46
6962,Amit Kadam,5,94,6.2,5.3,10,45
6963,Ananya Lokhande,4,67,8.5,5.6,8,45
6964,Aniket Roy,8,83,7.4,3.8,3,91
6965,Anjali Borkar,1,93,7.9,3.8,7,43
6966,Arjun Gupta,9,92,6.5,2.2,4,62
6967,Aryan Chavan,10,82,6.6,1,3,81
6968,Ashish Thakur,6,75,5.1,4.2,3,84
6969,Ayush Gawande,6,91,7.2,6.8,5,43
6970,Bhavna Salve,7,88,8,6.4,4,90
6971,Chetan Das,2,94,8.9,8,9,93
6972,Deepak Mane,8,81,8.6,5.7,3,94
6973,Deepika Joshi,3,98,5.3,2.6,3,76
6974,Dhruv More,7,91,8.9,5.7,7,68
6975,Divya Raut,4,62,5.6,6.8,5,49
6976,Gaurav Sawant,8,72,5.2,5.5,3,46
6977,Isha Rathod,8,92,8,4.4,2,85
6978,Karan Iyer,3,64,8.6,5.3,2,87
6979,Kavya Pandey,7,89,8.8,1.2,4,86
6980,Kiran Verma,5,73,8.3,2.9,4,74
6981,Kunal Kulkarni,3,68,5.8,2.1,7,71
6982,Manish Agrawal,6,82,5.6,3.9,8,50
6983,Meera Suryawanshi,10,98,5.2,7.3,3,45
6984,Mohit Chaudhary,1,96,7.3,2.3,5,51
6985,Neha Reddy,10,76,6.9,1.5,6,62
6986,Nikhil Dubey,9,60,5.4,6.4,3,56
6987,Nisha Patil,6,96,6.9,7.1,6,70
6988,Pallavi Deshmukh,7,96,7.3,4.7,2,83
6989,Pankaj Mehta,4,84,7.9,3.6,4,81
6990,Pooja Wagh,2,85,6.7,4,8,86
6991,Prakash Yadav,6,81,6.3,5.6,4,56
6992,Priya Nair,9,60,7.7,6.8,8,92
6993,Rahul Saxena,3,66,7.7,2.3,2,88
6994,Raj Sharma,8,65,6.1,7.3,6,59
6995,Rakesh Jadhav,8,97,5.1,5.6,10,54
6996,Riya Mishra,8,62,8.8,6.2,6,89
6997,Rohan Bhosale,4,82,8,1.6,9,95
6998,Rohit Tiwari,4,74,5.8,7.4,4,66
6999,Sachin Pande,5,60,7.3,4.7,3,46
7000,Sakshi Kapoor,9,97,7.4,3.5,6,73
7001,Sameer Pawar,10,60,5.5,3.8,4,86
7002,Sana Khan,5,95,5.8,3.1,8,66
7003,Sanjay Kale,10,91,8.8,2.1,5,47
7004,Sanya Gaikwad,6,92,7,1.2,8,81
7005,Shivam Desai,4,66,5.8,2.9,2,82
7006,Shraddha Dhumal,1,96,8.2,4.5,5,88
7007,Shreya Malik,7,84,6.9,5.7,4,88
7008,Sneha Ingale,7,76,7.6,6.1,8,66
7009,Sonali Singh,10,87,6.2,5.2,3,57
7010,Sonal Shinde,8,73,5.2,1.8,6,49
7011,Sourabh Naik,1,71,5.7,4,5,45
7012,Tanmay Kadam,6,71,8.9,5.7,8,86
7013,Tanya Lokhande,8,83,7.5,6.2,5,95
7014,Varun Roy,5,84,8.3,3.3,8,76
7015,Vikas Borkar,5,69,5.1,7.5,2,94
7016,Vijay Gupta,9,70,8.1,6.6,8,57
7017,Vishal Chavan,7,98,6.9,7,7,82
7018,Yash Thakur,7,81,7.7,5.7,3,62
7019,Yogesh Gawande,5,95,6.4,3.9,2,61
7020,Zoya Salve,3,73,7.5,7.5,4,75
7021,Aarav Das,6,71,5.1,7.3,10,47
7022,Aditi Mane,10,71,5.2,6.8,4,63
7023,Aditya Joshi,7,81,8.2,7.2,6,63
7024,Akash More,8,91,5.5,7.4,6,64
7025,Akshay Raut,2,80,5.1,6.2,4,80
7026,Aman Sawant,10,72,8.6,2.4,6,55
7027,Amit Rathod,3,99,6.1,4.8,3,48
7028,Ananya Iyer,10,83,7.3,5.3,8,74
7029,Aniket Pandey,5,76,8.4,6.4,3,40
7030,Anjali Verma,10,60,8,4.5,7,95
7031,Arjun Kulkarni,9,83,5.2,4.6,4,90
7032,Aryan Agrawal,8,85,7.2,8,7,61
7033,Ashish Suryawanshi,10,98,7.2,4.2,6,79
7034,Ayush Chaudhary,7,69,6.4,1.9,7,69
7035,Bhavna Reddy,9,66,8,6,7,78
7036,Chetan Dubey,2,100,8.9,3.5,4,52
7037,Deepak Patil,1,82,5.6,2.7,7,93
7038,Deepika Deshmukh,6,61,5.6,5.4,4,89
7039,Dhruv Mehta,9,64,7.9,7.7,5,69
7040,Divya Wagh,8,79,6.8,3.2,3,89
7041,Gaurav Yadav,6,85,8.2,3.6,6,57
7042,Isha Nair,6,69,5.6,4.3,9,83
7043,Karan Saxena,7,74,5.2,5.8,7,90
7044,Kavya Sharma,9,90,7.8,3.8,2,78
7045,Kiran Jadhav,9,99,9,4,2,95
7046,Kunal Mishra,2,80,5.4,5.9,4,51
7047,Manish Bhosale,6,77,8.5,7.9,7,41
7048,Meera Tiwari,4,74,6.5,3.2,4,69
7049,Mohit Pande,8,65,5.1,5.1,10,58
7050,Neha Kapoor,6,62,7,6.6,7,75
7051,Nikhil Pawar,10,94,6.1,2.5,10,60
7052,Nisha Khan,5,61,7.8,6.7,10,88
7053,Pallavi Kale,7,93,6.2,3.5,2,46
7054,Pankaj Gaikwad,2,70,6.9,1.8,9,93
7055,Pooja Desai,10,88,5.8,1.2,2,52
7056,Prakash Dhumal,2,99,8.3,1.2,2,58
7057,Priya Malik,4,90,8.7,6.6,6,41
7058,Rahul Ingale,9,89,6.6,5.7,6,78
7059,Raj Singh,10,70,6.8,6.6,7,78
7060,Rakesh Shinde,5,84,8.9,6.3,2,92
7061,Riya Naik,5,86,5.6,3.7,2,45
7062,Rohan Kadam,1,77,8.2,7.5,9,67
7063,Rohit Lokhande,10,61,7.3,7.1,7,89
7064,Sachin Roy,1,97,8.5,3.4,5,41
7065,Sakshi Borkar,1,68,6.2,6.4,3,72
7066,Sameer Gupta,5,99,6.2,6.7,3,52
7067,Sana Chavan,1,98,6.3,4.4,4,59
7068,Sanjay Thakur,2,60,5.1,1.8,6,82
7069,Sanya Gawande,7,90,5.7,3.3,9,85
7070,Shivam Salve,8,85,9,7.9,5,40
7071,Shraddha Das,3,69,6,6,5,76
7072,Shreya Mane,8,93,5.1,6.4,10,62
7073,Sneha Joshi,7,64,6.1,7.4,2,82
7074,Sonali More,3,70,6.6,2.4,2,87
7075,Sonal Raut,8,98,7.2,7.8,10,89
7076,Sourabh Sawant,6,90,5.3,4.6,10,45
7077,Tanmay Rathod,9,64,8.2,6.2,5,85
7078,Tanya Iyer,2,65,8.3,3.2,4,94
7079,Varun Pandey,3,70,5.9,3.3,3,83
7080,Vikas Verma,4,62,8.2,3.5,3,61
7081,Vijay Kulkarni,4,67,6.4,3.4,10,80
7082,Vishal Agrawal,9,83,6.7,1.4,8,43
7083,Yash Suryawanshi,8,60,8.7,3.2,9,61
7084,Yogesh Chaudhary,6,71,8.6,5.5,6,86
7085,Zoya Reddy,6,72,6.5,7.3,7,76
7086,Aarav Dubey,9,99,7,1.3,10,54
7087,Aditi Patil,5,99,6.1,1.1,5,71
7088,Aditya Deshmukh,3,94,7.1,5.1,6,40
7089,Akash Mehta,2,74,7.7,5.9,4,93
7090,Akshay Wagh,4,81,5.4,5.3,6,70
7091,Aman Yadav,7,80,8.7,7.8,3,68
7092,Amit Nair,5,95,7.9,2.6,3,58
7093,Ananya Saxena,5,90,5.4,4.4,5,52
7094,Aniket Sharma,5,97,8.5,7.4,10,58
7095,Anjali Jadhav,10,82,8,5.3,4,65
7096,Arjun Mishra,10,97,6.3,5,7,63
7097,Aryan Bhosale,2,90,7.1,7.5,7,63
7098,Ashish Tiwari,2,90,8.4,3.4,7,68
7099,Ayush Pande,3,87,8.9,2.1,3,66
7100,Bhavna Kapoor,9,73,6.1,1.9,9,57
7101,Chetan Pawar,5,84,7.6,6.8,9,72
7102,Deepak Khan,9,74,8.4,7,2,53
7103,Deepika Kale,7,86,9,2.6,5,93
7104,Dhruv Gaikwad,6,70,5.3,4.2,9,77
7105,Divya Desai,3,92,7,5.1,4,55
7106,Gaurav Dhumal,4,83,8.5,2,6,78
7107,Isha Malik,2,89,5,6.9,9,94
7108,Karan Ingale,6,69,6.7,3.9,9,82
7109,Kavya Singh,3,92,7.3,7,5,83
7110,Kiran Shinde,3,92,7.1,6.3,8,52
7111,Kunal Naik,1,65,7.9,3.1,10,50
7112,Manish Kadam,8,74,5.3,6,6,71
7113,Meera Lokhande,10,87,8.1,6.2,10,55
7114,Mohit Roy,5,95,6.1,3.2,8,46
7115,Neha Borkar,6,90,8.3,2.8,7,90
7116,Nikhil Gupta,10,79,6.7,6.8,8,59
7117,Nisha Chavan,6,72,5.2,5.7,3,84
7118,Pallavi Thakur,7,97,8.9,6.2,2,80
7119,Pankaj Gawande,5,95,8.1,3.2,9,48
7120,Pooja Salve,6,96,6.4,6.1,8,50
7121,Prakash Das,6,72,6.1,6,10,72
7122,Priya Mane,8,77,7.4,3.3,6,74
7123,Rahul Joshi,7,69,8.9,2.9,5,55
7124,Raj More,6,99,6.2,4,9,48
7125,Rakesh Raut,1,95,8.8,6.2,10,75
7126,Riya Sawant,10,67,6.3,2.4,9,53
7127,Rohan Rathod,9,70,7.8,7.1,9,49
7128,Rohit Iyer,2,82,6.5,2.8,3,61
7129,Sachin Pandey,3,77,5.3,6.9,9,59
7130,Sakshi Verma,10,78,8.7,2.1,2,62
7131,Sameer Kulkarni,4,75,5.7,6.2,8,61
7132,Sana Agrawal,9,87,8.8,4.9,3,71
7133,Sanjay Suryawanshi,8,96,5.4,5.6,2,70
7134,Sanya Chaudhary,9,97,6.1,7.8,8,42
7135,Shivam Reddy,1,78,8.7,1.4,5,53
7136,Shraddha Dubey,5,93,7.6,2,9,68
7137,Shreya Patil,6,88,5.8,1.6,4,80
7138,Sneha Deshmukh,9,68,7.4,4.6,8,41
7139,Sonali Mehta,3,92,5.7,6.6,7,85
7140,Sonal Wagh,4,74,8.5,1.4,9,45
7141,Sourabh Yadav,2,85,5.2,6.5,9,75
7142,Tanmay Nair,8,89,7.1,4,7,52
7143,Tanya Saxena,10,98,5.3,7.6,5,90
7144,Varun Sharma,2,98,7.8,3.7,6,78
7145,Vikas Jadhav,3,92,8.7,7.9,7,84
7146,Vijay Mishra,4,80,8.3,4.9,10,85
7147,Vishal Bhosale,9,76,6.5,7.9,3,42
7148,Yash Tiwari,5,78,5.9,5.4,2,87
7149,Yogesh Pande,3,98,5.5,3.4,6,44
7150,Zoya Kapoor,4,68,8.5,6.6,5,70
7151,Aarav Pawar,6,81,5.3,4.4,10,76
7152,Aditi Khan,4,87,7.5,3.2,4,90
7153,Aditya Kale,2,60,6.5,4.3,3,80
7154,Akash Gaikwad,9,86,9,7.1,3,79
7155,Akshay Desai,5,70,7,6.1,10,94
7156,Aman Dhumal,3,71,7.2,2.2,7,40
7157,Amit Malik,8,85,8.7,6.9,10,40
7158,Ananya Ingale,8,60,8.9,4,4,50
7159,Aniket Singh,2,66,7.3,1.6,2,53
7160,Anjali Shinde,1,78,8.2,2,6,67
7161,Arjun Naik,1,83,7.5,1.5,3,86
7162,Aryan Kadam,8,64,6.7,5.7,3,61
7163,Ashish Lokhande,7,74,5.2,2.8,9,89
7164,Ayush Roy,8,72,7.9,1.7,5,75
7165,Bhavna Borkar,7,81,7.8,3.6,2,66
7166,Chetan Gupta,5,72,5.5,7.1,3,84
7167,Deepak Chavan,6,60,5.9,5.4,5,67
7168,Deepika Thakur,8,81,7.9,4.4,10,42
7169,Dhruv Gawande,4,94,5.6,6.1,7,87
7170,Divya Salve,10,83,7.8,1.5,6,47
7171,Gaurav Das,9,74,7.9,7.2,7,65
7172,Isha Mane,9,79,6.4,2.2,9,48
7173,Karan Joshi,10,65,6,1.1,3,84
7174,Kavya More,4,69,6.5,3.5,6,75
7175,Kiran Raut,2,77,6.4,1.4,5,93
7176,Kunal Sawant,5,84,7.4,2.2,2,88
7177,Manish Rathod,8,79,8,6.2,6,54
7178,Meera Iyer,8,99,8.4,3.8,8,54
7179,Mohit Pandey,4,86,5.1,1,7,55
7180,Neha Verma,3,60,7.9,5.5,2,48
7181,Nikhil Kulkarni,5,81,6.3,5.9,5,92
7182,Nisha Agrawal,9,83,8.4,7.3,5,44
7183,Pallavi Suryawanshi,1,61,5.3,2.1,3,63
7184,Pankaj Chaudhary,4,75,7.2,7,6,55
7185,Pooja Reddy,3,95,7.2,6,6,40
7186,Prakash Dubey,9,74,6.3,4.9,9,86
7187,Priya Patil,5,78,8.9,2.8,8,68
7188,Rahul Deshmukh,1,69,5.4,4.2,10,89
7189,Raj Mehta,3,63,5.5,2.4,5,74
7190,Rakesh Wagh,1,73,7.6,6,3,67
7191,Riya Yadav,5,91,7.1,5.9,6,53
7192,Rohan Nair,10,100,6.1,2.3,7,73
7193,Rohit Saxena,6,87,6.2,2.8,4,80
7194,Sachin Sharma,9,94,5.6,7.3,6,41
7195,Sakshi Jadhav,8,86,8.5,4.3,10,53
7196,Sameer Mishra,9,87,7.3,4.9,8,60
7197,Sana Bhosale,4,77,6,7.7,7,46
7198,Sanjay Tiwari,10,62,6.6,2.4,10,44
7199,Sanya Pande,3,76,8.6,5.4,2,53
7200,Shivam Kapoor,5,95,8.5,6.4,6,59
7201,Shraddha Pawar,7,81,5.3,3.2,4,69
7202,Shreya Khan,3,91,7.6,3.2,4,85
7203,Sneha Kale,3,62,5.6,7.3,9,87
7204,Sonali Gaikwad,2,68,5.8,1.7,9,61
7205,Sonal Desai,1,72,8.5,2.1,6,69
7206,Sourabh Dhumal,6,74,8.6,3.9,6,40
7207,Tanmay Malik,10,100,5.3,6.6,7,87
7208,Tanya Ingale,3,78,8.5,4.2,9,53
7209,Varun Singh,5,87,7.9,2.9,2,43
7210,Vikas Shinde,10,86,8.1,3.9,7,73
7211,Vijay Naik,8,77,8.2,4.1,2,60
7212,Vishal Kadam,1,99,7,6.1,10,63
7213,Yash Lokhande,6,69,8.8,7.1,4,64
7214,Yogesh Roy,2,61,5.8,3.2,2,75
7215,Zoya Borkar,3,90,7,6,9,84
7216,Aarav Gupta,3,86,6.3,5.9,8,72
7217,Aditi Chavan,7,70,8.3,6.4,10,74
7218,Aditya Thakur,2,95,5.3,5,5,85
7219,Akash Gawande,3,66,6.7,1.1,4,83
7220,Akshay Salve,3,70,8.1,5.6,8,49
7221,Aman Das,4,66,6.2,5.3,10,58
7222,Amit Mane,7,67,6,5.3,10,67
7223,Ananya Joshi,4,89,6.1,3,5,92
7224,Aniket More,4,88,7.9,1.7,7,73
7225,Anjali Raut,6,86,6.1,2.3,9,85
7226,Arjun Sawant,7,95,6.6,2.5,8,84
7227,Aryan Rathod,1,62,7.2,2.2,7,91
7228,Ashish Iyer,9,85,8.8,2.7,3,69
7229,Ayush Pandey,10,64,8.2,1.5,7,54
7230,Bhavna Verma,7,99,5.7,2.9,3,63
7231,Chetan Kulkarni,6,85,8.5,8,6,40
7232,Deepak Agrawal,7,91,8.4,4.6,7,78
7233,Deepika Suryawanshi,5,83,8,3.4,2,74
7234,Dhruv Chaudhary,4,75,7.1,6,5,49
7235,Divya Reddy,4,88,5.3,4.3,4,67
7236,Gaurav Dubey,2,94,7.8,1.2,3,80
7237,Isha Patil,9,67,7.1,4.8,7,83
7238,Karan Deshmukh,4,95,6.2,3.1,8,83
7239,Kavya Mehta,3,89,5,5,10,45
7240,Kiran Wagh,10,63,5.9,2.2,8,60
7241,Kunal Yadav,6,98,7.4,4.4,3,73
7242,Manish Nair,7,67,5.4,2.4,2,45
7243,Meera Saxena,3,84,7.6,3.1,9,51
7244,Mohit Sharma,3,65,8.3,5.8,2,92
7245,Neha Jadhav,8,68,6.3,2.6,5,68
7246,Nikhil Mishra,5,86,5.3,3.9,5,72
7247,Nisha Bhosale,2,87,5.6,1.5,3,48
7248,Pallavi Tiwari,9,88,6.4,5.8,7,75
7249,Pankaj Pande,5,74,8.3,4.8,8,91
7250,Pooja Kapoor,7,93,7.5,6.7,10,93
7251,Prakash Pawar,4,62,8.5,4.7,6,50
7252,Priya Khan,6,95,9,8,5,52
7253,Rahul Kale,8,72,5.8,2.7,3,72
7254,Raj Gaikwad,9,85,7.8,6.2,2,89
7255,Rakesh Desai,3,97,6.9,4,9,40
7256,Riya Dhumal,7,70,7,3.6,9,52
7257,Rohan Malik,10,76,6.3,6.1,10,48
7258,Rohit Ingale,7,93,6.4,7.7,3,84
7259,Sachin Singh,2,95,7.7,6.3,5,67
7260,Sakshi Shinde,2,69,7.5,3.3,7,80
7261,Sameer Naik,3,80,6.3,4.6,9,42
7262,Sana Kadam,2,73,5.5,2.5,5,47
7263,Sanjay Lokhande,8,81,7.3,5.3,3,70
7264,Sanya Roy,10,75,8,3.8,10,63
7265,Shivam Borkar,6,60,7.2,2.6,2,50
7266,Shraddha Gupta,6,97,5,1.1,8,54
7267,Shreya Chavan,8,86,6.1,7.5,5,80
7268,Sneha Thakur,5,78,8.1,1.6,2,40
7269,Sonali Gawande,5,64,8,3.3,6,88
7270,Sonal Salve,6,62,5,2.3,5,48
7271,Sourabh Das,4,79,6.9,4.5,5,82
7272,Tanmay Mane,1,86,6.7,2.4,3,75
7273,Tanya Joshi,6,70,7.6,6.2,8,43
7274,Varun More,9,90,5.5,2.6,4,82
7275,Vikas Raut,1,76,7.5,2.3,3,67
7276,Vijay Sawant,3,60,8.8,2.5,5,56
7277,Vishal Rathod,3,82,6.5,3.1,3,46
7278,Yash Iyer,9,67,6.3,5.5,6,46
7279,Yogesh Pandey,6,60,5.1,2.5,6,62
7280,Zoya Verma,6,65,5.2,5.9,9,56
7281,Aarav Kulkarni,7,71,8.7,4,10,87
7282,Aditi Agrawal,3,81,8.9,2.4,2,70
7283,Aditya Suryawanshi,8,100,5,2.7,2,42
7284,Akash Chaudhary,1,68,8.6,4.7,5,89
7285,Akshay Reddy,2,62,5.7,3.7,2,54
7286,Aman Dubey,9,67,7.2,4.6,9,73
7287,Amit Patil,7,73,7.7,6.7,9,86
7288,Ananya Deshmukh,2,68,6.4,1.3,5,77
7289,Aniket Mehta,5,73,7.1,3.8,10,62
7290,Anjali Wagh,1,99,7.5,3.9,6,40
7291,Arjun Yadav,7,75,5.8,2.8,6,53
7292,Aryan Nair,8,86,9,4.1,9,71
7293,Ashish Saxena,3,88,5.8,5,6,93
7294,Ayush Sharma,4,65,5,5.1,8,42
7295,Bhavna Jadhav,3,70,8.8,5.7,4,48
7296,Chetan Mishra,4,77,6.7,1.5,6,60
7297,Deepak Bhosale,3,78,6.6,4.2,9,84
7298,Deepika Tiwari,3,60,6.1,6.3,10,93
7299,Dhruv Pande,5,86,5.1,4.2,3,49
7300,Divya Kapoor,9,72,6.1,5.6,2,72
7301,Gaurav Pawar,8,73,6.6,5.1,7,93
7302,Isha Khan,3,84,7.1,4.3,2,95
7303,Karan Kale,10,98,6.8,1.6,8,84
7304,Kavya Gaikwad,3,95,8.5,5.4,5,83
7305,Kiran Desai,10,100,8.6,4.7,9,55
7306,Kunal Dhumal,4,76,6.3,1,3,57
7307,Manish Malik,6,64,8.8,2.4,2,95
7308,Meera Ingale,3,68,8.5,1.4,3,74
7309,Mohit Singh,8,74,8.7,5,2,46
7310,Neha Shinde,4,72,7.8,1.1,3,43
7311,Nikhil Naik,9,68,5.8,6.9,8,88
7312,Nisha Kadam,1,66,5.8,7.6,8,47
7313,Pallavi Lokhande,6,67,8.6,7.8,7,79
7314,Pankaj Roy,2,86,7,2.6,5,58
7315,Pooja Borkar,9,80,8.6,4.5,4,49
7316,Prakash Gupta,5,61,7.9,7.2,9,46
7317,Priya Chavan,7,83,5.9,5.8,9,70
7318,Rahul Thakur,9,94,6.5,3.1,4,85
7319,Raj Gawande,6,77,8.9,6.8,10,40
7320,Rakesh Salve,1,73,5.1,5,7,79
7321,Riya Das,3,71,7.9,6.1,5,72
7322,Rohan Mane,3,75,8.9,7.8,3,84
7323,Rohit Joshi,10,71,5.4,8,7,72
7324,Sachin More,10,97,6.1,4.5,2,47
7325,Sakshi Raut,5,100,7.2,2.1,4,62
7326,Sameer Sawant,9,74,8.4,5.3,8,95
7327,Sana Rathod,3,97,7,5.5,6,86
7328,Sanjay Iyer,7,94,5.2,5,3,59
7329,Sanya Pandey,4,63,5.5,4,3,92
7330,Shivam Verma,3,80,6.5,5.1,8,40
7331,Shraddha Kulkarni,3,86,6.3,4.7,9,69
7332,Shreya Agrawal,5,77,5.9,7.6,8,83
7333,Sneha Suryawanshi,4,78,8.4,6.9,3,77
7334,Sonali Chaudhary,3,80,5.1,3.8,8,50
7335,Sonal Reddy,4,88,8.3,5,4,48
7336,Sourabh Dubey,2,72,8.7,5,7,81
7337,Tanmay Patil,10,84,7.5,4.6,7,95
7338,Tanya Deshmukh,4,69,7.5,1.4,9,82
7339,Varun Mehta,2,96,5.6,6,9,88
7340,Vikas Wagh,6,63,7.3,6.1,2,90
7341,Vijay Yadav,9,62,6.5,4.4,2,93
7342,Vishal Nair,4,61,5.9,7.3,10,84
7343,Yash Saxena,9,74,7.3,7.9,4,83
7344,Yogesh Sharma,7,84,5,6.7,2,84
7345,Zoya Jadhav,8,100,6.1,7.5,3,58
7346,Aarav Mishra,3,78,7.6,4.4,6,70
7347,Aditi Bhosale,1,67,6.8,7.4,9,52
7348,Aditya Tiwari,4,75,5.6,7.5,10,69
7349,Akash Pande,10,65,5,5.4,7,68
7350,Akshay Kapoor,8,79,6.1,2.1,4,43
7351,Aman Pawar,8,89,7.2,2.1,8,44
7352,Amit Khan,9,61,7.1,4.3,9,93
7353,Ananya Kale,4,91,5.5,6.1,5,70
7354,Aniket Gaikwad,4,69,7.5,4.5,7,41
7355,Anjali Desai,10,87,9,6.6,6,60
7356,Arjun Dhumal,6,93,7.3,6.4,9,89
7357,Aryan Malik,3,91,7.1,2.4,7,80
7358,Ashish Ingale,3,87,7.5,1.9,2,86
7359,Ayush Singh,9,88,8.5,5.9,9,75
7360,Bhavna Shinde,1,67,8.8,3.2,7,79
7361,Chetan Naik,1,65,5.2,7.5,5,53
7362,Deepak Kadam,8,75,5.8,7.1,3,87
7363,Deepika Lokhande,1,84,5.5,4.2,8,81
7364,Dhruv Roy,2,85,8.1,5.1,2,53
7365,Divya Borkar,10,91,5.2,6.9,3,57
7366,Gaurav Gupta,5,72,8.6,7.1,8,82
7367,Isha Chavan,8,95,5.1,4.9,4,53
7368,Karan Thakur,5,78,7.4,7.8,8,77
7369,Kavya Gawande,1,70,6.1,4.6,4,63
7370,Kiran Salve,2,90,6.9,1.3,8,56
7371,Kunal Das,8,65,6.8,4.9,8,48
7372,Manish Mane,1,76,8,6.4,8,80
7373,Meera Joshi,6,92,7,7.9,8,58
7374,Mohit More,4,91,6.7,1.7,9,71
7375,Neha Raut,4,70,7.9,4.1,5,54
7376,Nikhil Sawant,10,66,8.7,5.1,6,48
7377,Nisha Rathod,7,61,8.2,7.2,2,41
7378,Pallavi Iyer,7,63,7.9,6,5,92
7379,Pankaj Pandey,4,93,7,2.6,6,56
7380,Pooja Verma,4,92,8.6,7,8,72
7381,Prakash Kulkarni,7,80,6.9,5.6,10,66
7382,Priya Agrawal,1,83,8.7,7.3,7,60
7383,Rahul Suryawanshi,3,73,8.2,6.8,3,86
7384,Raj Chaudhary,7,67,5.6,1.9,3,91
7385,Rakesh Reddy,7,60,5.2,7.7,6,50
7386,Riya Dubey,1,87,8,4.2,5,41
7387,Rohan Patil,8,61,7.7,7.9,10,58
7388,Rohit Deshmukh,6,64,7.4,2.3,3,45
7389,Sachin Mehta,3,92,8.9,6.6,7,41
7390,Sakshi Wagh,8,83,7.2,3.1,9,85
7391,Sameer Yadav,10,80,6.4,1.3,5,44
7392,Sana Nair,5,68,7.3,8,4,43
7393,Sanjay Saxena,3,66,5.1,3.1,3,59
7394,Sanya Sharma,3,79,7.3,1.6,7,71
7395,Shivam Jadhav,6,74,8.6,7,7,67
7396,Shraddha Mishra,1,81,5,4,8,81
7397,Shreya Bhosale,5,66,8.4,5,9,81
7398,Sneha Tiwari,1,69,8.2,7.9,10,40
7399,Sonali Pande,1,64,5.4,4.4,3,82
7400,Sonal Kapoor,5,77,8.4,1.5,5,42
7401,Sourabh Pawar,8,71,8.1,5.8,4,91
7402,Tanmay Khan,9,69,7,6,9,57
7403,Tanya Kale,1,82,6,2.4,3,90
7404,Varun Gaikwad,3,80,6.2,4.8,7,95
7405,Vikas Desai,5,68,7.4,3.6,4,45
7406,Vijay Dhumal,6,88,6,1.3,2,61
7407,Vishal Malik,10,74,6.3,3.2,7,46
7408,Yash Ingale,7,73,8.7,7.4,5,94
7409,Yogesh Singh,6,79,7.9,3.1,8,67
7410,Zoya Shinde,1,65,7.9,2.6,5,86
7411,Aarav Naik,1,77,8.8,7.6,3,73
7412,Aditi Kadam,2,83,5,3.7,3,87
7413,Aditya Lokhande,7,65,6,7.6,3,73
7414,Akash Roy,4,83,7.6,7.2,5,42
7415,Akshay Borkar,3,61,6.8,4.3,4,67
7416,Aman Gupta,7,84,5.5,3.7,3,76
7417,Amit Chavan,9,61,8.1,2,4,94
7418,Ananya Thakur,5,67,5.2,2.3,9,86
7419,Aniket Gawande,9,74,7.2,2.6,9,68
7420,Anjali Salve,8,85,7.2,4.3,5,85
7421,Arjun Das,8,89,7.5,3.6,6,92
7422,Aryan Mane,9,79,6.3,6.6,3,89
7423,Ashish Joshi,2,65,5.1,3.1,5,95
7424,Ayush More,8,75,8.6,4,7,60
7425,Bhavna Raut,10,92,8.7,1.9,2,64
7426,Chetan Sawant,10,63,6.9,2.9,9,40
7427,Deepak Rathod,6,89,5.1,6.5,10,47
7428,Deepika Iyer,8,75,7.3,5.9,10,85
7429,Dhruv Pandey,9,60,6.3,3.8,3,58
7430,Divya Verma,9,88,5.7,5,10,64
7431,Gaurav Kulkarni,9,61,5.7,4.2,3,60
7432,Isha Agrawal,9,75,5.7,7.3,9,91
7433,Karan Suryawanshi,4,67,6.3,3.8,3,89
7434,Kavya Chaudhary,8,83,6.1,6.1,5,81
7435,Kiran Reddy,5,62,8.3,2.5,10,93
7436,Kunal Dubey,9,63,7,4,6,70
7437,Manish Patil,9,81,6.7,4.7,3,49
7438,Meera Deshmukh,10,100,5.6,1.7,5,75
7439,Mohit Mehta,6,61,8.5,5.1,4,41
7440,Neha Wagh,5,78,5.2,5,10,63
7441,Nikhil Yadav,2,92,6,2.1,5,86
7442,Nisha Nair,7,71,7.5,8,2,50
7443,Pallavi Saxena,6,80,7.8,1.6,3,71
7444,Pankaj Sharma,6,94,8.2,7.3,6,83
7445,Pooja Jadhav,7,89,6.6,4.4,2,82
7446,Prakash Mishra,9,72,6.4,2.6,4,73
7447,Priya Bhosale,2,90,6.2,1.8,7,58
7448,Rahul Tiwari,5,87,7.3,5.9,9,53
7449,Raj Pande,8,80,6.4,6.3,2,48
7450,Rakesh Kapoor,9,78,6.3,5.7,5,81
7451,Riya Pawar,8,97,5.1,3.9,5,54
7452,Rohan Khan,8,95,8.8,2.2,9,76
7453,Rohit Kale,9,100,5.2,6.5,9,42
7454,Sachin Gaikwad,10,87,6.1,7.1,10,56
7455,Sakshi Desai,7,74,8.7,3.7,7,61
7456,Sameer Dhumal,3,64,7.9,6.9,3,83
7457,Sana Malik,6,65,7.3,5.4,10,45
7458,Sanjay Ingale,8,98,7.6,4.7,8,66
7459,Sanya Singh,2,74,5.4,5.3,7,65
7460,Shivam Shinde,8,64,8.2,1.8,5,58
7461,Shraddha Naik,6,69,6,1.9,9,84
7462,Shreya Kadam,10,60,8.8,6.1,5,94
7463,Sneha Lokhande,3,81,5.9,7.8,4,42
7464,Sonali Roy,10,84,7.5,4.6,4,92
7465,Sonal Borkar,5,75,7.2,1.4,7,90
7466,Sourabh Gupta,6,90,5.6,1.5,7,87
7467,Tanmay Chavan,7,79,6.5,4.3,4,46
7468,Tanya Thakur,6,99,8.1,5.6,5,61
7469,Varun Gawande,10,91,5.9,2.1,4,76
7470,Vikas Salve,2,63,8.9,1.2,8,51
7471,Vijay Das,8,71,6.2,6.1,5,53
7472,Vishal Mane,10,90,7.5,2,9,71
7473,Yash Joshi,3,82,7.5,4.1,4,87
7474,Yogesh More,3,90,6.9,6.1,5,49
7475,Zoya Raut,5,73,7.6,1.9,2,40
7476,Aarav Sawant,8,61,8,4.1,2,95
7477,Aditi Rathod,10,92,7.5,1.8,2,63
7478,Aditya Iyer,8,92,7.2,3.4,2,44
7479,Akash Pandey,8,86,7.4,7.4,10,93
7480,Akshay Verma,5,76,6.6,5.8,4,55
7481,Aman Kulkarni,7,60,5.3,1.2,6,46
7482,Amit Agrawal,3,89,5.6,1.9,10,77
7483,Ananya Suryawanshi,5,87,7.4,3.1,6,82
7484,Aniket Chaudhary,2,87,8.7,7.3,5,47
7485,Anjali Reddy,1,66,5.1,6.2,8,80
7486,Arjun Dubey,9,89,7.2,5.3,8,61
7487,Aryan Patil,9,89,6,2.1,2,57
7488,Ashish Deshmukh,6,95,7.2,7.5,10,77
7489,Ayush Mehta,1,83,8,6.7,3,43
7490,Bhavna Wagh,1,89,7.9,2.7,5,49
7491,Chetan Yadav,2,76,7.9,3.8,10,86
7492,Deepak Nair,8,88,8.1,4,7,95
7493,Deepika Saxena,3,88,5.3,5.1,7,90
7494,Dhruv Sharma,3,91,7,3.6,9,83
7495,Divya Jadhav,9,95,6,2.5,6,47
7496,Gaurav Mishra,9,60,8.7,5.7,7,57
7497,Isha Bhosale,8,91,8.1,5.7,6,87
7498,Karan Tiwari,4,92,5.4,4.1,3,79
7499,Kavya Pande,6,82,6,4.4,4,86
7500,Kiran Kapoor,3,81,6.8,1.4,8,63
7501,Kunal Pawar,9,89,8.9,4.2,4,72
7502,Manish Khan,1,78,5.4,6.6,10,81
7503,Meera Kale,8,76,7.3,5.1,10,83
7504,Mohit Gaikwad,6,92,6.4,7.4,8,80
7505,Neha Desai,8,92,7.6,6,2,42
7506,Nikhil Dhumal,5,68,7.6,6.4,8,51
7507,Nisha Malik,2,93,6,4.2,10,67
7508,Pallavi Ingale,8,73,8.1,2.2,8,79
7509,Pankaj Singh,7,65,5.4,7.4,7,94
7510,Pooja Shinde,5,96,8.3,5.6,7,56
7511,Prakash Naik,4,69,5.8,7.4,6,83
7512,Priya Kadam,4,68,7.4,5.3,4,77
7513,Rahul Lokhande,5,71,6.4,4.2,6,55
7514,Raj Roy,3,80,7.4,1.9,10,49
7515,Rakesh Borkar,3,66,6.1,3.8,2,74
7516,Riya Gupta,3,66,7.3,5.2,3,58
7517,Rohan Chavan,1,76,5,7.5,9,51
7518,Rohit Thakur,10,68,6.5,6.8,9,52
7519,Sachin Gawande,3,67,8.3,4.6,6,52
7520,Sakshi Salve,2,97,6.9,4.1,5,45
7521,Sameer Das,2,84,7,1.2,2,50
7522,Sana Mane,10,60,7.5,3.5,8,94
7523,Sanjay Joshi,5,64,6.7,7.9,6,50
7524,Sanya More,4,93,8.5,6.2,9,62
7525,Shivam Raut,5,71,6.6,4.7,5,67
7526,Shraddha Sawant,1,66,8.8,7,9,79
7527,Shreya Rathod,4,87,8.5,1.2,10,57
7528,Sneha Iyer,3,94,6.7,7.7,3,86
7529,Sonali Pandey,9,76,6.5,5.9,8,83
7530,Sonal Verma,1,90,7.7,1.1,7,68
7531,Sourabh Kulkarni,5,77,8,5.9,5,90
7532,Tanmay Agrawal,8,64,5.7,1.6,3,59
7533,Tanya Suryawanshi,9,92,6,5.5,3,67
7534,Varun Chaudhary,6,97,5.6,3.1,3,73
7535,Vikas Reddy,3,100,8,2.5,4,50
7536,Vijay Dubey,4,64,7.9,5.4,6,44
7537,Vishal Patil,3,83,5.8,4,6,95
7538,Yash Deshmukh,7,85,7.1,1.5,10,42
7539,Yogesh Mehta,3,63,8.1,6.8,8,42
7540,Zoya Wagh,7,99,8.8,2.9,10,45
7541,Aarav Yadav,7,64,5.7,5.3,8,70
7542,Aditi Nair,10,71,6.2,5.3,7,55
7543,Aditya Saxena,4,99,6.4,1.4,9,52
7544,Akash Sharma,10,82,7.5,8,8,88
7545,Akshay Jadhav,5,87,5.5,4.1,9,92
7546,Aman Mishra,7,80,5.8,2.4,4,89
7547,Amit Bhosale,7,90,8.1,4.1,8,58
7548,Ananya Tiwari,9,63,7.2,5.2,4,44
7549,Aniket Pande,5,87,5.6,1,4,93
7550,Anjali Kapoor,8,62,6.6,3.1,8,70
7551,Arjun Pawar,4,67,5.5,4.8,6,94
7552,Aryan Khan,5,80,6.5,5.9,9,49
7553,Ashish Kale,5,78,6.6,3.2,8,92
7554,Ayush Gaikwad,8,66,5.4,3.8,8,57
7555,Bhavna Desai,7,92,5.2,2.5,3,84
7556,Chetan Dhumal,1,72,8.5,3.1,2,46
7557,Deepak Malik,9,95,8.6,5.8,4,81
7558,Deepika Ingale,8,60,5,3.4,5,66
7559,Dhruv Singh,2,69,7.6,3,9,93
7560,Divya Shinde,10,72,5.4,3.1,2,48
7561,Gaurav Naik,7,84,8.2,5.3,6,52
7562,Isha Kadam,1,76,8.5,4.9,9,75
7563,Karan Lokhande,5,66,7.5,3.8,5,85
7564,Kavya Roy,9,83,7.5,5.4,4,89
7565,Kiran Borkar,3,99,6.5,5.5,3,46
7566,Kunal Gupta,10,65,6,1.1,5,40
7567,Manish Chavan,5,70,7,3.4,7,60
7568,Meera Thakur,3,79,5.5,2.7,7,45
7569,Mohit Gawande,4,89,7.7,6.8,9,62
7570,Neha Salve,6,65,6.9,2.9,2,66
7571,Nikhil Das,7,69,5.7,3.2,4,95
7572,Nisha Mane,10,69,7.4,4.8,5,41
7573,Pallavi Joshi,2,85,8.2,4.8,5,57
7574,Pankaj More,10,63,7.4,6.7,8,58
7575,Pooja Raut,6,87,7.1,3.7,2,71
7576,Prakash Sawant,2,77,8.4,3,4,57
7577,Priya Rathod,10,73,5,5.3,2,75
7578,Rahul Iyer,4,95,7.5,6.1,7,87
7579,Raj Pandey,7,93,6.6,7.9,10,77
7580,Rakesh Verma,7,92,5.8,5.3,10,76
7581,Riya Kulkarni,1,96,8.9,4.4,2,46
7582,Rohan Agrawal,3,69,6.6,1.9,3,89
7583,Rohit Suryawanshi,7,95,6.3,7.9,7,71
7584,Sachin Chaudhary,4,67,5.7,5.8,4,49
7585,Sakshi Reddy,1,73,9,2.2,4,75
7586,Sameer Dubey,1,82,8.4,4.2,8,67
7587,Sana Patil,9,90,5.3,4.9,4,90
7588,Sanjay Deshmukh,2,83,7.3,2.5,7,76
7589,Sanya Mehta,2,82,5.6,6.1,2,93
7590,Shivam Wagh,6,75,7.9,5.6,10,94
7591,Shraddha Yadav,2,84,6.9,2.6,2,53
7592,Shreya Nair,7,79,5.4,7.9,2,56
7593,Sneha Saxena,6,79,7.2,7.6,5,51
7594,Sonali Sharma,7,84,8.6,2.9,9,52
7595,Sonal Jadhav,5,84,6.4,4.1,7,78
7596,Sourabh Mishra,8,73,5.2,7.3,6,93
7597,Tanmay Bhosale,7,65,8.8,3.8,4,67
7598,Tanya Tiwari,5,72,5.6,7.7,4,85
7599,Varun Pande,1,76,6.9,2.4,7,81
7600,Vikas Kapoor,3,66,7.2,6.1,6,54
7601,Vijay Pawar,2,67,5.9,5.2,7,87
7602,Vishal Khan,1,98,5.7,3.4,5,66
7603,Yash Kale,3,71,5.5,6,4,40
7604,Yogesh Gaikwad,3,90,5.3,1.2,3,80
7605,Zoya Desai,1,65,7,2.6,4,89
7606,Aarav Dhumal,4,99,8.4,2.8,3,53
7607,Aditi Malik,6,68,5.5,1.8,6,54
7608,Aditya Ingale,2,76,7.8,1.2,4,81
7609,Akash Singh,3,92,6.7,3.5,9,94
7610,Akshay Shinde,1,68,5.1,2.5,6,54
7611,Aman Naik,1,82,7.1,1.9,4,64
7612,Amit Kadam,2,92,6,2.1,2,78
7613,Ananya Lokhande,5,60,7.4,6.8,3,87
7614,Aniket Roy,7,61,6.4,1.7,2,41
7615,Anjali Borkar,8,92,7.7,6.1,4,51
7616,Arjun Gupta,7,70,8.7,1.4,4,90
7617,Aryan Chavan,7,97,6,1.3,2,69
7618,Ashish Thakur,10,98,8.8,4.1,8,82
7619,Ayush Gawande,3,96,5.8,3.7,6,43
7620,Bhavna Salve,8,100,5.3,4.8,10,45
7621,Chetan Das,10,93,5.8,5.9,9,81
7622,Deepak Mane,6,75,8.3,3.2,2,61
7623,Deepika Joshi,9,100,7.7,2.4,8,92
7624,Dhruv More,2,74,8.9,6.8,10,64
7625,Divya Raut,9,84,7.8,2.2,9,87
7626,Gaurav Sawant,6,60,6.7,6.6,8,70
7627,Isha Rathod,3,99,8.6,5.1,3,78
7628,Karan Iyer,1,84,8.8,3,10,76
7629,Kavya Pandey,8,98,8.2,3.2,9,46
7630,Kiran Verma,5,74,7.2,3.6,6,84
7631,Kunal Kulkarni,4,72,8.3,5.1,10,95
7632,Manish Agrawal,4,81,5.7,7.9,6,61
7633,Meera Suryawanshi,10,95,8.6,3.2,6,59
7634,Mohit Chaudhary,5,82,9,7.6,9,73
7635,Neha Reddy,1,92,7.7,2.4,8,75
7636,Nikhil Dubey,3,68,5.8,1.8,6,61
7637,Nisha Patil,2,91,5.6,4.7,9,55
7638,Pallavi Deshmukh,7,90,8.8,7.8,10,94
7639,Pankaj Mehta,9,96,8.5,4.4,7,86
7640,Pooja Wagh,9,62,8,6.6,10,72
7641,Prakash Yadav,7,75,8.8,4.3,5,61
7642,Priya Nair,8,63,7,7,6,59
7643,Rahul Saxena,5,76,8.6,6.7,7,61
7644,Raj Sharma,7,91,5.7,5.8,7,73
7645,Rakesh Jadhav,2,86,5.7,5.3,3,40
7646,Riya Mishra,6,90,7,4.6,6,76
7647,Rohan Bhosale,6,90,6.3,7.7,3,72
7648,Rohit Tiwari,1,100,6.7,4.9,8,48
7649,Sachin Pande,6,96,8.2,3.4,9,54
7650,Sakshi Kapoor,8,84,5.2,7.2,8,55
7651,Sameer Pawar,4,95,7.9,5.6,9,91
7652,Sana Khan,6,61,5.4,4.9,7,92
7653,Sanjay Kale,3,89,8.4,5.8,5,83
7654,Sanya Gaikwad,3,81,5.8,3.4,2,78
7655,Shivam Desai,2,99,7.9,3.9,2,93
7656,Shraddha Dhumal,4,80,7.4,2.4,10,81
7657,Shreya Malik,9,67,6.5,7,9,61
7658,Sneha Ingale,10,89,6.1,5.7,5,60
7659,Sonali Singh,7,98,5.2,6.8,10,77
7660,Sonal Shinde,7,60,6.4,3.2,4,62
7661,Sourabh Naik,7,62,5.8,8,8,65
7662,Tanmay Kadam,5,87,5.5,3.5,3,94
7663,Tanya Lokhande,5,82,8,3.5,8,90
7664,Varun Roy,7,82,5.9,7.7,2,73
7665,Vikas Borkar,8,63,5.9,5.6,8,58
7666,Vijay Gupta,5,83,6.4,7.5,6,64
7667,Vishal Chavan,6,83,6.9,5.4,7,58
7668,Yash Thakur,5,94,7.1,2.7,2,63
7669,Yogesh Gawande,3,75,7.7,3.7,5,60
7670,Zoya Salve,3,74,7.4,7,3,64
7671,Aarav Das,1,63,6.9,4.4,7,67
7672,Aditi Mane,5,83,6.6,6,2,75
7673,Aditya Joshi,8,86,6.1,2.2,10,89
7674,Akash More,7,71,7.8,3.8,3,69
7675,Akshay Raut,10,89,6.3,6.9,6,51
7676,Aman Sawant,1,98,8.4,7.6,10,50
7677,Amit Rathod,8,67,7.3,3.3,5,76
7678,Ananya Iyer,8,83,7.5,2.2,6,95
7679,Aniket Pandey,5,88,7,1.2,10,57
7680,Anjali Verma,3,60,8.7,1.9,2,44
7681,Arjun Kulkarni,4,67,6.7,6.8,7,44
7682,Aryan Agrawal,7,76,6.7,4.2,7,55
7683,Ashish Suryawanshi,9,65,8.6,3,8,93
7684,Ayush Chaudhary,7,74,7.4,6.4,7,83
7685,Bhavna Reddy,6,66,6.8,6.6,6,84
7686,Chetan Dubey,7,96,6,3.5,6,58
7687,Deepak Patil,1,84,6,7.3,4,93
7688,Deepika Deshmukh,7,73,8.2,4.2,5,62
7689,Dhruv Mehta,1,91,6.1,2.8,10,62
7690,Divya Wagh,10,60,5,7.3,7,92
7691,Gaurav Yadav,9,84,5.1,2.1,8,82
7692,Isha Nair,6,88,8.9,8,3,56
7693,Karan Saxena,4,93,7.2,5.3,5,76
7694,Kavya Sharma,8,69,7,7.4,3,59
7695,Kiran Jadhav,7,84,8.7,2.3,10,74
7696,Kunal Mishra,8,91,6.4,3.7,10,47
7697,Manish Bhosale,6,92,8.2,7.1,5,42
7698,Meera Tiwari,3,67,7.9,6.9,5,93
7699,Mohit Pande,1,100,6.9,7.1,8,44
7700,Neha Kapoor,3,71,8.1,3,3,62
7701,Nikhil Pawar,6,76,8.9,5.3,7,50
7702,Nisha Khan,5,67,5.8,3.7,3,40
7703,Pallavi Kale,6,66,5.1,3.2,6,81
7704,Pankaj Gaikwad,3,70,8.3,4.6,8,55
7705,Pooja Desai,10,65,6.6,6,8,84
7706,Prakash Dhumal,4,90,7.2,4.6,3,70
7707,Priya Malik,9,84,5.9,2.6,4,76
7708,Rahul Ingale,4,75,8.4,6.7,5,77
7709,Raj Singh,5,82,7.9,7.8,8,50
7710,Rakesh Shinde,7,84,8.8,3.5,4,65
7711,Riya Naik,3,67,6.9,6.9,6,83
7712,Rohan Kadam,3,72,8.9,7,4,53
7713,Rohit Lokhande,4,96,7,2.8,5,46
7714,Sachin Roy,9,60,7.5,5.9,6,63
7715,Sakshi Borkar,2,99,7.7,7.6,3,90
7716,Sameer Gupta,5,99,7,6.2,2,58
7717,Sana Chavan,7,70,7.3,1.2,3,61
7718,Sanjay Thakur,8,73,5.9,5.2,6,47
7719,Sanya Gawande,5,68,6.4,6.4,3,80
7720,Shivam Salve,1,82,7.8,5.3,2,58
7721,Shraddha Das,1,68,5.2,1.2,9,49
7722,Shreya Mane,5,92,7.8,1.8,10,45
7723,Sneha Joshi,9,75,6.2,6.6,6,57
7724,Sonali More,1,99,6.1,4.4,7,51
7725,Sonal Raut,9,94,7.8,7.7,3,67
7726,Sourabh Sawant,7,76,5.9,3.9,2,63
7727,Tanmay Rathod,1,84,8.8,6.8,2,67
7728,Tanya Iyer,4,60,9,1.2,3,60
7729,Varun Pandey,3,62,6.8,6.9,3,45
7730,Vikas Verma,10,80,6.6,7,8,83
7731,Vijay Kulkarni,6,79,5.3,3.5,8,70
7732,Vishal Agrawal,4,76,8.1,3.2,8,50
7733,Yash Suryawanshi,3,63,5.7,7.4,4,44
7734,Yogesh Chaudhary,6,94,8.7,6.4,5,92
7735,Zoya Reddy,1,76,9,5.2,5,91
7736,Aarav Dubey,3,79,5.5,4.1,3,50
7737,Aditi Patil,2,76,7.7,7.4,6,63
7738,Aditya Deshmukh,7,80,6.9,6.2,6,72
7739,Akash Mehta,7,86,7.2,3.9,3,64
7740,Akshay Wagh,5,91,5.7,4.5,4,86
7741,Aman Yadav,2,82,7.9,1.7,6,72
7742,Amit Nair,4,66,5.7,6.7,2,54
7743,Ananya Saxena,9,95,8.5,6.9,7,83
7744,Aniket Sharma,3,71,6.8,3.5,5,88
7745,Anjali Jadhav,2,60,7.5,3.2,8,43
7746,Arjun Mishra,2,61,8.7,2.8,8,87
7747,Aryan Bhosale,9,91,8,2.2,5,79
7748,Ashish Tiwari,2,75,7.2,7.6,5,91
7749,Ayush Pande,6,60,6.6,6.3,6,90
7750,Bhavna Kapoor,10,93,6.8,4,2,42
7751,Chetan Pawar,7,72,6.4,1.8,3,64
7752,Deepak Khan,5,100,8.8,2,3,44
7753,Deepika Kale,3,96,6,6,4,40
7754,Dhruv Gaikwad,1,61,6.6,2.4,7,91
7755,Divya Desai,2,88,8.1,3.4,4,53
7756,Gaurav Dhumal,10,84,6.5,7.7,6,43
7757,Isha Malik,2,67,8.5,5.1,8,92
7758,Karan Ingale,1,74,6,6.7,8,62
7759,Kavya Singh,9,80,5.1,1.7,6,46
7760,Kiran Shinde,5,65,7.5,3.3,7,54
7761,Kunal Naik,4,89,7,7.3,5,40
7762,Manish Kadam,8,71,8.7,6.7,6,77
7763,Meera Lokhande,6,98,6.7,6.1,9,92
7764,Mohit Roy,10,92,5.5,5.1,6,61
7765,Neha Borkar,5,86,6.3,2.9,5,88
7766,Nikhil Gupta,8,64,6.6,5.1,10,59
7767,Nisha Chavan,9,61,7.3,1.4,10,65
7768,Pallavi Thakur,5,65,6.1,2.4,9,51
7769,Pankaj Gawande,3,80,7.2,4.6,9,40
7770,Pooja Salve,10,92,8.6,1,5,49
7771,Prakash Das,3,66,6.7,2.6,10,72
7772,Priya Mane,1,89,7.6,2.1,7,45
7773,Rahul Joshi,6,61,5.9,3.4,10,85
7774,Raj More,10,70,8.2,7,2,91
7775,Rakesh Raut,1,84,6.1,7.6,2,56
7776,Riya Sawant,9,93,7.3,2.2,2,55
7777,Rohan Rathod,9,91,6.2,2.6,10,49
7778,Rohit Iyer,10,81,5.3,6.9,4,62
7779,Sachin Pandey,5,61,6.3,2.2,2,90
7780,Sakshi Verma,3,72,5.8,6.2,8,61
7781,Sameer Kulkarni,6,92,8.6,1.6,9,83
7782,Sana Agrawal,2,63,6.1,5.5,10,58
7783,Sanjay Suryawanshi,9,88,8.9,2.9,7,65
7784,Sanya Chaudhary,7,88,7,6.2,8,67
7785,Shivam Reddy,5,90,5.9,4.6,7,90
7786,Shraddha Dubey,6,68,6.6,2.3,8,67
7787,Shreya Patil,8,70,5.7,3.8,6,74
7788,Sneha Deshmukh,6,68,8.3,4.6,2,87
7789,Sonali Mehta,9,76,5.5,8,3,92
7790,Sonal Wagh,10,81,8.5,4.4,10,90
7791,Sourabh Yadav,10,64,5.2,2.1,2,45
7792,Tanmay Nair,7,83,6.2,4.9,2,46
7793,Tanya Saxena,8,69,5.6,2.5,9,64
7794,Varun Sharma,4,83,7.7,7.2,10,59
7795,Vikas Jadhav,1,72,7,6.8,6,78
7796,Vijay Mishra,5,99,8.8,1.9,3,64
7797,Vishal Bhosale,9,73,6.5,5.1,7,62
7798,Yash Tiwari,2,95,5.2,5.9,2,45
7799,Yogesh Pande,6,67,8,2.8,5,59
7800,Zoya Kapoor,2,63,7.3,5.4,7,71
7801,Aarav Pawar,5,67,8.3,4.2,9,78
7802,Aditi Khan,2,77,6.7,4.4,3,49
7803,Aditya Kale,8,96,8,4.9,7,73
7804,Akash Gaikwad,9,67,5.7,5,2,72
7805,Akshay Desai,8,92,9,6,6,55
7806,Aman Dhumal,8,88,5.7,4.2,8,89
7807,Amit Malik,3,74,8.3,6.1,2,64
7808,Ananya Ingale,6,73,5.8,4.4,8,54
7809,Aniket Singh,2,98,8.1,5.6,10,79
7810,Anjali Shinde,4,89,8.4,2.8,4,50
7811,Arjun Naik,6,69,8.5,4.8,8,75
7812,Aryan Kadam,7,97,6.9,4.3,6,78
7813,Ashish Lokhande,1,76,6.7,3.1,10,65
7814,Ayush Roy,9,63,8.3,1.4,7,51
7815,Bhavna Borkar,5,93,7.3,4.6,9,54
7816,Chetan Gupta,9,95,7.5,1.1,3,52
7817,Deepak Chavan,6,78,5.9,3.7,4,46
7818,Deepika Thakur,6,88,6.8,3.6,5,95
7819,Dhruv Gawande,7,69,6.5,5.4,10,87
7820,Divya Salve,9,94,7.7,7.9,7,69
7821,Gaurav Das,2,75,5.8,7,3,85
7822,Isha Mane,6,70,6.6,7.8,9,76
7823,Karan Joshi,1,80,8.4,7.7,7,74
7824,Kavya More,5,70,7.2,1.5,5,80
7825,Kiran Raut,9,85,8.6,3,5,71
7826,Kunal Sawant,9,90,5.9,3.1,8,71
7827,Manish Rathod,3,76,6.8,1.5,9,47
7828,Meera Iyer,4,92,7,6.9,6,74
7829,Mohit Pandey,6,77,6.6,7.3,9,65
7830,Neha Verma,4,99,7.7,5.2,8,53
7831,Nikhil Kulkarni,2,70,5.6,7.2,2,67
7832,Nisha Agrawal,4,88,7.1,6,9,86
7833,Pallavi Suryawanshi,5,81,5.6,4.1,7,65
7834,Pankaj Chaudhary,6,98,7.5,2,6,66
7835,Pooja Reddy,10,68,8.3,7.7,7,53
7836,Prakash Dubey,6,68,5.1,5.8,2,85
7837,Priya Patil,4,95,6.8,3.5,10,46
7838,Rahul Deshmukh,7,96,7,1.9,9,86
7839,Raj Mehta,8,90,7.9,6.6,10,92
7840,Rakesh Wagh,5,79,5.3,6.6,7,49
7841,Riya Yadav,5,76,6.6,4.8,4,71
7842,Rohan Nair,3,87,8.1,8,7,72
7843,Rohit Saxena,9,90,7.1,3.7,4,88
7844,Sachin Sharma,9,71,8,7.6,6,58
7845,Sakshi Jadhav,2,60,6.5,5.4,9,77
7846,Sameer Mishra,4,63,8.7,6.2,3,45
7847,Sana Bhosale,3,74,5.3,7.4,6,85
7848,Sanjay Tiwari,10,87,5.4,6.8,6,82
7849,Sanya Pande,1,78,7.1,3,10,52
7850,Shivam Kapoor,3,85,6.9,7.1,6,47
7851,Shraddha Pawar,4,79,7.6,4.8,5,45
7852,Shreya Khan,6,70,5.9,1.3,5,86
7853,Sneha Kale,3,90,5.9,5.7,4,74
7854,Sonali Gaikwad,6,89,8,4.5,3,60
7855,Sonal Desai,8,99,6.2,4.8,8,70
7856,Sourabh Dhumal,9,93,7.9,3.9,8,71
7857,Tanmay Malik,1,75,7.6,1.4,3,45
7858,Tanya Ingale,2,88,5.3,2.3,6,64
7859,Varun Singh,1,74,7.8,6.3,8,74
7860,Vikas Shinde,10,95,8.5,2.6,8,74
7861,Vijay Naik,7,85,8.3,5.4,2,50
7862,Vishal Kadam,6,94,5,4.8,2,91
7863,Yash Lokhande,8,71,7.2,2.5,2,46
7864,Yogesh Roy,6,60,8.7,3,6,88
7865,Zoya Borkar,3,65,7.4,3.7,10,95
7866,Aarav Gupta,6,81,6.2,7.2,2,82
7867,Aditi Chavan,8,99,5.8,7.6,8,71
7868,Aditya Thakur,1,85,7.7,3.7,8,50
7869,Akash Gawande,7,93,8.1,1.3,10,58
7870,Akshay Salve,5,79,8.7,5.2,7,70
7871,Aman Das,1,99,8.6,3.9,10,45
7872,Amit Mane,3,98,6.4,4.4,6,79
7873,Ananya Joshi,5,68,7.4,4.1,4,91
7874,Aniket More,4,95,5.4,5.6,10,81
7875,Anjali Raut,3,60,5.4,3.1,6,92
7876,Arjun Sawant,7,84,5.3,7.2,4,66
7877,Aryan Rathod,5,77,8.7,3.9,7,54
7878,Ashish Iyer,5,72,5.6,3.4,5,40
7879,Ayush Pandey,8,98,6.9,7.5,8,64
7880,Bhavna Verma,1,87,6.7,3.5,8,46
7881,Chetan Kulkarni,4,65,6.3,1.6,2,76
7882,Deepak Agrawal,1,65,7.2,2.1,6,84
7883,Deepika Suryawanshi,10,64,5,6,9,46
7884,Dhruv Chaudhary,2,72,6.5,4.9,7,68
7885,Divya Reddy,9,62,6.9,4.7,8,70
7886,Gaurav Dubey,2,70,8.2,1.6,10,57
7887,Isha Patil,4,91,7.8,2.1,5,52
7888,Karan Deshmukh,7,95,8.4,3.8,8,79
7889,Kavya Mehta,9,92,6.5,4.1,2,52
7890,Kiran Wagh,2,80,5.6,3.6,3,41
7891,Kunal Yadav,3,88,6.6,4.5,8,73
7892,Manish Nair,9,98,8.9,6.1,3,43
7893,Meera Saxena,4,62,5.9,5.4,9,57
7894,Mohit Sharma,3,97,5.7,5.3,9,44
7895,Neha Jadhav,8,89,8.8,4.9,10,70
7896,Nikhil Mishra,1,75,8.8,2.4,2,52
7897,Nisha Bhosale,9,78,5.6,5.2,4,54
7898,Pallavi Tiwari,9,77,8.1,2.1,6,62
7899,Pankaj Pande,9,66,6.7,6,2,67
7900,Pooja Kapoor,3,69,7,4.2,10,80
7901,Prakash Pawar,2,72,7,5.1,10,92
7902,Priya Khan,5,60,8.9,7,8,73
7903,Rahul Kale,4,80,5.7,3.6,4,67
7904,Raj Gaikwad,10,79,8.1,1.7,3,72
7905,Rakesh Desai,7,73,5,7.2,9,68
7906,Riya Dhumal,10,67,7.5,3.6,8,40
7907,Rohan Malik,8,99,7.6,3.8,10,67
7908,Rohit Ingale,8,87,8,3.1,5,81
7909,Sachin Singh,2,79,8.7,3.9,3,87
7910,Sakshi Shinde,1,89,8,4.6,10,45
7911,Sameer Naik,1,75,7.9,6.9,2,78
7912,Sana Kadam,6,68,6,6,7,46
7913,Sanjay Lokhande,3,87,9,4.6,6,41
7914,Sanya Roy,10,91,6.9,6.3,6,42
7915,Shivam Borkar,2,86,6.7,6.9,5,46
7916,Shraddha Gupta,10,83,7,1.4,2,44
7917,Shreya Chavan,7,60,6.6,5.1,7,72
7918,Sneha Thakur,2,86,7.4,1.3,4,91
7919,Sonali Gawande,1,85,6.4,3.2,3,82
7920,Sonal Salve,4,76,6,6.3,5,80
7921,Sourabh Das,4,69,8.7,6.5,4,46
7922,Tanmay Mane,4,100,8.7,7.2,8,92
7923,Tanya Joshi,6,75,7,4.5,5,68
7924,Varun More,2,71,8.8,1.6,6,41
7925,Vikas Raut,2,88,6.7,1.9,6,75
7926,Vijay Sawant,7,79,6.5,2.7,9,79
7927,Vishal Rathod,10,82,8.7,3.6,2,62
7928,Yash Iyer,3,86,7.5,4.7,2,80
7929,Yogesh Pandey,10,75,8.1,5.5,9,78
7930,Zoya Verma,4,66,6.7,2.1,4,72
7931,Aarav Kulkarni,4,66,6.6,2.3,8,59
7932,Aditi Agrawal,1,98,5.3,2.2,7,95
7933,Aditya Suryawanshi,5,80,8.9,6.3,8,74
7934,Akash Chaudhary,5,77,5.9,3.1,7,65
7935,Akshay Reddy,7,73,7,2.2,4,82
7936,Aman Dubey,2,89,5.5,4,6,53
7937,Amit Patil,2,97,7.6,2.7,4,93
7938,Ananya Deshmukh,5,91,6.6,3.6,5,81
7939,Aniket Mehta,1,81,8.1,6.8,6,75
7940,Anjali Wagh,2,79,7.1,3.3,2,54
7941,Arjun Yadav,7,95,5.5,2.2,2,59
7942,Aryan Nair,10,95,5,2.6,8,93
7943,Ashish Saxena,6,75,5.8,1.2,2,80
7944,Ayush Sharma,2,99,7.9,7.3,10,46
7945,Bhavna Jadhav,10,93,8.3,5.9,7,85
7946,Chetan Mishra,6,94,6.4,4.2,9,46
7947,Deepak Bhosale,8,62,7.1,4.9,6,63
7948,Deepika Tiwari,2,65,6,2.8,8,63
7949,Dhruv Pande,6,72,8.5,3.8,3,60
7950,Divya Kapoor,1,91,8.9,3.2,7,67
7951,Gaurav Pawar,7,63,8,6.8,4,48
7952,Isha Khan,3,63,5.4,6.2,8,77
7953,Karan Kale,10,61,6.7,3,5,77
7954,Kavya Gaikwad,1,67,9,6.3,8,87
7955,Kiran Desai,7,97,5.9,1.7,10,64
7956,Kunal Dhumal,2,89,7.7,2.4,2,69
7957,Manish Malik,7,89,8.8,1.7,2,47
7958,Meera Ingale,5,71,8.1,2.7,5,59
7959,Mohit Singh,10,85,7.4,2.6,6,71
7960,Neha Shinde,7,91,7,7.3,9,63
7961,Nikhil Naik,4,81,8.7,3.3,5,95
7962,Nisha Kadam,1,95,6.6,3.5,9,55
7963,Pallavi Lokhande,6,83,8.6,1.7,8,42
7964,Pankaj Roy,5,73,6.7,1.5,8,88
7965,Pooja Borkar,1,86,8,2.5,10,68
7966,Prakash Gupta,6,98,8.7,1.9,4,43
7967,Priya Chavan,3,93,7.2,3.4,8,92
7968,Rahul Thakur,3,80,6.2,2.3,9,51
7969,Raj Gawande,1,84,5.2,2.2,10,93
7970,Rakesh Salve,4,100,8.2,5.5,4,59
7971,Riya Das,3,90,7.5,7.6,9,59
7972,Rohan Mane,1,80,6.1,1.1,4,51
7973,Rohit Joshi,5,71,8.5,5.9,10,49
7974,Sachin More,3,97,8.7,5.6,6,84
7975,Sakshi Raut,2,100,8.5,5.1,9,63
7976,Sameer Sawant,5,62,7.4,5.8,7,71
7977,Sana Rathod,1,61,8.9,4.6,2,57
7978,Sanjay Iyer,10,64,8.5,7.5,5,63
7979,Sanya Pandey,5,75,5.4,2.1,7,67
7980,Shivam Verma,10,66,8.9,4.3,7,57
7981,Shraddha Kulkarni,9,96,7.2,5.6,6,73
7982,Shreya Agrawal,10,97,8.7,7.4,8,66
7983,Sneha Suryawanshi,6,67,8,4.4,7,83
7984,Sonali Chaudhary,5,93,7.6,7.8,3,83
7985,Sonal Reddy,8,65,6.3,5.6,2,75
7986,Sourabh Dubey,1,92,5.1,5.9,4,45
7987,Tanmay Patil,9,74,6.1,6.7,3,89
7988,Tanya Deshmukh,4,61,7.7,6.1,8,78
7989,Varun Mehta,1,77,8.5,4.7,10,81
7990,Vikas Wagh,3,93,5,6.4,10,76
7991,Vijay Yadav,3,98,5.8,1.3,7,69
7992,Vishal Nair,1,64,7.7,7.5,9,71
7993,Yash Saxena,7,94,6.1,6.8,7,46
7994,Yogesh Sharma,1,72,5.6,5.5,3,91
7995,Zoya Jadhav,9,79,5.3,1.5,7,85
7996,Aarav Mishra,5,64,7.6,3.1,7,90
7997,Aditi Bhosale,8,99,7.4,2.8,6,79
7998,Aditya Tiwari,4,92,8.4,2.8,9,54
7999,Akash Pande,2,86,6.3,5.7,10,58
8000,Akshay Kapoor,2,89,5.5,7.1,4,88
8001,Aman Pawar,7,95,8.2,5.8,2,52
8002,Amit Khan,8,65,9,3.7,7,74
8003,Ananya Kale,3,70,6.4,7.8,2,76
8004,Aniket Gaikwad,4,61,8.5,7,5,50
8005,Anjali Desai,10,80,8.1,5.8,10,44
8006,Arjun Dhumal,9,80,8.6,3.8,7,41
8007,Aryan Malik,5,61,6.7,5.8,10,84
8008,Ashish Ingale,3,87,5.4,3.9,2,56
8009,Ayush Singh,4,60,5.5,2.1,8,52
8010,Bhavna Shinde,6,92,8.1,5.3,4,90
8011,Chetan Naik,6,88,8.5,5.9,2,73
8012,Deepak Kadam,2,93,6.8,3.4,4,41
8013,Deepika Lokhande,1,64,5.2,7.5,10,56
8014,Dhruv Roy,5,95,5.3,7,5,66
8015,Divya Borkar,8,82,7.4,5.1,10,66
8016,Gaurav Gupta,2,95,8.7,1.4,3,83
8017,Isha Chavan,5,88,6.6,1.1,7,84
8018,Karan Thakur,2,86,7.6,5.5,5,41
8019,Kavya Gawande,3,61,7.2,6.7,4,56
8020,Kiran Salve,7,88,8.6,4.5,6,73
8021,Kunal Das,3,78,8.3,1.2,7,41
8022,Manish Mane,3,94,5.8,2,2,71
8023,Meera Joshi,10,88,7.7,2.5,7,44
8024,Mohit More,2,63,8.4,5.4,4,72
8025,Neha Raut,2,96,8.7,4.4,9,44
8026,Nikhil Sawant,10,62,7.4,1.7,3,81
8027,Nisha Rathod,6,72,5.7,4.5,4,65
8028,Pallavi Iyer,1,68,7.2,7.1,10,93
8029,Pankaj Pandey,5,99,7.7,4.1,4,44
8030,Pooja Verma,6,66,6.1,2,3,88
8031,Prakash Kulkarni,3,94,8.9,5,6,63
8032,Priya Agrawal,6,69,5.9,7.5,7,67
8033,Rahul Suryawanshi,7,86,8.6,1.8,7,79
8034,Raj Chaudhary,3,63,6.7,2.1,5,74
8035,Rakesh Reddy,9,76,5,5,2,89
8036,Riya Dubey,5,85,7.2,3.4,4,86
8037,Rohan Patil,10,89,7.5,7.3,2,52
8038,Rohit Deshmukh,1,95,8.5,6,9,55
8039,Sachin Mehta,4,93,7.2,2,4,89
8040,Sakshi Wagh,8,81,5.4,7.1,7,85
8041,Sameer Yadav,9,72,8.7,5.5,4,94
8042,Sana Nair,3,70,7.3,4.5,7,91
8043,Sanjay Saxena,10,100,6.1,2.8,2,75
8044,Sanya Sharma,2,84,8.6,5.5,2,93
8045,Shivam Jadhav,5,97,5.5,7.3,4,81
8046,Shraddha Mishra,4,77,5.4,1.3,4,89
8047,Shreya Bhosale,5,79,7.1,3.6,4,67
8048,Sneha Tiwari,10,93,7.5,7.5,4,94
8049,Sonali Pande,8,89,7,3.7,8,44
8050,Sonal Kapoor,8,68,8.7,1.3,5,90
8051,Sourabh Pawar,3,81,6.1,1.7,3,93
8052,Tanmay Khan,10,68,9,5.8,10,84
8053,Tanya Kale,5,91,5.1,5.9,7,92
8054,Varun Gaikwad,7,61,5.5,1.8,5,63
8055,Vikas Desai,7,93,5.7,2.5,6,58
8056,Vijay Dhumal,7,98,5.3,4.9,4,47
8057,Vishal Malik,7,60,6.8,5.8,5,50
8058,Yash Ingale,5,85,8.5,2.1,2,88
8059,Yogesh Singh,7,63,8.3,4.2,9,43
8060,Zoya Shinde,10,74,8,4.9,5,51
8061,Aarav Naik,4,73,5,1.3,8,67
8062,Aditi Kadam,6,81,8.5,2.6,2,60
8063,Aditya Lokhande,2,97,6.6,7.4,2,91
8064,Akash Roy,4,78,7.9,7.2,5,41
8065,Akshay Borkar,8,76,7.9,3.3,2,42
8066,Aman Gupta,7,63,5.7,7.1,10,55
8067,Amit Chavan,3,96,7.1,5.4,2,74
8068,Ananya Thakur,6,72,8.7,7.9,7,59
8069,Aniket Gawande,9,78,6.1,7.8,5,86
8070,Anjali Salve,2,63,7.9,5.3,3,45
8071,Arjun Das,1,71,8.8,4.3,3,61
8072,Aryan Mane,4,82,6.4,2,4,76
8073,Ashish Joshi,7,96,6.6,4.7,2,74
8074,Ayush More,4,73,6.8,3.8,7,68
8075,Bhavna Raut,9,82,8.2,5.5,4,64
8076,Chetan Sawant,9,95,6.8,1.6,2,45
8077,Deepak Rathod,6,74,6.9,6.8,3,43
8078,Deepika Iyer,4,72,5.9,7.8,10,43
8079,Dhruv Pandey,1,61,9,2.5,4,68
8080,Divya Verma,9,97,8.6,5.4,7,89
8081,Gaurav Kulkarni,9,64,7.4,6.6,5,44
8082,Isha Agrawal,5,68,8.8,4.9,6,43
8083,Karan Suryawanshi,6,65,7.7,7.5,9,78
8084,Kavya Chaudhary,8,89,8.8,4.6,8,68
8085,Kiran Reddy,7,74,5.6,2.9,6,57
8086,Kunal Dubey,2,88,5.9,4.3,3,41
8087,Manish Patil,7,84,8.5,4.4,9,84
8088,Meera Deshmukh,10,60,6.7,2.8,2,76
8089,Mohit Mehta,8,72,6.5,6.5,7,72
8090,Neha Wagh,5,60,8,5.3,7,53
8091,Nikhil Yadav,6,62,7.5,3.6,10,92
8092,Nisha Nair,3,79,6.4,4,3,43
8093,Pallavi Saxena,7,70,6.6,3.6,4,81
8094,Pankaj Sharma,3,63,6.6,4.1,2,80
8095,Pooja Jadhav,4,76,5.5,4.7,4,80
8096,Prakash Mishra,3,78,5.9,3.3,10,73
8097,Priya Bhosale,4,100,7.2,6.7,2,57
8098,Rahul Tiwari,4,87,8.1,7.5,9,65
8099,Raj Pande,1,76,6.7,4.7,10,64
8100,Rakesh Kapoor,8,79,6.5,6,3,88
8101,Riya Pawar,5,63,7.6,7.5,5,81
8102,Rohan Khan,10,75,5.6,2.3,10,66
8103,Rohit Kale,2,83,6.5,2.3,8,80
8104,Sachin Gaikwad,7,60,5.8,1.5,2,94
8105,Sakshi Desai,2,97,7.6,4.1,9,78
8106,Sameer Dhumal,6,81,5.4,3.3,9,59
8107,Sana Malik,5,92,6.8,4.9,4,40
8108,Sanjay Ingale,5,71,7.4,4.2,5,89
8109,Sanya Singh,7,94,8.3,2.3,4,40
8110,Shivam Shinde,9,75,7.9,3.7,6,68
8111,Shraddha Naik,4,98,8.8,1.2,9,43
8112,Shreya Kadam,9,81,7.7,4.8,8,89
8113,Sneha Lokhande,2,86,6.4,2.9,10,41
8114,Sonali Roy,3,68,5.9,1.8,2,78
8115,Sonal Borkar,4,100,5.2,1.5,10,83
8116,Sourabh Gupta,10,67,6.1,6,10,81
8117,Tanmay Chavan,2,61,5.5,2.7,5,70
8118,Tanya Thakur,4,78,6.5,5.6,3,73
8119,Varun Gawande,5,94,7.8,6.7,4,68
8120,Vikas Salve,9,97,7.8,4.5,10,82
8121,Vijay Das,5,95,6.3,1.9,2,44
8122,Vishal Mane,10,82,7,5.3,2,89
8123,Yash Joshi,8,97,5.9,1.5,2,83
8124,Yogesh More,8,80,7,6.7,3,94
8125,Zoya Raut,8,79,7,6.3,9,45
8126,Aarav Sawant,2,67,6.2,3.8,2,51
8127,Aditi Rathod,5,92,6,2.9,10,52
8128,Aditya Iyer,6,72,8.9,6,5,63
8129,Akash Pandey,3,67,7.1,5,6,85
8130,Akshay Verma,2,75,7.2,2,7,84
8131,Aman Kulkarni,2,84,5,6.3,9,78
8132,Amit Agrawal,8,71,5.7,3.3,7,62
8133,Ananya Suryawanshi,7,74,6.4,7.3,2,45
8134,Aniket Chaudhary,3,73,8.9,6.8,9,78
8135,Anjali Reddy,8,84,5.7,2.9,2,44
8136,Arjun Dubey,7,89,6.2,2.8,6,51
8137,Aryan Patil,9,87,9,3.8,9,62
8138,Ashish Deshmukh,10,65,6.9,6.6,6,83
8139,Ayush Mehta,9,74,6.3,1.9,5,73
8140,Bhavna Wagh,2,86,7.5,3.2,4,45
8141,Chetan Yadav,8,68,7,5.6,9,53
8142,Deepak Nair,4,62,8.8,1.2,7,87
8143,Deepika Saxena,5,73,5.3,1.4,9,72
8144,Dhruv Sharma,7,87,8.2,6.3,10,76
8145,Divya Jadhav,7,87,6.1,4.7,7,60
8146,Gaurav Mishra,5,65,8.2,4.9,5,85
8147,Isha Bhosale,10,87,8.4,2.7,7,72
8148,Karan Tiwari,2,67,8.4,4.7,5,44
8149,Kavya Pande,1,90,8.5,4.8,3,80
8150,Kiran Kapoor,1,83,7.9,3.9,5,56
8151,Kunal Pawar,9,65,5.6,7.8,6,87
8152,Manish Khan,5,74,5.2,1.3,4,75
8153,Meera Kale,5,93,6.4,3.9,4,50
8154,Mohit Gaikwad,7,77,7,7,7,41
8155,Neha Desai,5,88,6.2,2.4,3,44
8156,Nikhil Dhumal,6,90,8,7.5,2,53
8157,Nisha Malik,1,61,7.9,4,8,46
8158,Pallavi Ingale,2,98,8.9,2.1,9,76
8159,Pankaj Singh,10,73,6.6,1.7,4,49
8160,Pooja Shinde,5,92,8.1,3.3,3,64
8161,Prakash Naik,2,79,8,7.4,6,58
8162,Priya Kadam,4,83,9,7.6,3,76
8163,Rahul Lokhande,4,74,8.1,4.9,9,41
8164,Raj Roy,3,94,6.1,1.8,2,62
8165,Rakesh Borkar,3,64,5.1,4.2,6,86
8166,Riya Gupta,8,96,8.9,3.9,5,53
8167,Rohan Chavan,2,68,7.9,2.6,6,87
8168,Rohit Thakur,4,96,8.3,1.5,8,49
8169,Sachin Gawande,5,61,8.2,3.7,4,79
8170,Sakshi Salve,6,60,7.9,3.6,10,55
8171,Sameer Das,9,63,8,5.9,10,59
8172,Sana Mane,10,82,8.7,3.8,5,69
8173,Sanjay Joshi,3,70,8.7,1.1,5,79
8174,Sanya More,6,84,6.5,1.1,4,69
8175,Shivam Raut,1,93,5.1,5.8,9,72
8176,Shraddha Sawant,7,61,5.2,5.6,8,56
8177,Shreya Rathod,2,81,6.8,2.1,6,77
8178,Sneha Iyer,1,90,8.3,7.1,8,43
8179,Sonali Pandey,7,77,8.4,5.6,5,44
8180,Sonal Verma,2,97,6.6,2.1,8,48
8181,Sourabh Kulkarni,5,87,6.2,3,9,88
8182,Tanmay Agrawal,2,61,7,7.8,5,74
8183,Tanya Suryawanshi,8,82,8.3,3.9,7,59
8184,Varun Chaudhary,8,75,7.5,2.7,7,75
8185,Vikas Reddy,6,65,5.6,4.7,2,55
8186,Vijay Dubey,9,98,6.4,2.4,2,81
8187,Vishal Patil,5,69,7.2,6.5,4,61
8188,Yash Deshmukh,2,63,7.2,6.6,4,74
8189,Yogesh Mehta,2,69,8.3,6.6,3,53
8190,Zoya Wagh,3,93,8.7,5.3,10,41
8191,Aarav Yadav,3,84,5.4,5.9,7,95
8192,Aditi Nair,4,93,5.9,3.2,2,76
8193,Aditya Saxena,3,78,6.6,7.2,10,76
8194,Akash Sharma,6,64,6.2,2,4,73
8195,Akshay Jadhav,2,75,6.6,2.8,10,90
8196,Aman Mishra,7,68,5.2,7.9,4,41
8197,Amit Bhosale,4,82,5.3,7.7,2,93
8198,Ananya Tiwari,7,71,8.4,4.6,3,65
8199,Aniket Pande,6,99,5.4,4.5,5,72
8200,Anjali Kapoor,10,75,8.3,1.8,10,92
8201,Arjun Pawar,5,72,6.2,5.6,6,84
8202,Aryan Khan,3,100,6.2,1.2,3,59
8203,Ashish Kale,6,81,5.4,3.2,4,90
8204,Ayush Gaikwad,7,66,5.1,3.9,6,44
8205,Bhavna Desai,5,79,6.4,7.3,6,48
8206,Chetan Dhumal,6,70,8.3,7.8,9,52
8207,Deepak Malik,5,89,8.7,7.8,2,55
8208,Deepika Ingale,4,83,5.2,6.6,2,77
8209,Dhruv Singh,4,89,5.1,3,8,62
8210,Divya Shinde,10,98,5.6,1.3,2,87
8211,Gaurav Naik,7,89,8.1,4,8,74
8212,Isha Kadam,1,73,5.8,3.1,5,73
8213,Karan Lokhande,10,68,5.9,5.6,5,83
8214,Kavya Roy,8,81,8.6,3.6,3,62
8215,Kiran Borkar,1,78,8.5,7.2,8,59
8216,Kunal Gupta,8,72,7.7,3.6,3,46
8217,Manish Chavan,6,93,5.7,3.6,2,87
8218,Meera Thakur,10,97,6.5,6.3,7,53
8219,Mohit Gawande,5,75,5.9,5.1,3,76
8220,Neha Salve,6,87,7.7,2.8,3,84
8221,Nikhil Das,4,100,8.1,5.7,3,60
8222,Nisha Mane,4,60,5.6,4.9,7,49
8223,Pallavi Joshi,7,74,8.6,1.7,8,78
8224,Pankaj More,9,90,6.9,4.3,10,58
8225,Pooja Raut,9,80,8.2,7.4,10,87
8226,Prakash Sawant,8,92,5.2,2.5,4,64
8227,Priya Rathod,7,79,6.4,3.9,3,58
8228,Rahul Iyer,6,62,5.1,2.9,3,80
8229,Raj Pandey,4,77,7.9,4.8,3,61
8230,Rakesh Verma,8,76,5.3,7.8,2,84
8231,Riya Kulkarni,4,94,6.4,3.2,7,78
8232,Rohan Agrawal,3,66,8.1,6.8,2,89
8233,Rohit Suryawanshi,9,66,8,6.9,2,64
8234,Sachin Chaudhary,6,65,7.6,2.8,5,44
8235,Sakshi Reddy,4,83,7.8,6.4,9,49
8236,Sameer Dubey,9,100,7.6,7.9,6,40
8237,Sana Patil,10,85,7.6,7.7,5,87
8238,Sanjay Deshmukh,4,93,6.4,5.2,3,53
8239,Sanya Mehta,6,94,5.1,2.1,8,51
8240,Shivam Wagh,5,84,6.8,1.8,4,73
8241,Shraddha Yadav,8,84,5.2,2.9,10,53
8242,Shreya Nair,10,69,6.9,5.2,3,94
8243,Sneha Saxena,6,99,6.9,3.7,9,88
8244,Sonali Sharma,8,92,5.7,5.9,8,65
8245,Sonal Jadhav,6,95,8.1,6.5,5,75
8246,Sourabh Mishra,9,100,7.8,2.3,5,61
8247,Tanmay Bhosale,5,74,7.2,7.3,10,64
8248,Tanya Tiwari,4,65,8.7,1.4,8,66
8249,Varun Pande,5,95,6.1,2.9,2,61
8250,Vikas Kapoor,10,79,6,6.7,6,64
8251,Vijay Pawar,7,99,5.7,2.3,8,50
8252,Vishal Khan,2,88,7.2,2.5,5,76
8253,Yash Kale,1,70,5.8,7.8,8,43
8254,Yogesh Gaikwad,6,74,8.5,7.4,7,90
8255,Zoya Desai,9,85,6.2,6.7,4,90
8256,Aarav Dhumal,5,76,7,2.2,2,51
8257,Aditi Malik,6,71,7.1,2.8,2,42
8258,Aditya Ingale,8,68,6.2,2.6,8,66
8259,Akash Singh,6,86,8,2.3,8,43
8260,Akshay Shinde,10,61,7.8,7.8,5,62
8261,Aman Naik,7,63,8,2.2,6,82
8262,Amit Kadam,8,61,7.4,6.2,6,57
8263,Ananya Lokhande,8,90,6.8,1.4,9,90
8264,Aniket Roy,7,61,6.8,4.8,6,40
8265,Anjali Borkar,1,77,7.9,1.5,7,79
8266,Arjun Gupta,5,64,6.5,1.4,7,68
8267,Aryan Chavan,2,84,6.7,2.6,3,53
8268,Ashish Thakur,6,61,5.7,7.5,8,64
8269,Ayush Gawande,2,61,7.7,5.5,10,55
8270,Bhavna Salve,6,76,5.3,5.6,2,74
8271,Chetan Das,4,88,9,3.1,2,93
8272,Deepak Mane,1,64,5.6,6.1,6,68
8273,Deepika Joshi,2,80,6.5,5.8,8,79
8274,Dhruv More,6,93,6,4.2,2,74
8275,Divya Raut,1,85,6.2,5.8,8,86
8276,Gaurav Sawant,9,90,6.3,7.1,4,71
8277,Isha Rathod,8,72,7.9,7.7,3,64
8278,Karan Iyer,8,98,5.7,8,3,46
8279,Kavya Pandey,2,65,6.1,4.4,6,83
8280,Kiran Verma,8,84,5.4,1.2,7,90
8281,Kunal Kulkarni,7,77,6.3,2.6,6,94
8282,Manish Agrawal,4,61,8.8,2.4,7,80
8283,Meera Suryawanshi,1,98,6.5,3.1,9,59
8284,Mohit Chaudhary,6,88,8.1,3.5,9,79
8285,Neha Reddy,8,69,6.8,5.7,8,57
8286,Nikhil Dubey,1,62,6.8,4.7,6,90
8287,Nisha Patil,1,87,8.3,5.5,3,42
8288,Pallavi Deshmukh,4,82,5.1,7.8,8,90
8289,Pankaj Mehta,6,62,8.5,1.3,8,81
8290,Pooja Wagh,5,100,6.9,1.1,10,89
8291,Prakash Yadav,5,89,6.4,5.7,8,53
8292,Priya Nair,3,78,8.6,4.8,3,68
8293,Rahul Saxena,1,69,6.4,4.4,7,54
8294,Raj Sharma,1,71,8.9,7,8,79
8295,Rakesh Jadhav,1,78,8.7,2.1,10,75
8296,Riya Mishra,7,62,6.1,5,4,78
8297,Rohan Bhosale,8,75,6.4,7.5,9,81
8298,Rohit Tiwari,5,68,8.2,4.1,4,42
8299,Sachin Pande,1,64,5.8,5.1,5,62
8300,Sakshi Kapoor,5,65,7.9,1.5,10,54
8301,Sameer Pawar,10,74,5.5,3.4,3,92
8302,Sana Khan,3,75,5.8,1.3,3,69
8303,Sanjay Kale,5,74,7,5,9,49
8304,Sanya Gaikwad,6,88,8,5.1,10,61
8305,Shivam Desai,4,81,8,7.7,2,69
8306,Shraddha Dhumal,5,67,7.4,5.5,9,58
8307,Shreya Malik,5,99,6.1,1,7,74
8308,Sneha Ingale,5,89,6.7,6.8,9,83
8309,Sonali Singh,8,79,6,3.3,6,74
8310,Sonal Shinde,6,62,6.1,6,7,72
8311,Sourabh Naik,1,97,6.3,2.8,4,76
8312,Tanmay Kadam,1,90,7.4,6.3,7,56
8313,Tanya Lokhande,5,78,5.8,7.5,5,75
8314,Varun Roy,10,66,5.2,1.6,5,42
8315,Vikas Borkar,1,64,7.8,4.8,4,84
8316,Vijay Gupta,1,71,5.1,4.8,5,61
8317,Vishal Chavan,7,69,8.9,3,3,85
8318,Yash Thakur,5,68,6.4,3.4,9,54
8319,Yogesh Gawande,3,76,5,5.7,5,94
8320,Zoya Salve,3,61,8.5,3,5,69
8321,Aarav Das,7,73,7.4,1.2,10,92
8322,Aditi Mane,6,95,8.3,6.4,6,56
8323,Aditya Joshi,7,95,6.7,5.4,8,69
8324,Akash More,3,60,6.4,2.8,10,79
8325,Akshay Raut,6,87,7.6,7.7,9,79
8326,Aman Sawant,9,100,6.6,7.3,5,54
8327,Amit Rathod,4,83,7.2,7.8,6,62
8328,Ananya Iyer,4,76,6.1,4.6,9,52
8329,Aniket Pandey,2,80,6.3,2.6,6,76
8330,Anjali Verma,7,68,5.3,2.2,4,63
8331,Arjun Kulkarni,1,76,8.1,7.6,6,40
8332,Aryan Agrawal,3,98,6.4,7.2,2,56
8333,Ashish Suryawanshi,8,85,8.9,6.2,9,60
8334,Ayush Chaudhary,1,77,6,4.6,7,71
8335,Bhavna Reddy,10,65,6.9,3.7,4,91
8336,Chetan Dubey,5,97,6.2,5.9,6,95
8337,Deepak Patil,4,66,7.8,1.1,2,77
8338,Deepika Deshmukh,6,89,8.2,4.7,9,90
8339,Dhruv Mehta,7,72,6.9,5.8,6,40
8340,Divya Wagh,5,71,6.5,6.3,2,88
8341,Gaurav Yadav,9,67,8,4.2,6,69
8342,Isha Nair,10,75,5.8,6.2,2,60
8343,Karan Saxena,3,87,7.4,1.7,5,60
8344,Kavya Sharma,8,77,7.9,2.6,9,59
8345,Kiran Jadhav,4,61,6.1,2,7,85
8346,Kunal Mishra,10,70,7.6,3.4,6,65
8347,Manish Bhosale,3,66,7.9,3.4,6,46
8348,Meera Tiwari,3,76,5.5,3.6,6,90
8349,Mohit Pande,8,97,6.3,4.3,2,73
8350,Neha Kapoor,8,99,6.6,4.1,4,61
8351,Nikhil Pawar,2,100,8.1,4.4,9,79
8352,Nisha Khan,6,64,7.3,6.3,10,59
8353,Pallavi Kale,4,79,6.8,2,3,73
8354,Pankaj Gaikwad,7,61,6.3,3.5,10,40
8355,Pooja Desai,6,80,5,1,2,55
8356,Prakash Dhumal,10,83,5.1,1.2,6,59
8357,Priya Malik,10,91,6,5.2,9,84
8358,Rahul Ingale,7,73,5.5,7.1,3,82
8359,Raj Singh,7,61,5.5,3.1,10,84
8360,Rakesh Shinde,9,78,7.4,3.8,10,66
8361,Riya Naik,2,77,7.4,2.5,5,60
8362,Rohan Kadam,8,85,5.2,2,10,69
8363,Rohit Lokhande,8,64,7.4,7.2,2,54
8364,Sachin Roy,2,85,5.6,5,6,69
8365,Sakshi Borkar,9,76,6.5,5.9,4,77
8366,Sameer Gupta,7,90,9,7.2,7,94
8367,Sana Chavan,4,100,7.1,5.1,4,60
8368,Sanjay Thakur,5,69,5.1,2.3,5,46
8369,Sanya Gawande,5,90,6.4,6,8,59
8370,Shivam Salve,10,65,7.7,6.2,3,86
8371,Shraddha Das,10,100,5.9,3.9,9,65
8372,Shreya Mane,9,79,8.9,5.3,8,63
8373,Sneha Joshi,7,90,6.7,4.4,4,65
8374,Sonali More,2,91,5.1,3.3,8,54
8375,Sonal Raut,10,84,7.2,5.7,4,86
8376,Sourabh Sawant,2,75,7.7,2.7,6,77
8377,Tanmay Rathod,2,90,6.8,3.3,7,93
8378,Tanya Iyer,1,79,8.7,3.8,9,45
8379,Varun Pandey,10,87,8.6,5.3,5,79
8380,Vikas Verma,5,85,5.6,7,6,44
8381,Vijay Kulkarni,3,79,5.3,5.3,5,44
8382,Vishal Agrawal,1,64,6.2,6.1,9,87
8383,Yash Suryawanshi,5,71,7.4,3,9,58
8384,Yogesh Chaudhary,8,98,7.4,5.1,3,57
8385,Zoya Reddy,10,81,6.1,1.7,2,50
8386,Aarav Dubey,6,86,8.8,4.2,10,46
8387,Aditi Patil,7,70,6.2,5.8,3,77
8388,Aditya Deshmukh,9,88,8.2,2.3,3,69
8389,Akash Mehta,10,79,8.3,7.3,3,73
8390,Akshay Wagh,3,68,5.4,3.9,3,48
8391,Aman Yadav,10,65,5.9,5.7,2,95
8392,Amit Nair,6,76,5.9,4.3,7,40
8393,Ananya Saxena,10,83,8.7,6.1,6,65
8394,Aniket Sharma,2,71,6.4,5.1,2,69
8395,Anjali Jadhav,1,70,8.3,1.9,7,45
8396,Arjun Mishra,9,71,6.9,7.5,3,72
8397,Aryan Bhosale,7,72,6.8,5.6,6,73
8398,Ashish Tiwari,2,90,8.6,4.3,8,69
8399,Ayush Pande,9,80,6.8,5.7,5,60
8400,Bhavna Kapoor,2,79,8,2.8,4,92
8401,Chetan Pawar,7,66,6.7,6.4,10,49
8402,Deepak Khan,3,82,5.4,3.9,9,81
8403,Deepika Kale,1,99,5.2,6.6,9,60
8404,Dhruv Gaikwad,9,90,5.8,2.9,3,61
8405,Divya Desai,9,78,7.9,6.5,4,53
8406,Gaurav Dhumal,2,72,6.5,7.3,5,77
8407,Isha Malik,1,74,6.8,7.9,3,51
8408,Karan Ingale,7,61,5.4,6.4,5,60
8409,Kavya Singh,1,61,7.5,5.9,4,67
8410,Kiran Shinde,8,91,8.2,4.6,6,40
8411,Kunal Naik,10,94,7.5,1.7,8,85
8412,Manish Kadam,8,99,8.9,4.9,5,58
8413,Meera Lokhande,3,85,5.1,4.9,8,89
8414,Mohit Roy,2,98,5.1,1.5,5,76
8415,Neha Borkar,7,77,7,5.8,6,54
8416,Nikhil Gupta,1,70,6.1,2,4,77
8417,Nisha Chavan,6,70,7.7,5.2,2,65
8418,Pallavi Thakur,5,69,8.2,4.3,2,67
8419,Pankaj Gawande,8,90,5.4,7.1,3,87
8420,Pooja Salve,3,60,8.7,2.6,7,75
8421,Prakash Das,8,98,5.1,2.2,2,95
8422,Priya Mane,7,91,7.8,4.9,6,91
8423,Rahul Joshi,3,75,6.5,4.2,3,87
8424,Raj More,4,88,7.7,2.1,5,66
8425,Rakesh Raut,1,65,5.4,5.3,4,67
8426,Riya Sawant,5,77,8.7,7.3,3,89
8427,Rohan Rathod,3,64,8.7,6.2,6,88
8428,Rohit Iyer,2,64,7.1,2.5,10,60
8429,Sachin Pandey,6,60,7,2.7,7,79
8430,Sakshi Verma,6,92,7.5,4.9,4,73
8431,Sameer Kulkarni,1,90,7.3,5.7,9,46
8432,Sana Agrawal,2,96,7.2,7.9,10,46
8433,Sanjay Suryawanshi,1,100,7.4,1.7,8,44
8434,Sanya Chaudhary,7,99,8.4,4.8,3,54
8435,Shivam Reddy,4,100,7.4,7.9,3,92
8436,Shraddha Dubey,1,60,5.8,1.8,10,57
8437,Shreya Patil,2,92,8.7,7.8,10,91
8438,Sneha Deshmukh,10,89,5.9,4.2,5,64
8439,Sonali Mehta,3,66,5.7,6,6,65
8440,Sonal Wagh,7,65,9,4,6,54
8441,Sourabh Yadav,5,100,5.9,6.9,9,77
8442,Tanmay Nair,2,96,5.4,7.4,4,73
8443,Tanya Saxena,4,73,7.2,2.2,8,57
8444,Varun Sharma,1,63,8.3,6.2,10,83
8445,Vikas Jadhav,8,73,5.2,1.1,4,79
8446,Vijay Mishra,4,60,7,2.9,4,79
8447,Vishal Bhosale,5,88,5.3,4.9,3,64
8448,Yash Tiwari,2,75,6.7,5.2,8,76
8449,Yogesh Pande,9,62,6.4,3.6,4,59
8450,Zoya Kapoor,3,100,5.5,2.9,2,95
8451,Aarav Pawar,6,93,8.7,2.2,6,64
8452,Aditi Khan,9,97,7.5,2.7,7,55
8453,Aditya Kale,8,100,8.4,1.9,2,65
8454,Akash Gaikwad,7,60,8.6,2.8,8,92
8455,Akshay Desai,9,91,8.7,6.7,7,92
8456,Aman Dhumal,2,92,8,3,6,59
8457,Amit Malik,10,92,6.2,7.4,5,89
8458,Ananya Ingale,6,70,8.3,2.7,7,57
8459,Aniket Singh,5,76,7.1,4.4,8,50
8460,Anjali Shinde,3,98,6.1,2.2,8,52
8461,Arjun Naik,8,62,6.5,1.1,5,55
8462,Aryan Kadam,10,86,6.2,5.4,6,56
8463,Ashish Lokhande,7,92,6.9,3.4,4,56
8464,Ayush Roy,1,92,8.1,3.4,3,61
8465,Bhavna Borkar,5,84,6.9,3.9,9,40
8466,Chetan Gupta,8,91,6.1,6.4,5,61
8467,Deepak Chavan,4,97,5.3,3.8,4,69
8468,Deepika Thakur,8,91,8.4,1.6,8,62
8469,Dhruv Gawande,8,64,6.7,3,8,67
8470,Divya Salve,1,70,6.8,5,4,52
8471,Gaurav Das,6,72,8.1,8,3,46
8472,Isha Mane,2,74,8.4,2,7,90
8473,Karan Joshi,5,74,7,3.3,10,95
8474,Kavya More,4,69,7.5,4.4,3,62
8475,Kiran Raut,9,88,6,7.6,4,82
8476,Kunal Sawant,9,64,8.7,1.8,10,47
8477,Manish Rathod,5,92,7.3,6.6,8,50
8478,Meera Iyer,6,87,7.9,6.1,7,69
8479,Mohit Pandey,7,99,5.5,3.1,5,79
8480,Neha Verma,7,60,7.5,6.4,6,79
8481,Nikhil Kulkarni,7,72,6.5,5,3,59
8482,Nisha Agrawal,8,96,6.8,2.2,9,89
8483,Pallavi Suryawanshi,10,80,7.7,3,6,75
8484,Pankaj Chaudhary,9,82,8.2,3.3,9,57
8485,Pooja Reddy,2,61,6.4,3.3,9,66
8486,Prakash Dubey,5,91,8.5,6.2,2,56
8487,Priya Patil,5,70,5.9,5.6,9,47
8488,Rahul Deshmukh,6,99,7.3,6.7,4,40
8489,Raj Mehta,6,75,5.6,4.6,4,65
8490,Rakesh Wagh,8,67,6.2,3.5,6,40
8491,Riya Yadav,5,84,8.6,1.5,4,93
8492,Rohan Nair,3,79,5,6.6,5,89
8493,Rohit Saxena,5,79,8.7,1.5,8,81
8494,Sachin Sharma,9,98,6.3,3.1,4,82
8495,Sakshi Jadhav,4,74,7.8,5.7,7,75
8496,Sameer Mishra,1,76,5.4,6.3,5,81
8497,Sana Bhosale,10,85,7.6,1.5,4,87
8498,Sanjay Tiwari,2,66,8.6,5.3,3,68
8499,Sanya Pande,7,93,7.2,2,9,86
8500,Shivam Kapoor,9,69,6.4,6.3,3,53
8501,Shraddha Pawar,3,69,8.2,6.1,6,89
8502,Shreya Khan,4,60,7.9,6.2,4,79
8503,Sneha Kale,3,74,5.5,1.4,10,46
8504,Sonali Gaikwad,2,83,7.7,4.9,2,50
8505,Sonal Desai,2,88,7.7,2.7,5,47
8506,Sourabh Dhumal,2,96,8,4.5,6,53
8507,Tanmay Malik,5,91,6.3,7.9,10,84
8508,Tanya Ingale,6,73,6.6,1.6,3,86
8509,Varun Singh,1,93,8.8,5.2,9,95
8510,Vikas Shinde,9,67,7.3,2.2,2,47
8511,Vijay Naik,7,68,7,4.6,4,71
8512,Vishal Kadam,1,74,8.9,4.6,9,86
8513,Yash Lokhande,9,82,5.9,4.2,5,93
8514,Yogesh Roy,1,68,6.6,5.5,7,45
8515,Zoya Borkar,6,96,8,7.8,5,77
8516,Aarav Gupta,5,71,7.9,6.6,10,44
8517,Aditi Chavan,6,76,8.9,7.7,2,44
8518,Aditya Thakur,10,84,7.6,2.3,10,86
8519,Akash Gawande,10,77,6.3,8,4,91
8520,Akshay Salve,3,76,6.6,3.1,7,50
8521,Aman Das,6,100,5.4,1.2,4,86
8522,Amit Mane,10,77,8.7,4.1,9,91
8523,Ananya Joshi,8,64,5.5,2.7,8,70
8524,Aniket More,9,89,7.2,6.3,3,49
8525,Anjali Raut,5,88,6.6,1.6,4,81
8526,Arjun Sawant,3,68,5.5,4.8,8,70
8527,Aryan Rathod,6,94,6.2,3,6,59
8528,Ashish Iyer,9,76,7.5,2.4,6,88
8529,Ayush Pandey,10,66,5.1,7.1,5,74
8530,Bhavna Verma,7,67,8.9,4.6,8,54
8531,Chetan Kulkarni,8,89,8.6,3.3,10,63
8532,Deepak Agrawal,6,68,5.3,6.2,2,57
8533,Deepika Suryawanshi,4,79,8.5,7,8,69
8534,Dhruv Chaudhary,5,90,6.3,4.1,10,55
8535,Divya Reddy,5,94,5.3,2.3,3,75
8536,Gaurav Dubey,9,80,6.2,8,5,65
8537,Isha Patil,6,97,8.2,3.5,7,43
8538,Karan Deshmukh,8,72,7.7,2.4,8,40
8539,Kavya Mehta,1,95,6,1.7,8,45
8540,Kiran Wagh,8,70,7.9,1.9,10,48
8541,Kunal Yadav,6,62,7.8,7.6,7,44
8542,Manish Nair,10,89,8,7.6,9,77
8543,Meera Saxena,5,91,7.2,4.6,6,73
8544,Mohit Sharma,5,97,8.3,5.8,4,41
8545,Neha Jadhav,2,97,7.6,6.8,8,63
8546,Nikhil Mishra,9,64,5.5,4.9,5,56
8547,Nisha Bhosale,8,85,8.2,5.7,7,68
8548,Pallavi Tiwari,9,88,6.3,7.8,7,72
8549,Pankaj Pande,1,84,7.8,2.2,2,68
8550,Pooja Kapoor,3,60,7.7,2,6,62
8551,Prakash Pawar,9,61,6.3,6.3,2,42
8552,Priya Khan,1,87,5.6,5.9,5,84
8553,Rahul Kale,6,95,7.8,2.3,7,84
8554,Raj Gaikwad,5,67,8.4,3.1,7,88
8555,Rakesh Desai,10,61,8.4,5.8,2,79
8556,Riya Dhumal,9,76,7.5,4.5,10,58
8557,Rohan Malik,9,72,5.9,7.3,8,78
8558,Rohit Ingale,3,100,6.3,6.9,4,90
8559,Sachin Singh,6,97,8,4.4,6,41
8560,Sakshi Shinde,8,82,6.6,5.7,3,68
8561,Sameer Naik,10,98,7.9,5.5,5,76
8562,Sana Kadam,1,69,6.2,1.6,8,95
8563,Sanjay Lokhande,10,100,5,4,9,68
8564,Sanya Roy,4,78,7.4,4.1,7,89
8565,Shivam Borkar,2,79,7.4,7.3,4,82
8566,Shraddha Gupta,7,62,7.5,7.2,10,84
8567,Shreya Chavan,8,67,6.1,1.4,6,45
8568,Sneha Thakur,2,67,8.2,6.9,8,68
8569,Sonali Gawande,1,80,6.9,5.3,8,81
8570,Sonal Salve,9,67,8,1.1,5,46
8571,Sourabh Das,10,64,7.4,3.7,2,93
8572,Tanmay Mane,2,84,6.7,7.2,7,78
8573,Tanya Joshi,10,95,7.7,3.5,10,87
8574,Varun More,10,62,7.3,5.7,9,75
8575,Vikas Raut,10,82,7,5,9,90
8576,Vijay Sawant,3,99,7.6,5.1,5,90
8577,Vishal Rathod,6,76,5.3,4.4,10,44
8578,Yash Iyer,10,67,8.6,4.4,2,92
8579,Yogesh Pandey,10,63,6.3,7.3,4,69
8580,Zoya Verma,7,98,5.9,3.9,7,67
8581,Aarav Kulkarni,2,76,8.1,2.3,4,53
8582,Aditi Agrawal,1,64,5.9,3.9,2,62
8583,Aditya Suryawanshi,3,95,9,6.1,3,70
8584,Akash Chaudhary,1,92,6.7,4.3,10,69
8585,Akshay Reddy,2,88,6.2,6.1,5,79
8586,Aman Dubey,1,63,5.2,2.7,3,78
8587,Amit Patil,8,63,5.2,5.1,7,81
8588,Ananya Deshmukh,6,68,5.4,7.1,5,72
8589,Aniket Mehta,6,66,5,4.7,5,95
8590,Anjali Wagh,9,81,6.3,5.5,10,89
8591,Arjun Yadav,5,76,6.2,5.8,6,93
8592,Aryan Nair,5,91,6.7,6.2,2,80
8593,Ashish Saxena,3,64,5.9,3.5,10,53
8594,Ayush Sharma,5,89,5.3,5.4,2,94
8595,Bhavna Jadhav,2,98,5.3,3.9,8,91
8596,Chetan Mishra,6,65,5.7,3.7,2,56
8597,Deepak Bhosale,10,86,6.3,4.3,4,89
8598,Deepika Tiwari,6,80,5.6,3.9,10,69
8599,Dhruv Pande,3,63,6.5,1.2,3,80
8600,Divya Kapoor,7,72,8.7,6.2,10,59
8601,Gaurav Pawar,9,92,6,5.1,4,54
8602,Isha Khan,5,95,5.7,2,5,62
8603,Karan Kale,3,75,7.7,2.8,10,50
8604,Kavya Gaikwad,8,64,7,5.3,8,47
8605,Kiran Desai,2,70,5.2,4.6,4,64
8606,Kunal Dhumal,10,94,8.2,6.1,8,93
8607,Manish Malik,4,83,7.9,4.4,6,42
8608,Meera Ingale,4,77,8.9,6.9,2,58
8609,Mohit Singh,8,60,8.8,1.5,4,55
8610,Neha Shinde,1,92,7.3,5.3,4,51
8611,Nikhil Naik,3,79,7.7,3.6,6,44
8612,Nisha Kadam,2,82,6.6,3.1,10,49
8613,Pallavi Lokhande,4,94,8.6,7.6,7,69
8614,Pankaj Roy,6,83,7.2,7,3,63
8615,Pooja Borkar,2,98,6.3,2.3,7,74
8616,Prakash Gupta,4,82,5,1.4,6,87
8617,Priya Chavan,8,74,7.3,7.1,5,46
8618,Rahul Thakur,10,97,7.1,2.2,4,58
8619,Raj Gawande,1,86,8.2,7.5,8,88
8620,Rakesh Salve,7,91,5.7,2.9,7,53
8621,Riya Das,1,69,8.3,3.9,5,45
8622,Rohan Mane,6,87,5.1,1.3,3,53
8623,Rohit Joshi,9,82,7.3,4.8,3,62
8624,Sachin More,8,64,6.6,2.3,3,54
8625,Sakshi Raut,3,70,6.3,4,7,68
8626,Sameer Sawant,3,97,6.7,7.4,2,51
8627,Sana Rathod,8,83,5.9,2.8,2,72
8628,Sanjay Iyer,9,91,5.7,5.4,10,88
8629,Sanya Pandey,3,67,8.2,2.4,4,57
8630,Shivam Verma,1,68,5.9,5.3,3,70
8631,Shraddha Kulkarni,5,98,7.9,3,10,79
8632,Shreya Agrawal,7,77,7.8,5.8,5,43
8633,Sneha Suryawanshi,5,96,5.1,6.4,2,59
8634,Sonali Chaudhary,10,93,8.5,7.2,5,75
8635,Sonal Reddy,9,73,8.2,7.4,2,54
8636,Sourabh Dubey,8,98,8.2,2.7,4,63
8637,Tanmay Patil,1,91,8.2,1.9,10,65
8638,Tanya Deshmukh,9,65,7.3,1.3,9,92
8639,Varun Mehta,8,63,9,6,5,46
8640,Vikas Wagh,4,65,5.7,2.3,5,75
8641,Vijay Yadav,6,90,5.3,6.6,7,94
8642,Vishal Nair,9,65,7.8,7.8,7,90
8643,Yash Saxena,10,71,6.2,2,8,70
8644,Yogesh Sharma,6,77,7.4,3,6,61
8645,Zoya Jadhav,1,65,6.6,4.7,2,48
8646,Aarav Mishra,7,73,6.3,4,9,54
8647,Aditi Bhosale,7,87,8.6,4,5,84
8648,Aditya Tiwari,1,99,5.6,2.5,9,41
8649,Akash Pande,9,79,5.8,7.2,9,80
8650,Akshay Kapoor,3,90,7.7,5.8,3,92
8651,Aman Pawar,9,81,8.1,2.1,6,64
8652,Amit Khan,6,79,8.3,1,8,85
8653,Ananya Kale,4,81,5.9,6.3,5,95
8654,Aniket Gaikwad,1,99,8.5,1.1,9,82
8655,Anjali Desai,1,62,7.4,7.2,6,68
8656,Arjun Dhumal,8,81,8.3,4.7,10,71
8657,Aryan Malik,4,62,5.3,7.5,10,51
8658,Ashish Ingale,9,95,6.4,6.4,10,47
8659,Ayush Singh,3,84,7.1,7.3,3,84
8660,Bhavna Shinde,10,61,7.3,6.2,8,69
8661,Chetan Naik,10,85,5.4,5,8,92
8662,Deepak Kadam,2,77,7.2,2.2,6,81
8663,Deepika Lokhande,7,61,7.7,6.1,3,54
8664,Dhruv Roy,10,100,6.4,5.1,4,93
8665,Divya Borkar,4,75,7,4.2,6,40
8666,Gaurav Gupta,1,60,6.2,4.9,9,45
8667,Isha Chavan,9,85,8.5,2.6,10,74
8668,Karan Thakur,5,75,7.4,3.8,10,73
8669,Kavya Gawande,1,86,7.2,1.9,10,81
8670,Kiran Salve,9,66,8.8,3.9,2,76
8671,Kunal Das,7,93,7.7,4.3,10,54
8672,Manish Mane,1,77,6.1,7,6,48
8673,Meera Joshi,3,77,7.6,4.7,2,93
8674,Mohit More,1,92,8.8,7.4,3,58
8675,Neha Raut,10,82,5.1,7.8,4,49
8676,Nikhil Sawant,1,60,7.5,1.3,4,43
8677,Nisha Rathod,8,83,5.6,5.2,2,84
8678,Pallavi Iyer,6,86,8.3,3.1,5,87
8679,Pankaj Pandey,6,72,7.6,7,6,89
8680,Pooja Verma,9,67,8.7,4.5,4,87
8681,Prakash Kulkarni,9,62,7.7,1.5,8,49
8682,Priya Agrawal,2,94,5.1,2.5,8,40
8683,Rahul Suryawanshi,1,60,7,5.7,5,68
8684,Raj Chaudhary,2,83,8.6,1.6,2,68
8685,Rakesh Reddy,7,94,5.9,3.7,4,41
8686,Riya Dubey,6,74,5.3,7.1,7,89
8687,Rohan Patil,1,68,7.9,1.2,5,75
8688,Rohit Deshmukh,3,89,7,5.9,7,78
8689,Sachin Mehta,6,85,5.2,5.7,9,70
8690,Sakshi Wagh,8,60,6.1,3.2,9,95
8691,Sameer Yadav,4,83,6.3,1.8,7,83
8692,Sana Nair,10,60,7.7,1.7,2,72
8693,Sanjay Saxena,10,76,6.9,7.8,8,68
8694,Sanya Sharma,8,72,6.9,5.7,4,86
8695,Shivam Jadhav,5,94,8.2,3.6,5,59
8696,Shraddha Mishra,9,100,6.1,6.8,8,88
8697,Shreya Bhosale,8,88,7.7,1.7,9,47
8698,Sneha Tiwari,6,90,6.5,1.9,8,42
8699,Sonali Pande,5,60,6.7,2.4,4,42
8700,Sonal Kapoor,9,62,7.2,6.3,6,60
8701,Sourabh Pawar,6,91,7.8,3.9,5,69
8702,Tanmay Khan,2,77,8.8,5.5,6,90
8703,Tanya Kale,10,80,6.1,2.6,8,91
8704,Varun Gaikwad,1,88,5.4,6.4,10,41
8705,Vikas Desai,7,74,6.7,6.6,5,82
8706,Vijay Dhumal,7,87,7.2,3.9,4,51
8707,Vishal Malik,6,89,5.9,2.5,9,62
8708,Yash Ingale,1,69,8.6,5.4,3,88
8709,Yogesh Singh,5,88,8.2,2.8,5,95
8710,Zoya Shinde,9,66,7,2,10,84
8711,Aarav Naik,3,72,6.8,5.3,9,50
8712,Aditi Kadam,7,91,5.2,4.6,9,42
8713,Aditya Lokhande,9,100,7.1,6.5,9,95
8714,Akash Roy,10,62,7.4,3,4,53
8715,Akshay Borkar,6,86,8.6,2.6,2,52
8716,Aman Gupta,4,83,7,5.5,9,69
8717,Amit Chavan,7,84,5.6,5.9,6,49
8718,Ananya Thakur,5,92,5.7,3.9,4,77
8719,Aniket Gawande,7,62,5.6,4.1,6,88
8720,Anjali Salve,8,90,8.8,1.9,9,59
8721,Arjun Das,8,71,8.2,4.3,6,66
8722,Aryan Mane,3,66,8.3,7.7,7,90
8723,Ashish Joshi,8,78,8.4,1.8,6,89
8724,Ayush More,6,61,5.4,5,6,45
8725,Bhavna Raut,10,85,7.8,1.1,10,81
8726,Chetan Sawant,7,83,7.8,3.3,10,41
8727,Deepak Rathod,9,81,5.9,6.3,5,48
8728,Deepika Iyer,10,61,7,5,9,75
8729,Dhruv Pandey,10,91,7.6,1.6,8,46
8730,Divya Verma,8,61,8.6,4.2,3,50
8731,Gaurav Kulkarni,6,70,5.4,1.6,9,65
8732,Isha Agrawal,2,76,8.6,3.6,8,63
8733,Karan Suryawanshi,4,88,8.7,6.4,9,71
8734,Kavya Chaudhary,5,76,8.7,2.8,9,91
8735,Kiran Reddy,8,93,5,4.2,10,63
8736,Kunal Dubey,6,98,5.9,4.5,6,57
8737,Manish Patil,5,91,7.8,7,2,51
8738,Meera Deshmukh,2,61,6.3,1.9,4,89
8739,Mohit Mehta,8,91,5.2,4.9,3,52
8740,Neha Wagh,5,68,8.1,1.2,4,40
8741,Nikhil Yadav,1,96,5.1,1.7,7,68
8742,Nisha Nair,3,100,6.8,2.5,10,80
8743,Pallavi Saxena,9,63,8.8,6,8,40
8744,Pankaj Sharma,2,64,6.8,1.3,5,75
8745,Pooja Jadhav,5,88,8.6,7.6,6,64
8746,Prakash Mishra,6,65,6.6,4,6,83
8747,Priya Bhosale,1,99,6.4,6.9,5,41
8748,Rahul Tiwari,2,82,5.4,2.6,7,90
8749,Raj Pande,10,83,6.4,3.4,10,88
8750,Rakesh Kapoor,6,95,6.3,6.1,2,78
8751,Riya Pawar,3,68,8.4,3.7,5,74
8752,Rohan Khan,2,82,8.7,4.6,2,79
8753,Rohit Kale,5,100,5.1,6.7,9,48
8754,Sachin Gaikwad,8,60,5.4,5.6,3,90
8755,Sakshi Desai,8,67,7.6,6.9,7,83
8756,Sameer Dhumal,2,65,6.9,1.6,2,82
8757,Sana Malik,8,73,6.2,5.3,6,67
8758,Sanjay Ingale,9,65,6,5.2,10,47
8759,Sanya Singh,3,67,5.9,5.2,10,68
8760,Shivam Shinde,1,94,7.1,5.1,3,70
8761,Shraddha Naik,10,79,5.1,6.1,7,54
8762,Shreya Kadam,6,74,8,6.9,4,91
8763,Sneha Lokhande,8,77,6.2,2.6,8,62
8764,Sonali Roy,4,99,6.7,1.7,6,93
8765,Sonal Borkar,3,80,7.1,1.5,9,89
8766,Sourabh Gupta,3,79,5.8,2.1,10,44
8767,Tanmay Chavan,3,98,8.5,5.6,5,48
8768,Tanya Thakur,5,61,7.7,3.9,2,61
8769,Varun Gawande,2,79,8.5,3.4,4,74
8770,Vikas Salve,9,90,6.9,7.4,3,46
8771,Vijay Das,6,81,6.7,7.3,3,52
8772,Vishal Mane,10,95,5.9,4.8,8,87
8773,Yash Joshi,6,96,7.2,4.2,10,64
8774,Yogesh More,4,73,7.4,2.9,6,71
8775,Zoya Raut,6,93,6.7,4.2,6,69
8776,Aarav Sawant,2,70,5.6,3.9,7,94
8777,Aditi Rathod,9,69,6.1,1,10,46
8778,Aditya Iyer,8,100,5.1,6.3,2,69
8779,Akash Pandey,2,60,6.3,4.1,6,44
8780,Akshay Verma,6,74,7.3,2.6,9,42
8781,Aman Kulkarni,6,85,8.8,5.7,3,67
8782,Amit Agrawal,3,76,5.7,4.1,7,90
8783,Ananya Suryawanshi,2,94,5.2,3.2,2,62
8784,Aniket Chaudhary,8,70,6.2,2.6,9,80
8785,Anjali Reddy,3,82,5.6,1.4,7,91
8786,Arjun Dubey,6,65,7.8,4.5,10,40
8787,Aryan Patil,3,68,5,3.6,4,79
8788,Ashish Deshmukh,7,67,8.9,1.3,8,90
8789,Ayush Mehta,1,90,8.4,6.7,8,90
8790,Bhavna Wagh,4,68,7,6.7,2,81
8791,Chetan Yadav,6,87,8.7,4.4,8,91
8792,Deepak Nair,5,74,7.5,6.9,8,73
8793,Deepika Saxena,7,83,9,4.4,7,41
8794,Dhruv Sharma,2,95,6.1,2.2,7,94
8795,Divya Jadhav,5,95,9,4.6,9,89
8796,Gaurav Mishra,8,60,5.7,3.2,2,50
8797,Isha Bhosale,4,92,6.4,4.2,5,93
8798,Karan Tiwari,2,99,8.7,7.8,4,76
8799,Kavya Pande,9,87,6.5,3.5,9,65
8800,Kiran Kapoor,8,67,5.8,2.5,3,85
8801,Kunal Pawar,7,87,5.2,1.9,2,75
8802,Manish Khan,8,86,5.6,7.2,10,84
8803,Meera Kale,8,87,6.4,1.1,5,59
8804,Mohit Gaikwad,8,77,6.7,7.4,9,61
8805,Neha Desai,6,81,7.2,1.4,4,45
8806,Nikhil Dhumal,1,86,8.3,6.3,8,89
8807,Nisha Malik,6,79,5.1,3.1,10,54
8808,Pallavi Ingale,3,91,8.4,2.7,8,47
8809,Pankaj Singh,8,89,7.3,2.3,4,44
8810,Pooja Shinde,5,72,8,1.9,7,61
8811,Prakash Naik,10,85,8,1.5,9,67
8812,Priya Kadam,6,91,8.6,2.1,9,86
8813,Rahul Lokhande,6,80,5.4,5.1,4,76
8814,Raj Roy,10,89,7.3,5,4,85
8815,Rakesh Borkar,5,65,8.6,3,5,40
8816,Riya Gupta,4,75,7.9,5.8,4,41
8817,Rohan Chavan,4,88,5.4,6.4,8,52
8818,Rohit Thakur,9,96,7.5,7.9,7,61
8819,Sachin Gawande,8,86,8.2,4.1,6,44
8820,Sakshi Salve,2,87,6.1,3.6,9,88
8821,Sameer Das,5,74,7.5,7.8,3,94
8822,Sana Mane,4,88,8.4,7.6,9,67
8823,Sanjay Joshi,7,74,7.1,7.5,7,84
8824,Sanya More,1,62,5.8,5.3,10,50
8825,Shivam Raut,8,70,7.2,5.3,7,41
8826,Shraddha Sawant,8,85,7.4,7.5,8,90
8827,Shreya Rathod,3,99,6.6,4.4,3,85
8828,Sneha Iyer,2,80,7.7,2.5,4,82
8829,Sonali Pandey,7,95,6.7,7.9,7,86
8830,Sonal Verma,3,91,8.5,6.9,4,79
8831,Sourabh Kulkarni,10,83,8.2,1.4,2,85
8832,Tanmay Agrawal,8,92,8.2,1.8,6,94
8833,Tanya Suryawanshi,10,76,7.1,7.2,4,89
8834,Varun Chaudhary,6,78,5.8,3.1,7,89
8835,Vikas Reddy,10,90,7.9,5.9,7,66
8836,Vijay Dubey,1,86,5.3,1.8,6,85
8837,Vishal Patil,3,81,7.1,2.2,9,53
8838,Yash Deshmukh,1,77,5.2,6.2,2,57
8839,Yogesh Mehta,7,100,7.1,7.9,9,88
8840,Zoya Wagh,6,62,7.7,4.5,6,60
8841,Aarav Yadav,3,62,6.7,1.3,8,86
8842,Aditi Nair,4,79,6.7,2.6,9,67
8843,Aditya Saxena,7,61,5.5,2.5,4,55
8844,Akash Sharma,2,73,6.2,7.5,4,63
8845,Akshay Jadhav,6,83,6.8,3.9,8,72
8846,Aman Mishra,7,76,8.5,7.6,7,43
8847,Amit Bhosale,3,68,8.6,7,3,71
8848,Ananya Tiwari,3,71,8.8,4.2,4,45
8849,Aniket Pande,4,84,5.4,1.2,9,67
8850,Anjali Kapoor,6,99,6.2,7.8,7,58
8851,Arjun Pawar,3,92,6.9,1.1,10,74
8852,Aryan Khan,4,82,7.6,7,8,86
8853,Ashish Kale,6,65,7.8,3.9,3,44
8854,Ayush Gaikwad,2,69,8.1,3.1,3,44
8855,Bhavna Desai,6,78,7,3.9,10,65
8856,Chetan Dhumal,2,70,7.2,3.5,8,82
8857,Deepak Malik,2,88,8.8,5.8,7,55
8858,Deepika Ingale,3,75,6,5,8,83
8859,Dhruv Singh,3,94,8.2,2.8,5,40
8860,Divya Shinde,1,71,7.8,4.7,4,56
8861,Gaurav Naik,10,80,5.6,3.8,9,69
8862,Isha Kadam,4,89,8.7,7.4,10,75
8863,Karan Lokhande,9,68,8.4,7.2,10,60
8864,Kavya Roy,10,91,8.1,5.3,9,89
8865,Kiran Borkar,9,84,5.5,7.8,9,64
8866,Kunal Gupta,9,86,5.6,3.6,6,75
8867,Manish Chavan,2,78,7.7,1.6,4,46
8868,Meera Thakur,4,98,5.4,1.3,2,92
8869,Mohit Gawande,8,91,5.5,6.8,4,68
8870,Neha Salve,6,67,6.6,3.7,5,66
8871,Nikhil Das,1,82,5,7,2,55
8872,Nisha Mane,6,97,7.9,4.2,4,74
8873,Pallavi Joshi,9,71,7.2,1.1,10,40
8874,Pankaj More,9,81,5.3,4.7,4,65
8875,Pooja Raut,4,90,7.2,5.2,5,83
8876,Prakash Sawant,3,71,5.2,4.2,7,83
8877,Priya Rathod,4,81,5.3,6.9,9,75
8878,Rahul Iyer,3,82,6.9,5.5,10,60
8879,Raj Pandey,4,67,7,3.6,9,69
8880,Rakesh Verma,4,67,6.4,6,3,49
8881,Riya Kulkarni,5,83,7.5,3.2,3,74
8882,Rohan Agrawal,1,67,6.5,6.9,8,52
8883,Rohit Suryawanshi,3,98,7.3,3,9,58
8884,Sachin Chaudhary,4,81,6.4,5.7,7,81
8885,Sakshi Reddy,2,88,7.9,3.9,10,46
8886,Sameer Dubey,9,76,7.3,1.7,8,58
8887,Sana Patil,7,72,5.6,5.4,5,59
8888,Sanjay Deshmukh,10,79,7.7,3.7,9,92
8889,Sanya Mehta,6,89,8.1,5.4,8,84
8890,Shivam Wagh,2,76,5.3,4.8,5,60
8891,Shraddha Yadav,10,71,7.4,1.3,7,74
8892,Shreya Nair,5,65,8.2,2.4,7,53
8893,Sneha Saxena,7,82,5.5,5.9,2,84
8894,Sonali Sharma,4,87,8.6,4.3,4,59
8895,Sonal Jadhav,5,81,6.7,4.3,4,90
8896,Sourabh Mishra,5,70,8,1,4,89
8897,Tanmay Bhosale,3,70,8.6,3.1,6,53
8898,Tanya Tiwari,6,75,9,5.7,6,62
8899,Varun Pande,8,74,7.3,7.2,9,91
8900,Vikas Kapoor,1,68,7.8,5,2,45
8901,Vijay Pawar,2,98,6,4.8,9,77
8902,Vishal Khan,9,73,6.2,4.3,4,68
8903,Yash Kale,6,70,8.4,5.7,5,71
8904,Yogesh Gaikwad,10,84,6.6,6.6,3,72
8905,Zoya Desai,7,92,8.3,2.5,2,68
8906,Aarav Dhumal,7,79,5.2,6,3,59
8907,Aditi Malik,9,87,5.9,2.7,4,66
8908,Aditya Ingale,7,63,5.7,1.2,5,94
8909,Akash Singh,4,81,7.1,1.5,4,44
8910,Akshay Shinde,6,62,5.3,1.3,2,48
8911,Aman Naik,3,65,6.4,3,5,43
8912,Amit Kadam,4,84,8.9,1.9,3,75
8913,Ananya Lokhande,7,68,8.2,1.6,8,58
8914,Aniket Roy,2,61,8,2,8,42
8915,Anjali Borkar,7,67,5.5,1.3,2,51
8916,Arjun Gupta,6,91,6.5,3.4,7,54
8917,Aryan Chavan,4,84,7.7,6.8,10,44
8918,Ashish Thakur,1,75,5.1,4.9,10,82
8919,Ayush Gawande,8,99,6.7,1.5,2,41
8920,Bhavna Salve,9,75,8.7,3.6,10,89
8921,Chetan Das,8,95,5.3,4,5,94
8922,Deepak Mane,5,74,8.6,2.2,9,91
8923,Deepika Joshi,7,61,5.8,3.6,3,51
8924,Dhruv More,5,64,5.8,3.4,8,52
8925,Divya Raut,4,71,5.8,4.5,9,95
8926,Gaurav Sawant,4,67,8.7,5.9,4,74
8927,Isha Rathod,3,66,7.4,4.4,8,70
8928,Karan Iyer,10,75,8,1.5,3,88
8929,Kavya Pandey,7,100,6.5,1.4,8,50
8930,Kiran Verma,2,68,8.5,7.2,10,62
8931,Kunal Kulkarni,9,69,7.3,5.9,4,48
8932,Manish Agrawal,2,100,7.4,5.6,10,84
8933,Meera Suryawanshi,6,68,8,7.4,8,51
8934,Mohit Chaudhary,2,94,8.1,4.8,6,47
8935,Neha Reddy,4,85,7.7,1.5,4,60
8936,Nikhil Dubey,7,98,5.5,6,6,71
8937,Nisha Patil,10,82,8.5,2.1,10,51
8938,Pallavi Deshmukh,10,84,6,5.7,2,90
8939,Pankaj Mehta,9,69,9,3.8,9,86
8940,Pooja Wagh,3,83,6.5,1.2,3,91
8941,Prakash Yadav,1,87,5.5,1.4,9,60
8942,Priya Nair,10,100,6.3,3.7,6,61
8943,Rahul Saxena,10,63,7.3,5.2,10,69
8944,Raj Sharma,3,66,6.6,2.2,3,90
8945,Rakesh Jadhav,1,60,8.3,1.7,2,68
8946,Riya Mishra,7,92,7.7,3.6,6,61
8947,Rohan Bhosale,1,63,5.9,6.6,9,76
8948,Rohit Tiwari,1,97,7.2,6.5,9,47
8949,Sachin Pande,10,74,8.2,5.8,8,95
8950,Sakshi Kapoor,5,71,8.6,4,9,78
8951,Sameer Pawar,2,99,6.6,4.1,8,64
8952,Sana Khan,7,89,8.7,2.6,9,45
8953,Sanjay Kale,4,82,5.1,2,3,58
8954,Sanya Gaikwad,6,96,7.7,1.1,4,72
8955,Shivam Desai,9,90,8.1,7,2,94
8956,Shraddha Dhumal,3,86,6.7,4.5,5,67
8957,Shreya Malik,7,73,5,1,4,95
8958,Sneha Ingale,9,100,7.7,4.7,7,69
8959,Sonali Singh,5,89,6.4,2.8,6,83
8960,Sonal Shinde,10,98,5.6,4,7,45
8961,Sourabh Naik,5,99,5.6,5.7,7,84
8962,Tanmay Kadam,5,82,8.1,6.7,10,53
8963,Tanya Lokhande,9,74,5.7,5.9,2,62
8964,Varun Roy,7,98,6.9,7.3,4,58
8965,Vikas Borkar,9,100,8.9,2.6,5,70
8966,Vijay Gupta,8,65,8,5.6,2,74
8967,Vishal Chavan,8,86,7.2,7.2,9,59
8968,Yash Thakur,3,84,7.1,3.2,5,43
8969,Yogesh Gawande,4,90,5.7,6.6,3,74
8970,Zoya Salve,9,99,6.8,7.6,6,63
8971,Aarav Das,7,70,5.6,5.5,3,86
8972,Aditi Mane,3,100,5.3,2.1,5,78
8973,Aditya Joshi,4,86,5.4,2.8,7,60
8974,Akash More,8,63,7.4,5.8,4,42
8975,Akshay Raut,2,80,5.8,7.1,9,69
8976,Aman Sawant,2,65,5.6,1.2,4,84
8977,Amit Rathod,8,99,8.5,3.3,3,83
8978,Ananya Iyer,3,91,5.5,2.6,5,58
8979,Aniket Pandey,8,97,7.8,4,3,51
8980,Anjali Verma,6,84,6.7,6.4,8,44
8981,Arjun Kulkarni,10,76,7.3,4.5,6,74
8982,Aryan Agrawal,6,77,5.1,4.6,3,54
8983,Ashish Suryawanshi,9,98,5,5.3,5,83
8984,Ayush Chaudhary,9,66,8.3,4.6,9,73
8985,Bhavna Reddy,3,96,6.9,5.8,9,42
8986,Chetan Dubey,10,77,5.3,1.7,7,78
8987,Deepak Patil,8,84,6.4,1.2,10,54
8988,Deepika Deshmukh,2,87,7,6.8,2,88
8989,Dhruv Mehta,1,63,5.5,4.4,8,41
8990,Divya Wagh,3,66,7.2,3.1,2,60
8991,Gaurav Yadav,1,66,7.1,4.2,7,40
8992,Isha Nair,4,91,7.4,5.6,2,75
8993,Karan Saxena,10,63,8.2,1.9,5,66
8994,Kavya Sharma,5,85,6.7,4.7,2,69
8995,Kiran Jadhav,1,64,8.6,1.8,4,79
8996,Kunal Mishra,5,91,6.9,7,7,90
8997,Manish Bhosale,3,100,6.8,4.9,9,61
8998,Meera Tiwari,9,76,7.6,6.7,10,71
8999,Mohit Pande,1,68,7.5,6,10,74
9000,Neha Kapoor,8,78,5,6.7,3,89
9001,Nikhil Pawar,5,88,8.9,3.4,10,50
9002,Nisha Khan,1,89,8.8,2,4,69
9003,Pallavi Kale,7,86,6.1,7.2,9,86
9004,Pankaj Gaikwad,5,83,7.2,7.2,9,55
9005,Pooja Desai,8,85,8.1,7.2,10,60
9006,Prakash Dhumal,7,68,8.7,7.9,6,65
9007,Priya Malik,8,68,7.3,5.2,8,79
9008,Rahul Ingale,5,98,5.1,4.6,5,77
9009,Raj Singh,1,83,7.7,6.6,2,47
9010,Rakesh Shinde,2,95,5.4,1.8,6,51
9011,Riya Naik,5,85,7.7,6.5,3,85
9012,Rohan Kadam,4,78,7.3,6.7,2,77
9013,Rohit Lokhande,8,83,7.6,5,3,69
9014,Sachin Roy,5,88,5.8,3.7,3,63
9015,Sakshi Borkar,9,67,7,5.6,9,94
9016,Sameer Gupta,2,78,7.5,7.4,10,89
9017,Sana Chavan,4,89,6.2,2.1,9,62
9018,Sanjay Thakur,8,63,5.7,3.2,7,59
9019,Sanya Gawande,2,63,5.9,5.7,9,88
9020,Shivam Salve,4,66,8.4,6.8,4,59
9021,Shraddha Das,8,84,6.9,5.6,10,63
9022,Shreya Mane,6,69,7.6,5.1,10,91
9023,Sneha Joshi,8,77,7.1,1.6,3,46
9024,Sonali More,6,65,8.3,4,5,79
9025,Sonal Raut,9,70,7,7.2,4,78
9026,Sourabh Sawant,9,60,5.4,3.5,3,61
9027,Tanmay Rathod,10,93,5.8,3.7,3,50
9028,Tanya Iyer,2,79,5.1,3.5,10,88
9029,Varun Pandey,6,67,8.3,3.5,3,84
9030,Vikas Verma,2,81,7.7,3.8,7,88
9031,Vijay Kulkarni,3,98,8,6.4,9,58
9032,Vishal Agrawal,4,93,7.9,4.2,8,93
9033,Yash Suryawanshi,7,96,8.3,5.2,6,82
9034,Yogesh Chaudhary,5,76,8.9,4.1,2,53
9035,Zoya Reddy,9,74,7.6,7.1,5,66
9036,Aarav Dubey,3,72,6,2.3,4,57
9037,Aditi Patil,7,72,5.4,1.9,9,70
9038,Aditya Deshmukh,8,97,7.4,3.9,10,50
9039,Akash Mehta,10,65,8.1,7.8,4,81
9040,Akshay Wagh,3,94,7.2,5.9,3,65
9041,Aman Yadav,8,97,6.2,5.3,9,77
9042,Amit Nair,1,94,7.9,3.7,9,75
9043,Ananya Saxena,6,85,6.8,3.1,10,77
9044,Aniket Sharma,5,95,6.1,7.7,8,82
9045,Anjali Jadhav,10,61,8.4,4,6,76
9046,Arjun Mishra,8,93,7.3,6,5,68
9047,Aryan Bhosale,10,80,6.1,6.7,2,72
9048,Ashish Tiwari,9,99,6.3,5.6,9,75
9049,Ayush Pande,5,63,7.3,2.6,10,85
9050,Bhavna Kapoor,8,98,6.7,3,10,66
9051,Chetan Pawar,1,83,5.6,1.2,7,56
9052,Deepak Khan,6,64,7.4,7.8,9,54
9053,Deepika Kale,1,80,7.8,6.8,2,50
9054,Dhruv Gaikwad,8,61,5,3.8,5,73
9055,Divya Desai,10,63,7.1,7.2,2,81
9056,Gaurav Dhumal,7,81,7.3,2.1,7,57
9057,Isha Malik,9,93,6.3,1.3,2,70
9058,Karan Ingale,3,64,6.4,1.9,4,60
9059,Kavya Singh,10,70,6.3,7.2,5,90
9060,Kiran Shinde,6,76,6.8,2.1,3,90
9061,Kunal Naik,7,82,8.2,1.5,2,94
9062,Manish Kadam,8,60,6.9,2.3,10,88
9063,Meera Lokhande,7,86,9,3.9,4,88
9064,Mohit Roy,4,80,6.5,4.5,10,71
9065,Neha Borkar,7,99,7.8,2.7,5,70
9066,Nikhil Gupta,7,72,7.2,6.6,2,56
9067,Nisha Chavan,9,80,8,7.7,2,82
9068,Pallavi Thakur,5,63,8.6,3,8,57
9069,Pankaj Gawande,6,97,7,7.5,2,58
9070,Pooja Salve,6,94,7,6.7,10,92
9071,Prakash Das,2,74,8.8,7.2,4,40
9072,Priya Mane,1,78,8.7,1.4,7,46
9073,Rahul Joshi,1,95,9,6.8,5,83
9074,Raj More,7,72,5.6,5.1,2,78
9075,Rakesh Raut,5,69,5,1.3,8,83
9076,Riya Sawant,9,69,6.7,6.3,2,66
9077,Rohan Rathod,8,89,7.9,2.7,9,40
9078,Rohit Iyer,2,68,5.3,6.6,6,56
9079,Sachin Pandey,2,63,6.5,5.4,4,88
9080,Sakshi Verma,4,66,7.3,4.4,10,77
9081,Sameer Kulkarni,10,100,5.9,1.2,3,89
9082,Sana Agrawal,1,95,7.9,7.2,4,40
9083,Sanjay Suryawanshi,2,99,5.9,2,7,57
9084,Sanya Chaudhary,1,71,8.4,6.8,5,78
9085,Shivam Reddy,5,78,6.4,5.8,6,40
9086,Shraddha Dubey,10,80,7.4,1.5,9,65
9087,Shreya Patil,7,81,7.2,4.8,10,89
9088,Sneha Deshmukh,5,61,6.2,7.7,9,49
9089,Sonali Mehta,2,84,6.8,7.5,2,43
9090,Sonal Wagh,4,61,8.4,2,10,75
9091,Sourabh Yadav,6,71,7.2,2.2,5,53
9092,Tanmay Nair,3,71,5.2,2.1,9,50
9093,Tanya Saxena,8,87,7.9,6.3,4,70
9094,Varun Sharma,10,96,5.7,2.1,7,73
9095,Vikas Jadhav,3,88,6.9,1.5,10,85
9096,Vijay Mishra,3,77,6.9,3.7,10,45
9097,Vishal Bhosale,2,81,6.9,7.8,7,83
9098,Yash Tiwari,8,81,5.1,3.2,7,77
9099,Yogesh Pande,5,66,6.1,6.1,2,78
9100,Zoya Kapoor,3,99,5.2,2,7,53
9101,Aarav Pawar,3,97,6.7,5.3,5,86
9102,Aditi Khan,1,69,7.5,5.1,2,46
9103,Aditya Kale,5,64,7.6,7.3,10,78
9104,Akash Gaikwad,7,66,5.3,6,6,47
9105,Akshay Desai,3,85,5.5,1.8,8,75
9106,Aman Dhumal,1,61,7.6,3.8,2,65
9107,Amit Malik,5,64,7.1,1,4,49
9108,Ananya Ingale,7,86,8.3,2.7,10,50
9109,Aniket Singh,4,65,5.8,7.8,10,64
9110,Anjali Shinde,3,62,5.5,4.2,2,60
9111,Arjun Naik,2,60,6.4,7.1,10,65
9112,Aryan Kadam,8,88,7.5,1.2,4,64
9113,Ashish Lokhande,9,74,6.9,7.2,3,41
9114,Ayush Roy,8,71,5.4,7.2,10,64
9115,Bhavna Borkar,6,86,5.3,5.6,6,62
9116,Chetan Gupta,8,66,7.7,1.8,9,61
9117,Deepak Chavan,4,81,6.2,7.1,3,52
9118,Deepika Thakur,1,79,7.7,7.3,8,50
9119,Dhruv Gawande,4,87,6.2,2.4,5,45
9120,Divya Salve,8,85,6.3,7.6,8,74
9121,Gaurav Das,7,87,5.8,7.2,7,70
9122,Isha Mane,10,68,8.9,2.4,2,85
9123,Karan Joshi,10,65,5.1,3.8,9,53
9124,Kavya More,3,81,5.5,3.4,4,62
9125,Kiran Raut,1,62,8.3,4.5,5,50
9126,Kunal Sawant,3,78,5.6,7.2,9,92
9127,Manish Rathod,9,85,6.1,7.1,9,84
9128,Meera Iyer,9,93,6.1,2.2,10,48
9129,Mohit Pandey,1,86,7.8,4.9,6,85
9130,Neha Verma,2,100,6.6,4.7,5,91
9131,Nikhil Kulkarni,6,82,8.4,4.2,9,77
9132,Nisha Agrawal,7,78,8,6,4,95
9133,Pallavi Suryawanshi,10,70,7.1,5.5,7,50
9134,Pankaj Chaudhary,8,87,6,2.9,4,56
9135,Pooja Reddy,3,93,8.2,3.4,3,75
9136,Prakash Dubey,1,73,8.5,7.2,6,70
9137,Priya Patil,7,63,8.3,3.3,9,79
9138,Rahul Deshmukh,6,60,5.2,4.1,4,94
9139,Raj Mehta,10,85,7.8,7.8,8,53
9140,Rakesh Wagh,6,87,7.8,7,2,88
9141,Riya Yadav,6,64,8.8,5.9,8,47
9142,Rohan Nair,4,60,6.1,3.1,5,65
9143,Rohit Saxena,1,86,8.1,5.4,2,64
9144,Sachin Sharma,9,76,7.8,5.5,6,85
9145,Sakshi Jadhav,9,77,8.5,3.9,4,63
9146,Sameer Mishra,2,70,7.8,1.3,7,86
9147,Sana Bhosale,8,89,8.4,3.6,2,48
9148,Sanjay Tiwari,4,90,6.4,4.6,5,95
9149,Sanya Pande,5,62,5.6,7.7,4,50
9150,Shivam Kapoor,9,63,6.5,6.1,4,73
9151,Shraddha Pawar,9,82,8.3,1.8,2,67
9152,Shreya Khan,2,84,5.5,3.1,4,45
9153,Sneha Kale,4,65,7.6,4.7,2,69
9154,Sonali Gaikwad,9,66,9,4.2,7,88
9155,Sonal Desai,10,87,8.6,1,6,70
9156,Sourabh Dhumal,1,78,7.7,7.5,4,79
9157,Tanmay Malik,9,64,8.2,7.3,7,94
9158,Tanya Ingale,5,84,5.5,7.5,10,56
9159,Varun Singh,6,63,7,4,6,42
9160,Vikas Shinde,1,69,7.1,6.8,4,78
9161,Vijay Naik,7,89,8.1,6,5,84
9162,Vishal Kadam,7,69,6.1,4.6,9,47
9163,Yash Lokhande,7,62,5.4,1.5,2,59
9164,Yogesh Roy,8,99,7.8,2.2,4,60
9165,Zoya Borkar,10,69,7,2.7,6,82
9166,Aarav Gupta,9,81,8.4,7.3,7,89
9167,Aditi Chavan,8,93,6.9,5.7,7,81
9168,Aditya Thakur,10,100,8.4,7.9,8,56
9169,Akash Gawande,7,93,7,5,10,74
9170,Akshay Salve,7,73,8.1,1.6,3,55
9171,Aman Das,6,95,7.9,4.3,6,75
9172,Amit Mane,8,60,6.1,1.8,5,94
9173,Ananya Joshi,1,73,6.2,7.3,2,77
9174,Aniket More,6,68,8.6,2.9,3,83
9175,Anjali Raut,5,81,5.9,2.4,7,81
9176,Arjun Sawant,10,96,7.8,4.6,6,66
9177,Aryan Rathod,1,91,5.6,6.6,4,47
9178,Ashish Iyer,7,100,8,4.6,10,94
9179,Ayush Pandey,2,65,5.9,1.3,4,60
9180,Bhavna Verma,9,90,7.4,6.2,7,89
9181,Chetan Kulkarni,9,89,7.3,1.2,10,87
9182,Deepak Agrawal,3,78,5.8,5.2,8,78
9183,Deepika Suryawanshi,9,63,7,5.3,8,70
9184,Dhruv Chaudhary,5,64,8.5,2.5,4,55
9185,Divya Reddy,10,97,7.7,4.1,10,47
9186,Gaurav Dubey,8,72,9,1,6,88
9187,Isha Patil,1,86,8.1,3,4,93
9188,Karan Deshmukh,3,98,7.6,5.3,8,77
9189,Kavya Mehta,5,80,7.3,3,6,95
9190,Kiran Wagh,3,68,8.7,1.3,3,52
9191,Kunal Yadav,2,79,7.1,5.7,2,68
9192,Manish Nair,10,69,6.6,6.2,3,49
9193,Meera Saxena,9,67,8.3,7,3,69
9194,Mohit Sharma,5,93,8.8,7.1,4,89
9195,Neha Jadhav,3,74,6.9,4.5,5,56
9196,Nikhil Mishra,2,88,5.5,3.9,4,63
9197,Nisha Bhosale,10,89,7.4,5.1,10,68
9198,Pallavi Tiwari,4,82,8,6.5,10,65
9199,Pankaj Pande,1,82,6.5,4.3,10,94
9200,Pooja Kapoor,4,67,8,8,3,63
9201,Prakash Pawar,5,81,7.1,5.5,6,54
9202,Priya Khan,7,90,6.2,3.2,2,58
9203,Rahul Kale,4,68,7.5,6.6,8,57
9204,Raj Gaikwad,10,69,6.6,2.1,3,57
9205,Rakesh Desai,7,88,8.1,7.6,4,90
9206,Riya Dhumal,10,100,5,3.4,3,68
9207,Rohan Malik,4,76,8.3,5.8,6,61
9208,Rohit Ingale,7,93,6.2,5.4,5,47
9209,Sachin Singh,4,67,8.8,1.7,6,94
9210,Sakshi Shinde,7,83,8,6.1,3,48
9211,Sameer Naik,8,98,6,3.2,6,59
9212,Sana Kadam,4,78,8.9,3.7,2,79
9213,Sanjay Lokhande,10,80,7,1.7,2,40
9214,Sanya Roy,9,66,7.1,6.7,3,57
9215,Shivam Borkar,9,81,8.6,7,4,93
9216,Shraddha Gupta,3,84,8.7,1.9,9,41
9217,Shreya Chavan,8,100,7.8,6.7,4,53
9218,Sneha Thakur,2,68,8.9,7.3,6,44
9219,Sonali Gawande,2,75,6.3,1.7,8,78
9220,Sonal Salve,10,86,5.9,8,8,40
9221,Sourabh Das,2,98,5.1,1,7,42
9222,Tanmay Mane,9,69,6.4,6.9,3,66
9223,Tanya Joshi,5,88,7.4,4.9,7,81
9224,Varun More,4,96,6.2,7.7,4,90
9225,Vikas Raut,1,85,7.3,3.4,7,52
9226,Vijay Sawant,7,77,5.2,3.5,10,72
9227,Vishal Rathod,8,69,6.4,6.9,2,84
9228,Yash Iyer,5,71,8,6,2,80
9229,Yogesh Pandey,9,62,5.4,5.2,4,94
9230,Zoya Verma,4,66,7.9,5.5,5,44
9231,Aarav Kulkarni,6,77,8.1,5.8,6,42
9232,Aditi Agrawal,3,65,7.3,1.3,4,78
9233,Aditya Suryawanshi,6,60,8.5,1.8,10,60
9234,Akash Chaudhary,2,88,8.8,2.3,2,81
9235,Akshay Reddy,5,62,5.1,2.2,6,80
9236,Aman Dubey,6,65,7.7,6.9,6,64
9237,Amit Patil,6,84,5.9,3.8,8,95
9238,Ananya Deshmukh,5,97,6.6,4.4,6,89
9239,Aniket Mehta,7,89,7.5,1.6,3,60
9240,Anjali Wagh,6,61,7.8,7.1,4,40
9241,Arjun Yadav,3,66,8.4,1.1,3,95
9242,Aryan Nair,3,90,7.8,1.6,6,94
9243,Ashish Saxena,7,90,8.1,6.7,10,90
9244,Ayush Sharma,10,76,7.4,1.9,5,43
9245,Bhavna Jadhav,8,98,5.5,6.6,5,80
9246,Chetan Mishra,7,96,5.1,3.5,6,93
9247,Deepak Bhosale,10,90,7.1,6.4,3,61
9248,Deepika Tiwari,9,90,7.9,1.4,9,82
9249,Dhruv Pande,6,92,5.4,3.4,7,70
9250,Divya Kapoor,2,66,6.7,4.4,8,65
9251,Gaurav Pawar,7,88,6,5.4,5,80
9252,Isha Khan,7,98,7.3,6.9,4,72
9253,Karan Kale,3,69,6.6,2.7,6,78
9254,Kavya Gaikwad,9,60,5.8,5.6,4,52
9255,Kiran Desai,9,74,5,2.1,2,56
9256,Kunal Dhumal,4,71,6.3,6.6,8,75
9257,Manish Malik,5,98,7.1,7.5,9,71
9258,Meera Ingale,2,78,8.7,1.3,4,61
9259,Mohit Singh,2,87,5.9,1.6,7,86
9260,Neha Shinde,3,100,7,6.5,10,59
9261,Nikhil Naik,4,92,7.3,7.2,8,66
9262,Nisha Kadam,3,90,7.6,5.5,9,57
9263,Pallavi Lokhande,2,99,6.3,4.2,10,71
9264,Pankaj Roy,5,88,5.4,6.4,4,71
9265,Pooja Borkar,7,69,8.7,3.1,2,58
9266,Prakash Gupta,4,89,8.8,7.9,9,83
9267,Priya Chavan,6,73,6.8,6.9,9,48
9268,Rahul Thakur,3,73,7.3,7.2,3,83
9269,Raj Gawande,8,86,5.1,7,10,43
9270,Rakesh Salve,7,72,5.2,7.5,2,54
9271,Riya Das,10,60,5.3,1.5,5,62
9272,Rohan Mane,1,100,8,7.4,10,63
9273,Rohit Joshi,9,83,5.9,2.7,5,75
9274,Sachin More,4,87,5.7,3.5,8,92
9275,Sakshi Raut,1,93,5,3.6,2,82
9276,Sameer Sawant,7,86,5.1,2.6,6,70
9277,Sana Rathod,2,85,6.6,4.1,9,44
9278,Sanjay Iyer,2,92,7.2,4.5,9,95
9279,Sanya Pandey,10,72,7.3,2,5,57
9280,Shivam Verma,3,93,6.8,3.5,2,74
9281,Shraddha Kulkarni,6,89,6.8,3.4,6,85
9282,Shreya Agrawal,3,67,8,5.7,8,79
9283,Sneha Suryawanshi,2,65,6.2,5.1,6,46
9284,Sonali Chaudhary,1,96,6,6,10,54
9285,Sonal Reddy,1,96,8.4,6.5,4,95
9286,Sourabh Dubey,5,100,7.8,5.7,9,83
9287,Tanmay Patil,5,64,6.9,2.7,8,75
9288,Tanya Deshmukh,1,96,6.1,4.5,5,64
9289,Varun Mehta,4,95,5.5,4.3,2,92
9290,Vikas Wagh,3,91,5.1,1.5,5,80
9291,Vijay Yadav,6,80,8.4,7.3,8,80
9292,Vishal Nair,10,80,7.4,1.6,10,91
9293,Yash Saxena,7,77,5.2,7.8,6,93
9294,Yogesh Sharma,10,61,5.6,1.2,4,88
9295,Zoya Jadhav,2,80,6.1,6.1,8,77
9296,Aarav Mishra,3,69,6.1,3,10,52
9297,Aditi Bhosale,8,68,7.2,7.3,3,55
9298,Aditya Tiwari,4,62,6.6,6.8,4,48
9299,Akash Pande,9,78,8.5,1.2,9,84
9300,Akshay Kapoor,5,61,7.9,1.2,3,58
9301,Aman Pawar,3,94,8.6,5.2,10,52
9302,Amit Khan,9,96,8.5,2,4,80
9303,Ananya Kale,6,92,8.7,1.1,6,71
9304,Aniket Gaikwad,9,72,8.9,7.8,6,53
9305,Anjali Desai,5,66,6.2,5.4,5,60
9306,Arjun Dhumal,2,80,5.8,1.1,3,66
9307,Aryan Malik,7,87,5.7,4.4,2,84
9308,Ashish Ingale,2,60,7.5,2.1,5,40
9309,Ayush Singh,7,95,7.7,6.6,4,82
9310,Bhavna Shinde,5,77,5.4,1.2,10,44
9311,Chetan Naik,8,93,8.3,3.6,7,88
9312,Deepak Kadam,9,63,8.1,2.7,2,46
9313,Deepika Lokhande,5,77,7.5,7.9,8,53
9314,Dhruv Roy,9,78,6.7,1.5,7,60
9315,Divya Borkar,2,61,5.6,6,3,95
9316,Gaurav Gupta,2,89,7,4.3,5,62
9317,Isha Chavan,10,98,5.6,6.7,8,85
9318,Karan Thakur,6,82,7.4,2.5,7,54
9319,Kavya Gawande,5,76,6.2,7,7,61
9320,Kiran Salve,2,86,6,7.7,6,68
9321,Kunal Das,3,74,6.8,2.5,8,47
9322,Manish Mane,7,74,7.3,2.7,9,41
9323,Meera Joshi,9,91,6.5,7.7,3,59
9324,Mohit More,10,84,8.9,4,5,84
9325,Neha Raut,5,70,5,6.8,9,45
9326,Nikhil Sawant,5,76,8.7,6.9,6,85
9327,Nisha Rathod,2,94,5,3.2,3,74
9328,Pallavi Iyer,1,81,5.9,2.3,3,55
9329,Pankaj Pandey,5,63,9,3.6,8,46
9330,Pooja Verma,6,95,7.9,5.1,6,70
9331,Prakash Kulkarni,2,90,7.6,4.5,9,64
9332,Priya Agrawal,5,70,7.9,6.2,3,46
9333,Rahul Suryawanshi,7,99,6.6,4.8,7,77
9334,Raj Chaudhary,9,99,8.1,6.6,7,86
9335,Rakesh Reddy,10,100,5.6,1.7,6,65
9336,Riya Dubey,4,75,8.2,4.1,5,65
9337,Rohan Patil,4,97,8.8,1.1,4,89
9338,Rohit Deshmukh,9,93,8.4,1.8,9,61
9339,Sachin Mehta,7,95,8,3.3,4,53
9340,Sakshi Wagh,3,82,7.6,7.3,5,87
9341,Sameer Yadav,7,71,7.1,3.7,9,69
9342,Sana Nair,2,69,6.6,2.9,7,92
9343,Sanjay Saxena,5,99,8.5,5.7,2,91
9344,Sanya Sharma,4,80,7.6,5.9,2,85
9345,Shivam Jadhav,10,98,6.7,4.4,6,59
9346,Shraddha Mishra,1,82,8.1,3,8,80
9347,Shreya Bhosale,9,81,5.2,3.1,6,66
9348,Sneha Tiwari,3,63,8.3,2.3,10,82
9349,Sonali Pande,1,76,8.2,3.5,9,92
9350,Sonal Kapoor,7,82,5.9,2.2,6,81
9351,Sourabh Pawar,7,64,5.2,5.5,4,67
9352,Tanmay Khan,2,66,7.9,7.3,2,95
9353,Tanya Kale,1,84,5.8,2.8,2,88
9354,Varun Gaikwad,2,70,9,2.7,7,53
9355,Vikas Desai,5,88,5,7.3,5,92
9356,Vijay Dhumal,2,78,5.9,5,3,66
9357,Vishal Malik,8,76,5.2,6.1,2,54
9358,Yash Ingale,1,64,8.1,7.2,6,56
9359,Yogesh Singh,8,76,7.3,5.7,7,84
9360,Zoya Shinde,9,82,8.4,6.2,2,61
9361,Aarav Naik,8,83,8.9,3.7,5,76
9362,Aditi Kadam,10,71,7.4,7.6,5,64
9363,Aditya Lokhande,10,61,5.9,5.9,2,95
9364,Akash Roy,1,98,5.4,1.5,9,47
9365,Akshay Borkar,4,99,8.5,5.2,4,72
9366,Aman Gupta,8,97,6,1.7,3,59
9367,Amit Chavan,4,71,8.6,4.7,3,84
9368,Ananya Thakur,8,84,8.5,1.6,6,92
9369,Aniket Gawande,8,65,7.5,5.4,8,59
9370,Anjali Salve,10,97,7.4,4.2,4,90
9371,Arjun Das,4,60,8.8,4.9,8,73
9372,Aryan Mane,4,79,8,5.5,4,43
9373,Ashish Joshi,1,95,7.7,2.8,3,83
9374,Ayush More,3,89,6.7,3.2,7,70
9375,Bhavna Raut,3,95,6.9,4.4,8,94
9376,Chetan Sawant,5,80,6.6,5,8,65
9377,Deepak Rathod,5,63,8.8,7.5,7,54
9378,Deepika Iyer,9,60,7.6,3.5,9,49
9379,Dhruv Pandey,8,66,8.1,5.1,9,44
9380,Divya Verma,8,62,5.1,7.5,4,79
9381,Gaurav Kulkarni,1,78,8.4,6,7,94
9382,Isha Agrawal,5,62,6.7,3.3,2,76
9383,Karan Suryawanshi,8,67,7.9,3.9,2,73
9384,Kavya Chaudhary,3,77,5.2,7.2,5,41
9385,Kiran Reddy,5,90,8.6,4.1,8,40
9386,Kunal Dubey,8,87,7.6,2.8,7,67
9387,Manish Patil,8,62,6.8,4.7,3,69
9388,Meera Deshmukh,9,97,6.2,2.3,8,63
9389,Mohit Mehta,5,82,6.2,5.1,7,92
9390,Neha Wagh,4,74,6.2,7.9,8,58
9391,Nikhil Yadav,4,75,5.5,7.8,7,95
9392,Nisha Nair,7,94,6.9,5.3,9,54
9393,Pallavi Saxena,5,79,6.8,7.2,5,58
9394,Pankaj Sharma,5,70,6.6,6.7,2,56
9395,Pooja Jadhav,2,77,7.8,7.7,7,83
9396,Prakash Mishra,5,62,6.7,7.1,10,58
9397,Priya Bhosale,3,66,5.4,7.3,2,65
9398,Rahul Tiwari,6,72,8.4,2.6,10,46
9399,Raj Pande,9,69,6.7,2.1,8,62
9400,Rakesh Kapoor,8,74,7.6,1.3,2,51
9401,Riya Pawar,5,62,8.7,5.6,6,82
9402,Rohan Khan,10,85,8.1,7.5,4,85
9403,Rohit Kale,10,64,7.2,8,7,55
9404,Sachin Gaikwad,5,68,7.2,7,8,95
9405,Sakshi Desai,8,100,8.4,6.8,5,63
9406,Sameer Dhumal,4,60,8.3,4.6,6,86
9407,Sana Malik,9,71,5.7,4.2,2,53
9408,Sanjay Ingale,4,80,7.5,5.5,2,88
9409,Sanya Singh,3,72,8.5,1.2,8,47
9410,Shivam Shinde,2,73,8.2,6.6,5,60
9411,Shraddha Naik,9,65,5.5,5.6,9,61
9412,Shreya Kadam,3,77,6.7,2.2,7,50
9413,Sneha Lokhande,9,90,7.1,5.4,5,93
9414,Sonali Roy,1,84,6,5.2,9,56
9415,Sonal Borkar,6,97,7.7,6.5,2,63
9416,Sourabh Gupta,5,88,6.9,6.9,9,40
9417,Tanmay Chavan,5,92,6.2,2.8,2,78
9418,Tanya Thakur,2,77,6.3,6.7,10,50
9419,Varun Gawande,1,85,8.4,2.3,7,55
9420,Vikas Salve,4,83,8.5,3.8,6,91
9421,Vijay Das,5,93,8.2,4.4,7,88
9422,Vishal Mane,8,80,8.7,6.6,9,46
9423,Yash Joshi,5,76,8.8,7.3,4,74
9424,Yogesh More,3,62,7,1.1,2,81
9425,Zoya Raut,3,95,5.4,6.2,10,93
9426,Aarav Sawant,7,77,8.2,7.1,6,53
9427,Aditi Rathod,5,92,7.5,7.7,4,58
9428,Aditya Iyer,10,87,6.5,2.9,10,53
9429,Akash Pandey,5,60,8.9,2.2,2,70
9430,Akshay Verma,6,86,6.4,4.5,9,73
9431,Aman Kulkarni,1,79,8.6,7.3,2,50
9432,Amit Agrawal,2,69,7.4,3.2,7,41
9433,Ananya Suryawanshi,9,70,5.1,4.5,2,47
9434,Aniket Chaudhary,4,86,8.4,8,3,51
9435,Anjali Reddy,5,63,8,4.2,4,72
9436,Arjun Dubey,6,84,7.6,5.4,3,51
9437,Aryan Patil,1,94,7.5,8,2,84
9438,Ashish Deshmukh,6,63,5.9,3.6,8,75
9439,Ayush Mehta,4,60,5.9,2.9,8,51
9440,Bhavna Wagh,2,62,5.1,3,4,95
9441,Chetan Yadav,5,89,5.6,5.3,8,79
9442,Deepak Nair,5,94,6.3,2.1,4,88
9443,Deepika Saxena,2,100,7.2,2.2,3,77
9444,Dhruv Sharma,6,61,5.5,2.8,9,76
9445,Divya Jadhav,8,79,7.2,4.8,6,67
9446,Gaurav Mishra,3,61,6.1,6.9,2,76
9447,Isha Bhosale,10,75,6,4.7,8,82
9448,Karan Tiwari,7,72,8.8,6.5,5,95
9449,Kavya Pande,8,84,9,7.7,2,73
9450,Kiran Kapoor,1,97,8.2,6.2,4,82
9451,Kunal Pawar,8,92,5.2,5.5,4,93
9452,Manish Khan,4,62,7.9,1.1,2,74
9453,Meera Kale,8,69,5.7,4.1,8,82
9454,Mohit Gaikwad,9,71,7.3,2.9,3,50
9455,Neha Desai,3,70,8.6,4.6,3,89
9456,Nikhil Dhumal,3,74,6.5,7.7,3,94
9457,Nisha Malik,1,84,8.7,3.2,8,60
9458,Pallavi Ingale,7,90,7.8,2.1,6,89
9459,Pankaj Singh,8,98,6.2,6.8,9,85
9460,Pooja Shinde,5,88,5.4,7.9,5,53
9461,Prakash Naik,2,72,8.3,6.5,8,95
9462,Priya Kadam,4,67,6.8,2,6,72
9463,Rahul Lokhande,5,75,5.3,4.9,7,49
9464,Raj Roy,10,92,5.4,3.8,9,46
9465,Rakesh Borkar,2,100,8.9,5.4,7,68
9466,Riya Gupta,4,76,6,5.7,6,69
9467,Rohan Chavan,7,67,8.9,6.6,9,88
9468,Rohit Thakur,3,60,7.7,2.7,7,68
9469,Sachin Gawande,9,63,6.2,7.8,10,62
9470,Sakshi Salve,10,86,6.5,2.5,7,57
9471,Sameer Das,4,84,8.1,1.9,8,68
9472,Sana Mane,8,86,6.7,6.8,6,54
9473,Sanjay Joshi,8,60,5.3,4.2,9,81
9474,Sanya More,7,77,5.9,4.4,4,47
9475,Shivam Raut,2,67,8.4,3.2,6,86
9476,Shraddha Sawant,1,73,7.8,1.3,10,52
9477,Shreya Rathod,4,85,7,2.4,3,51
9478,Sneha Iyer,2,71,6,6.3,5,94
9479,Sonali Pandey,3,87,6.9,2.6,2,61
9480,Sonal Verma,7,71,8.2,7.9,7,78
9481,Sourabh Kulkarni,6,80,5.3,6.5,5,62
9482,Tanmay Agrawal,3,78,9,6.9,7,94
9483,Tanya Suryawanshi,1,75,8.4,7.1,4,48
9484,Varun Chaudhary,3,65,6.3,6,9,66
9485,Vikas Reddy,5,83,8.5,4.3,10,45
9486,Vijay Dubey,8,100,7.7,7.4,6,71
9487,Vishal Patil,4,86,7.7,4,7,81
9488,Yash Deshmukh,3,90,5.6,1.7,6,66
9489,Yogesh Mehta,6,92,8.6,5.2,4,87
9490,Zoya Wagh,1,61,6.8,1.7,6,83
9491,Aarav Yadav,3,92,8.2,5.6,6,93
9492,Aditi Nair,1,69,6.2,8,9,95
9493,Aditya Saxena,6,87,6.2,5.7,8,93
9494,Akash Sharma,5,100,8.9,2.5,4,64
9495,Akshay Jadhav,6,96,7,2,7,95
9496,Aman Mishra,7,76,5.2,3.5,10,77
9497,Amit Bhosale,4,94,8.3,2,5,44
9498,Ananya Tiwari,9,85,5.9,5,9,44
9499,Aniket Pande,10,65,8.5,6.5,6,62
9500,Anjali Kapoor,2,69,8.7,5.6,3,71
9501,Arjun Pawar,10,99,5.3,5.3,3,44
9502,Aryan Khan,2,97,7.3,4,4,72
9503,Ashish Kale,3,96,8.9,2.2,7,77
9504,Ayush Gaikwad,6,75,8.7,5.5,10,78
9505,Bhavna Desai,1,73,7.1,3.9,5,94
9506,Chetan Dhumal,4,93,7.7,3.1,4,60
9507,Deepak Malik,2,60,7.4,5.6,7,42
9508,Deepika Ingale,5,96,5.8,3.6,4,93
9509,Dhruv Singh,9,84,7.6,2.2,5,69
9510,Divya Shinde,10,85,6.3,4.4,3,75
9511,Gaurav Naik,3,77,6.4,3,4,69
9512,Isha Kadam,6,100,6.7,6.1,2,67
9513,Karan Lokhande,5,90,8.4,1.3,7,49
9514,Kavya Roy,5,62,6,7,6,71
9515,Kiran Borkar,7,81,6,4.2,3,86
9516,Kunal Gupta,10,95,5,1.1,8,46
9517,Manish Chavan,5,63,5.6,1.9,3,62
9518,Meera Thakur,1,90,8.9,7.6,7,92
9519,Mohit Gawande,10,70,6.7,4.8,3,63
9520,Neha Salve,10,80,5.8,6.4,2,49
9521,Nikhil Das,4,96,8.9,7.2,3,93
9522,Nisha Mane,6,80,5.1,3.2,6,47
9523,Pallavi Joshi,9,61,6.9,4.8,3,53
9524,Pankaj More,6,60,8.2,5.6,4,66
9525,Pooja Raut,5,90,8.1,6.9,6,61
9526,Prakash Sawant,10,98,5.8,3.9,7,63
9527,Priya Rathod,9,71,7.8,7.7,9,83
9528,Rahul Iyer,6,98,7.5,5.2,5,71
9529,Raj Pandey,2,78,7.7,7.1,2,66
9530,Rakesh Verma,5,62,6.1,1.6,10,79
9531,Riya Kulkarni,7,81,8.2,4.2,8,73
9532,Rohan Agrawal,3,99,7.2,2.3,9,75
9533,Rohit Suryawanshi,6,70,7.9,7.4,10,66
9534,Sachin Chaudhary,7,99,8.8,2.6,8,71
9535,Sakshi Reddy,1,86,8.4,6,10,55
9536,Sameer Dubey,6,76,8.1,1.4,6,63
9537,Sana Patil,8,88,6.2,2.4,7,49
9538,Sanjay Deshmukh,3,76,5.2,3.2,7,44
9539,Sanya Mehta,6,63,7.3,6.5,6,87
9540,Shivam Wagh,8,95,5.1,2.8,5,85
9541,Shraddha Yadav,1,75,7.9,6.7,4,55
9542,Shreya Nair,7,83,7.9,6.5,9,65
9543,Sneha Saxena,3,90,7.3,7.9,4,95
9544,Sonali Sharma,4,63,5.7,5.7,10,69
9545,Sonal Jadhav,7,89,8.5,5.5,8,40
9546,Sourabh Mishra,1,74,7.4,5.2,10,72
9547,Tanmay Bhosale,1,82,7.1,1.8,7,89
9548,Tanya Tiwari,5,78,7.3,4.6,7,52
9549,Varun Pande,10,91,5.3,7,5,93
9550,Vikas Kapoor,1,67,8,1.1,8,82
9551,Vijay Pawar,8,64,5.2,1.9,7,43
9552,Vishal Khan,1,76,7.3,5.2,5,95
9553,Yash Kale,5,64,5.7,6.9,2,75
9554,Yogesh Gaikwad,5,69,5.8,3.2,2,52
9555,Zoya Desai,5,86,5.9,7.1,4,83
9556,Aarav Dhumal,1,93,5.1,3.4,8,85
9557,Aditi Malik,8,88,8.6,4.3,10,74
9558,Aditya Ingale,3,73,8.2,7.7,10,93
9559,Akash Singh,8,93,5.1,3.9,6,89
9560,Akshay Shinde,7,76,5.2,5.2,9,57
9561,Aman Naik,6,67,8.1,7.5,2,47
9562,Amit Kadam,4,91,5,2.9,9,85
9563,Ananya Lokhande,7,81,6.9,1.6,10,93
9564,Aniket Roy,10,75,5.4,7.7,5,56
9565,Anjali Borkar,10,87,7.4,4.9,2,70
9566,Arjun Gupta,10,89,9,7.8,8,68
9567,Aryan Chavan,3,69,5.7,7.1,2,59
9568,Ashish Thakur,6,64,8.8,5.2,7,70
9569,Ayush Gawande,4,81,8.5,4.3,4,69
9570,Bhavna Salve,10,62,8.9,4.4,6,95
9571,Chetan Das,10,86,8.1,2.2,10,59
9572,Deepak Mane,9,78,8.4,4.2,3,48
9573,Deepika Joshi,2,68,7.4,6.8,2,65
9574,Dhruv More,4,84,8.5,7.9,7,47
9575,Divya Raut,8,75,5.4,7.7,8,48
9576,Gaurav Sawant,8,75,8,7.7,4,75
9577,Isha Rathod,4,68,7.5,1.1,3,87
9578,Karan Iyer,2,87,5.2,4.6,8,46
9579,Kavya Pandey,2,97,6.2,2.4,8,61
9580,Kiran Verma,7,85,5.9,5.3,10,50
9581,Kunal Kulkarni,5,69,6.6,7.6,9,66
9582,Manish Agrawal,5,94,5.8,7.1,8,73
9583,Meera Suryawanshi,9,64,6.1,7.1,2,90
9584,Mohit Chaudhary,1,71,6.2,3.6,4,90
9585,Neha Reddy,8,61,7.4,4.5,7,90
9586,Nikhil Dubey,3,94,5.5,3,6,63
9587,Nisha Patil,10,61,6,4.9,2,84
9588,Pallavi Deshmukh,10,82,6.3,3.1,7,56
9589,Pankaj Mehta,6,67,6.8,6.7,8,41
9590,Pooja Wagh,4,68,5.2,4.3,8,92
9591,Prakash Yadav,3,84,9,5.9,10,90
9592,Priya Nair,2,92,6.2,7.1,3,50
9593,Rahul Saxena,10,60,6.1,3.1,10,50
9594,Raj Sharma,2,66,7.2,5.4,6,90
9595,Rakesh Jadhav,5,71,8.4,6.9,4,64
9596,Riya Mishra,5,98,6.8,7.7,9,84
9597,Rohan Bhosale,7,62,6,2.1,2,90
9598,Rohit Tiwari,9,67,7.3,5.8,2,70
9599,Sachin Pande,6,76,6.9,4,8,45
9600,Sakshi Kapoor,8,73,6.7,3,8,73
9601,Sameer Pawar,6,61,8.9,2.1,2,47
9602,Sana Khan,5,82,9,5.1,9,78
9603,Sanjay Kale,2,84,7.2,3.3,9,72
9604,Sanya Gaikwad,3,67,5.3,5.7,9,64
9605,Shivam Desai,5,88,7.3,3,5,66
9606,Shraddha Dhumal,1,62,8.8,1,10,93
9607,Shreya Malik,4,89,8.7,6.4,3,61
9608,Sneha Ingale,5,70,5.9,2.1,9,87
9609,Sonali Singh,5,69,5.8,2.8,9,85
9610,Sonal Shinde,9,68,5.6,2.6,6,95
9611,Sourabh Naik,10,95,8.3,3.4,5,90
9612,Tanmay Kadam,8,80,7,4.4,6,74
9613,Tanya Lokhande,1,88,6.4,6.7,2,95
9614,Varun Roy,5,68,6.3,5.6,2,79
9615,Vikas Borkar,8,62,6.1,2,5,46
9616,Vijay Gupta,6,61,8.5,2.3,2,45
9617,Vishal Chavan,5,78,6.6,6.9,7,77
9618,Yash Thakur,5,73,6,2.7,7,69
9619,Yogesh Gawande,5,91,7.8,2.5,9,88
9620,Zoya Salve,6,92,7.5,1,4,70
9621,Aarav Das,2,72,7.9,6.4,9,53
9622,Aditi Mane,6,77,8.3,6.2,4,87
9623,Aditya Joshi,3,75,5.4,3.4,6,66
9624,Akash More,7,87,5,1.1,9,93
9625,Akshay Raut,9,85,5.2,6.5,5,40
9626,Aman Sawant,6,86,7.8,1.7,3,41
9627,Amit Rathod,4,62,8.7,4.2,9,47
9628,Ananya Iyer,10,73,6.3,6.9,4,93
9629,Aniket Pandey,7,99,8.1,2.7,3,47
9630,Anjali Verma,5,74,7.9,3.7,8,79
9631,Arjun Kulkarni,1,67,8.9,5.6,6,79
9632,Aryan Agrawal,1,68,6.9,5.7,2,89
9633,Ashish Suryawanshi,3,61,5.7,4.2,10,74
9634,Ayush Chaudhary,3,92,8.1,4,6,41
9635,Bhavna Reddy,8,60,8.3,3.9,4,42
9636,Chetan Dubey,6,84,7.8,4.4,2,40
9637,Deepak Patil,10,76,8.5,3.4,8,73
9638,Deepika Deshmukh,6,63,6.5,2.8,8,64
9639,Dhruv Mehta,10,96,7.8,3.2,8,43
9640,Divya Wagh,6,90,6.1,4.3,7,41
9641,Gaurav Yadav,4,93,6.8,3.7,9,51
9642,Isha Nair,8,98,6,5.1,7,66
9643,Karan Saxena,5,97,5.6,5.4,4,90
9644,Kavya Sharma,3,88,5.1,8,3,86
9645,Kiran Jadhav,5,81,7.7,5.3,5,65
9646,Kunal Mishra,7,88,8.5,6.1,8,56
9647,Manish Bhosale,4,78,6.3,1.7,2,83
9648,Meera Tiwari,8,67,6.7,6.3,4,92
9649,Mohit Pande,10,75,5,4.6,5,57
9650,Neha Kapoor,5,79,6.7,7.1,7,67
9651,Nikhil Pawar,3,61,6.1,7.8,3,46
9652,Nisha Khan,5,94,7.3,2.6,2,47
9653,Pallavi Kale,9,97,8.6,7.5,10,89
9654,Pankaj Gaikwad,2,77,7,5.7,2,52
9655,Pooja Desai,10,80,7.7,6.2,2,49
9656,Prakash Dhumal,5,94,7.8,4.3,3,57
9657,Priya Malik,9,78,5.6,3.5,5,59
9658,Rahul Ingale,8,88,6.4,6.6,3,51
9659,Raj Singh,8,81,5.5,1.2,9,79
9660,Rakesh Shinde,10,71,6.8,4.8,3,72
9661,Riya Naik,2,92,8.5,1.5,3,73
9662,Rohan Kadam,6,67,6.9,2.8,3,95
9663,Rohit Lokhande,1,69,6.8,6.1,7,91
9664,Sachin Roy,3,88,5.8,6.3,9,55
9665,Sakshi Borkar,1,89,6.2,7.2,3,95
9666,Sameer Gupta,7,99,8.7,6,6,77
9667,Sana Chavan,7,89,6.2,5.7,5,48
9668,Sanjay Thakur,8,61,7.9,7.6,7,57
9669,Sanya Gawande,2,94,5.2,4.8,7,52
9670,Shivam Salve,4,76,5.5,5.6,4,84
9671,Shraddha Das,7,60,6.2,7.1,7,75
9672,Shreya Mane,9,83,8.6,6.3,2,83
9673,Sneha Joshi,9,66,5.9,6.4,6,48
9674,Sonali More,1,77,7.9,4.8,10,68
9675,Sonal Raut,5,79,5.7,4.7,10,70
9676,Sourabh Sawant,1,63,7.5,5.5,2,78
9677,Tanmay Rathod,9,94,7.3,5.9,2,60
9678,Tanya Iyer,2,80,7.5,4.8,9,43
9679,Varun Pandey,9,99,6.1,2.3,3,89
9680,Vikas Verma,2,79,5.6,2.7,7,63
9681,Vijay Kulkarni,1,84,8.5,4.5,6,91
9682,Vishal Agrawal,9,93,7.3,2.4,5,63
9683,Yash Suryawanshi,5,68,5.8,4,4,54
9684,Yogesh Chaudhary,5,97,6.7,2,8,65
9685,Zoya Reddy,7,67,5.3,2,4,45
9686,Aarav Dubey,3,100,6.9,6.9,8,71
9687,Aditi Patil,7,86,6.7,4.8,4,95
9688,Aditya Deshmukh,5,81,5.5,6.5,9,54
9689,Akash Mehta,3,68,6.8,1.1,8,48
9690,Akshay Wagh,4,83,7.6,3,6,47
9691,Aman Yadav,1,82,8.7,1.1,2,49
9692,Amit Nair,4,100,7.8,1,3,61
9693,Ananya Saxena,6,94,7,1.2,7,54
9694,Aniket Sharma,2,79,8.1,4.7,7,79
9695,Anjali Jadhav,2,75,6.1,1.6,2,59
9696,Arjun Mishra,7,75,7.7,6.6,2,60
9697,Aryan Bhosale,5,75,5,4.6,7,48
9698,Ashish Tiwari,2,60,5.3,2.7,5,72
9699,Ayush Pande,8,61,7.5,6.9,6,58
9700,Bhavna Kapoor,8,90,5.8,4.6,7,79
9701,Chetan Pawar,1,70,7.8,3.5,9,41
9702,Deepak Khan,3,76,7.5,5,4,75
9703,Deepika Kale,4,88,5.3,5.7,8,84
9704,Dhruv Gaikwad,8,84,6.6,4.9,9,79
9705,Divya Desai,1,74,7.5,7.5,10,54
9706,Gaurav Dhumal,9,90,7.9,3.5,10,79
9707,Isha Malik,4,66,8.3,3.9,2,85
9708,Karan Ingale,2,79,6.3,7,2,69
9709,Kavya Singh,9,64,8.3,5.5,9,76
9710,Kiran Shinde,1,81,6.4,7.8,3,85
9711,Kunal Naik,2,63,5,6.5,4,66
9712,Manish Kadam,10,98,7.4,4.6,6,48
9713,Meera Lokhande,6,87,6,5.4,7,94
9714,Mohit Roy,5,70,5.5,3.8,2,58
9715,Neha Borkar,7,85,6,1.9,7,61
9716,Nikhil Gupta,7,74,8.3,3.8,2,74
9717,Nisha Chavan,7,81,8.7,3,5,49
9718,Pallavi Thakur,1,66,8.8,5.7,10,59
9719,Pankaj Gawande,6,80,6.2,5.7,3,72
9720,Pooja Salve,3,64,6.8,7.6,2,81
9721,Prakash Das,9,66,8.2,1.6,6,47
9722,Priya Mane,6,83,6.3,4.3,4,86
9723,Rahul Joshi,2,80,6.5,3.8,4,55
9724,Raj More,9,72,5.9,4.7,5,91
9725,Rakesh Raut,3,62,7.3,1.8,3,90
9726,Riya Sawant,3,77,7.6,4.4,2,79
9727,Rohan Rathod,10,97,6.3,5.6,10,89
9728,Rohit Iyer,8,89,5.1,3.2,9,48
9729,Sachin Pandey,9,62,7.9,5.6,5,66
9730,Sakshi Verma,7,98,7.5,2.9,9,47
9731,Sameer Kulkarni,10,77,5.9,3.6,10,66
9732,Sana Agrawal,2,83,6.3,7.4,5,72
9733,Sanjay Suryawanshi,6,60,8.8,1.2,3,71
9734,Sanya Chaudhary,3,72,7.5,2.9,3,44
9735,Shivam Reddy,4,92,7.4,7.6,10,44
9736,Shraddha Dubey,3,73,7.6,2,10,95
9737,Shreya Patil,3,66,8.8,3.8,8,54
9738,Sneha Deshmukh,5,63,6.4,4.2,8,67
9739,Sonali Mehta,10,97,6.1,5.6,4,72
9740,Sonal Wagh,7,93,6.5,5.3,6,48
9741,Sourabh Yadav,4,61,8.2,5.4,5,57
9742,Tanmay Nair,5,97,5.5,7.6,5,73
9743,Tanya Saxena,6,93,5.8,3.7,8,51
9744,Varun Sharma,3,74,5.9,4.4,6,84
9745,Vikas Jadhav,6,86,7.5,7.7,5,76
9746,Vijay Mishra,7,70,7.6,1.9,4,95
9747,Vishal Bhosale,3,70,6.5,7.6,7,71
9748,Yash Tiwari,6,89,6.1,7.6,6,84
9749,Yogesh Pande,8,68,8,7.7,2,58
9750,Zoya Kapoor,6,74,5.1,1.5,8,78
9751,Aarav Pawar,3,74,8,5,5,92
9752,Aditi Khan,6,66,5.8,6.9,5,86
9753,Aditya Kale,8,93,8.6,3.2,10,83
9754,Akash Gaikwad,3,87,6.7,5.1,8,65
9755,Akshay Desai,6,95,7.6,2.8,2,73
9756,Aman Dhumal,7,81,5.5,1.9,8,73
9757,Amit Malik,4,67,6,7,4,51
9758,Ananya Ingale,4,71,7.8,7.9,8,54
9759,Aniket Singh,9,74,7.2,1.5,5,76
9760,Anjali Shinde,4,98,8.1,1.8,7,75
9761,Arjun Naik,6,69,7.3,5.1,8,78
9762,Aryan Kadam,2,88,7.3,1.6,3,73
9763,Ashish Lokhande,10,65,8.4,5.4,3,72
9764,Ayush Roy,6,99,6.7,6,8,69
9765,Bhavna Borkar,8,86,8.6,3.9,2,75
9766,Chetan Gupta,7,77,6.5,6.3,9,60
9767,Deepak Chavan,4,74,6.3,1.8,5,49
9768,Deepika Thakur,4,74,8.1,3.1,2,77
9769,Dhruv Gawande,8,69,5,6.7,8,58
9770,Divya Salve,9,84,5.7,1.6,10,82
9771,Gaurav Das,2,95,5.3,3,2,89
9772,Isha Mane,9,69,7,5.3,10,61
9773,Karan Joshi,9,90,7.5,2.7,5,47
9774,Kavya More,2,83,5,4.4,8,40
9775,Kiran Raut,2,91,5.6,6.9,4,73
9776,Kunal Sawant,7,91,6.2,2.9,2,89
9777,Manish Rathod,9,61,6.2,4.1,10,90
9778,Meera Iyer,4,60,5.4,1.1,7,90
9779,Mohit Pandey,7,97,5.7,6,4,40
9780,Neha Verma,10,66,8.4,3.5,5,43
9781,Nikhil Kulkarni,4,83,7.8,7,8,94
9782,Nisha Agrawal,3,90,6.2,1.6,4,77
9783,Pallavi Suryawanshi,10,80,6.1,6.5,8,89
9784,Pankaj Chaudhary,3,60,5.3,6.7,2,94
9785,Pooja Reddy,5,60,6.4,6.4,10,80
9786,Prakash Dubey,5,87,6.6,6.1,8,62
9787,Priya Patil,6,96,8.6,2.7,5,79
9788,Rahul Deshmukh,3,74,8,3.9,7,75
9789,Raj Mehta,7,82,6.9,3.7,3,88
9790,Rakesh Wagh,7,98,5.5,2.7,6,88
9791,Riya Yadav,3,93,7.6,4.4,5,49
9792,Rohan Nair,5,82,8.7,5.9,5,89
9793,Rohit Saxena,1,86,5.3,4.4,9,79
9794,Sachin Sharma,3,99,8.4,7.8,5,81
9795,Sakshi Jadhav,10,92,5.7,6,2,59
9796,Sameer Mishra,6,77,7.8,4.1,6,67
9797,Sana Bhosale,7,88,5.7,3.8,2,89
9798,Sanjay Tiwari,9,73,7.4,5.1,6,47
9799,Sanya Pande,8,97,6,4,8,69
9800,Shivam Kapoor,8,63,7.2,2.6,2,94
9801,Shraddha Pawar,8,69,7.4,4.6,2,82
9802,Shreya Khan,5,74,7.5,5.7,5,48
9803,Sneha Kale,7,68,7.7,3.5,6,49
9804,Sonali Gaikwad,3,84,5.3,3,2,68
9805,Sonal Desai,9,89,7.8,2.5,4,53
9806,Sourabh Dhumal,2,96,5.6,3.5,8,89
9807,Tanmay Malik,9,80,7.7,2.7,7,86
9808,Tanya Ingale,9,85,5.5,6.3,6,93
9809,Varun Singh,2,84,6.9,5.5,2,62
9810,Vikas Shinde,8,60,6.5,3,9,55
9811,Vijay Naik,10,89,8.9,7.9,7,69
9812,Vishal Kadam,6,60,7.5,5.5,5,46
9813,Yash Lokhande,4,82,5.4,2,7,80
9814,Yogesh Roy,9,100,7.8,6.8,3,88
9815,Zoya Borkar,6,92,5.8,6.3,8,49
9816,Aarav Gupta,2,80,6.1,4.5,4,51
9817,Aditi Chavan,3,73,6.5,2.6,2,56
9818,Aditya Thakur,7,94,8.1,6.7,4,84
9819,Akash Gawande,5,95,8.8,1.9,5,58
9820,Akshay Salve,3,75,8.7,3.9,5,80
9821,Aman Das,8,64,5.7,6.7,4,91
9822,Amit Mane,2,83,5.2,6.6,9,64
9823,Ananya Joshi,3,85,8.3,5.4,4,47
9824,Aniket More,5,98,6.2,1.1,3,91
9825,Anjali Raut,1,96,7.3,3.3,4,60
9826,Arjun Sawant,4,69,8.9,7,5,73
9827,Aryan Rathod,10,70,5.7,6,2,93
9828,Ashish Iyer,10,100,6.5,6.7,2,90
9829,Ayush Pandey,9,73,8.5,1.4,3,86
9830,Bhavna Verma,4,78,7.6,7.6,5,59
9831,Chetan Kulkarni,1,72,8.8,2.6,10,77
9832,Deepak Agrawal,9,76,7.5,3.3,7,58
9833,Deepika Suryawanshi,4,83,6.2,6.9,2,70
9834,Dhruv Chaudhary,8,71,8.2,3.8,2,58
9835,Divya Reddy,2,76,8,5.5,2,86
9836,Gaurav Dubey,7,74,8.7,4.9,2,82
9837,Isha Patil,6,64,6.9,7.1,6,92
9838,Karan Deshmukh,10,92,7,2.1,8,54
9839,Kavya Mehta,2,96,6.3,1.7,5,91
9840,Kiran Wagh,5,80,6.1,5.4,5,53
9841,Kunal Yadav,10,68,9,6.9,7,75
9842,Manish Nair,4,86,8.9,7.5,5,49
9843,Meera Saxena,7,81,7.1,3.8,9,80
9844,Mohit Sharma,2,82,8.8,6.1,8,83
9845,Neha Jadhav,8,84,6.4,3.7,10,83
9846,Nikhil Mishra,3,89,8.4,3.2,2,55
9847,Nisha Bhosale,6,61,7.5,1.2,5,85
9848,Pallavi Tiwari,9,64,7.9,2.8,9,48
9849,Pankaj Pande,7,63,7.9,2.2,8,81
9850,Pooja Kapoor,5,66,7.5,2.9,8,66
9851,Prakash Pawar,2,99,8.4,3,6,50
9852,Priya Khan,4,89,6.6,7,5,94
9853,Rahul Kale,9,87,8.4,2.4,8,82
9854,Raj Gaikwad,3,88,5.7,6.7,6,48
9855,Rakesh Desai,7,61,5.8,7,5,61
9856,Riya Dhumal,5,68,7.9,4.2,5,81
9857,Rohan Malik,4,92,8,6.1,3,51
9858,Rohit Ingale,8,78,8.6,3.2,9,66
9859,Sachin Singh,4,80,6.1,1.1,9,45
9860,Sakshi Shinde,3,90,5.2,6,2,41
9861,Sameer Naik,6,63,7,5.2,5,53
9862,Sana Kadam,8,92,8.5,4.2,8,79
9863,Sanjay Lokhande,9,87,8.9,7.3,3,68
9864,Sanya Roy,7,76,8.4,6.1,4,57
9865,Shivam Borkar,7,80,7,4,10,53
9866,Shraddha Gupta,8,63,8.5,1.4,9,85
9867,Shreya Chavan,3,68,5.9,7.1,9,77
9868,Sneha Thakur,3,70,8.7,7.9,10,88
9869,Sonali Gawande,5,95,7.3,5.4,8,94
9870,Sonal Salve,7,64,6.6,6.4,4,75
9871,Sourabh Das,7,71,7.3,4.5,10,42
9872,Tanmay Mane,2,65,8.1,2.7,6,92
9873,Tanya Joshi,8,71,6,7.4,6,47
9874,Varun More,4,60,5.4,5.8,6,79
9875,Vikas Raut,9,71,7.9,4.8,6,53
9876,Vijay Sawant,8,89,8.8,5.8,6,82
9877,Vishal Rathod,10,91,7.5,4.6,8,85
9878,Yash Iyer,7,75,5.6,1.4,3,84
9879,Yogesh Pandey,6,88,7.6,5.6,5,55
9880,Zoya Verma,2,85,5.5,1,7,75
9881,Aarav Kulkarni,4,97,6.2,2.5,7,50
9882,Aditi Agrawal,9,92,5.1,2.1,8,89
9883,Aditya Suryawanshi,4,69,7,3.4,5,48
9884,Akash Chaudhary,1,84,6.3,7.4,10,87
9885,Akshay Reddy,3,92,5.4,1.6,2,48
9886,Aman Dubey,6,72,6.2,3.5,8,56
9887,Amit Patil,7,83,7.6,6.3,3,80
9888,Ananya Deshmukh,10,76,6.2,7,7,93
9889,Aniket Mehta,10,72,5.6,6.2,2,79
9890,Anjali Wagh,6,68,7.2,7.8,4,59
9891,Arjun Yadav,6,61,8,5.9,5,57
9892,Aryan Nair,9,90,8.3,6.2,2,75
9893,Ashish Saxena,1,93,6.9,4,4,65
9894,Ayush Sharma,6,86,7.8,3.1,7,51
9895,Bhavna Jadhav,5,69,8.3,4.2,3,75
9896,Chetan Mishra,8,60,7.7,6.4,7,64
9897,Deepak Bhosale,9,85,7.1,5.6,6,94
9898,Deepika Tiwari,7,68,5.2,6.4,9,41
9899,Dhruv Pande,7,82,6.2,5.4,7,81
9900,Divya Kapoor,7,99,6.3,6.1,6,84
9901,Gaurav Pawar,6,60,6.6,2.1,9,84
9902,Isha Khan,3,83,8.8,3.3,3,79
9903,Karan Kale,3,100,5.8,4.9,7,94
9904,Kavya Gaikwad,8,73,7.2,1.1,4,57
9905,Kiran Desai,7,93,9,7.4,6,61
9906,Kunal Dhumal,3,93,7.5,2.7,6,92
9907,Manish Malik,9,79,5.8,1.6,7,43
9908,Meera Ingale,10,72,8.8,5.6,4,86
9909,Mohit Singh,7,87,6.3,2.4,7,81
9910,Neha Shinde,3,85,5.2,4.9,3,72
9911,Nikhil Naik,10,79,6.7,2.7,3,46
9912,Nisha Kadam,3,67,6,2.2,2,74
9913,Pallavi Lokhande,5,90,8.3,6.1,6,64
9914,Pankaj Roy,9,68,5.9,3.7,5,44
9915,Pooja Borkar,6,65,8.3,5,9,81
9916,Prakash Gupta,3,62,5.1,2.5,5,85
9917,Priya Chavan,1,78,8.7,4.9,7,71
9918,Rahul Thakur,4,64,5.2,3.9,10,49
9919,Raj Gawande,7,73,8.8,1.4,7,60
9920,Rakesh Salve,8,69,5.3,6.1,9,70
9921,Riya Das,3,78,8.5,4.9,6,68
9922,Rohan Mane,2,91,8.3,7.5,3,73
9923,Rohit Joshi,8,78,7.4,6.7,6,53
9924,Sachin More,2,82,5.1,5,8,84
9925,Sakshi Raut,1,65,7.5,1.3,3,44
9926,Sameer Sawant,5,64,7.5,6.3,6,95
9927,Sana Rathod,6,100,7.2,4.8,6,63
9928,Sanjay Iyer,3,85,7.5,6.8,10,86
9929,Sanya Pandey,3,60,8.9,5,10,43
9930,Shivam Verma,3,83,9,1,7,77
9931,Shraddha Kulkarni,4,60,7.1,6.7,3,94
9932,Shreya Agrawal,1,63,5.4,6.6,3,93
9933,Sneha Suryawanshi,1,75,5.5,1.7,7,65
9934,Sonali Chaudhary,4,86,7.9,5.8,3,60
9935,Sonal Reddy,1,85,8.9,4.7,8,89
9936,Sourabh Dubey,4,92,6.7,5.1,10,75
9937,Tanmay Patil,6,67,5.4,7.2,3,93
9938,Tanya Deshmukh,1,67,6.4,2.7,10,53
9939,Varun Mehta,7,81,6.5,1.1,2,65
9940,Vikas Wagh,7,95,9,2.5,6,57
9941,Vijay Yadav,6,89,7.7,7.4,5,63
9942,Vishal Nair,7,87,5.5,2.5,7,88
9943,Yash Saxena,9,63,6.3,5.7,6,90
9944,Yogesh Sharma,1,95,5.2,6.5,6,73
9945,Zoya Jadhav,2,100,7.6,6.7,3,41
9946,Aarav Mishra,4,83,7.7,1.1,8,64
9947,Aditi Bhosale,7,73,5.2,1.1,10,67
9948,Aditya Tiwari,9,87,6.3,7.9,6,79
9949,Akash Pande,10,86,8.6,4.7,9,55
9950,Akshay Kapoor,6,98,8.3,1.4,3,72
9951,Aman Pawar,5,64,7.3,1.2,8,82
9952,Amit Khan,5,81,6.9,6.7,4,71
9953,Ananya Kale,1,89,9,7.3,8,86
9954,Aniket Gaikwad,5,74,7.9,4.7,7,54
9955,Anjali Desai,6,94,8.8,3.6,2,74
9956,Arjun Dhumal,3,62,5.3,5.9,5,65
9957,Aryan Malik,8,64,5.8,1.2,5,62
9958,Ashish Ingale,9,92,5.1,7.3,9,63
9959,Ayush Singh,4,65,8.5,2.8,2,71
9960,Bhavna Shinde,10,77,7.8,2.3,10,68
9961,Chetan Naik,2,71,5.7,3.2,2,72
9962,Deepak Kadam,10,88,8.9,1.4,4,93
9963,Deepika Lokhande,8,60,8.8,3.7,3,75
9964,Dhruv Roy,3,74,5.9,6,10,70
9965,Divya Borkar,7,100,7.6,4.5,7,91
9966,Gaurav Gupta,4,75,7.7,5.7,8,53
9967,Isha Chavan,8,84,5,2.5,8,53
9968,Karan Thakur,2,100,7.8,3.8,7,46
9969,Kavya Gawande,3,84,5.9,4.6,4,51
9970,Kiran Salve,4,90,8.6,5,3,44
9971,Kunal Das,2,99,8.4,2.3,5,50
9972,Manish Mane,4,85,8.6,6.7,5,76
9973,Meera Joshi,7,94,8,1.6,5,79
9974,Mohit More,7,80,5.7,1.7,10,76
9975,Neha Raut,6,93,6.4,2.7,3,90
9976,Nikhil Sawant,2,86,7.8,5.6,7,88
9977,Nisha Rathod,3,73,6.3,1.5,3,58
9978,Pallavi Iyer,10,82,7.8,1.1,7,50
9979,Pankaj Pandey,3,73,6.3,4.3,8,63
9980,Pooja Verma,2,76,5.7,3.4,2,91
9981,Prakash Kulkarni,5,71,7.1,2.1,6,94
9982,Priya Agrawal,1,80,7.7,5.6,4,51
9983,Rahul Suryawanshi,4,74,7.1,5.5,6,48
9984,Raj Chaudhary,9,85,7.6,1.9,6,81
9985,Rakesh Reddy,3,75,6.8,2.6,6,89
9986,Riya Dubey,8,80,8.1,3.6,7,93
9987,Rohan Patil,5,65,7.6,7.9,3,93
9988,Rohit Deshmukh,4,75,7.3,6.4,9,55
9989,Sachin Mehta,7,74,6.7,3.4,9,84
9990,Sakshi Wagh,6,99,7.1,7.8,6,77
9991,Sameer Yadav,4,78,5.2,4.2,10,58
9992,Sana Nair,3,60,7.7,3.7,4,40
9993,Sanjay Saxena,10,72,5.8,7.6,3,76
9994,Sanya Sharma,2,89,8.4,6.2,4,60
9995,Shivam Jadhav,10,66,8.2,4.8,9,56
9996,Shraddha Mishra,5,66,7.1,5.2,3,40
9997,Shreya Bhosale,10,75,8.4,7.8,4,46
9998,Sneha Tiwari,4,74,7.7,2.1,3,50
9999,Sonali Pande,6,79,5.6,3.4,5,46
10000,Sonal Kapoor,7,61,8,3.9,4,93
10001,Sourabh Pawar,4,89,9,7.9,9,40
